titre,entreprise,ville,contrat,date_publication,categorie,description,lien
Responsable Atelier Mécanique,ACFI,Zone industrielle Diamniadio,CDD,2026-04-23,N/A,"Entreprise : ACFILieu : Zone industrielle DiamniadioÀ propos de ACFIACFI est une entreprise spécialisée dans la conception, fabrication et installation d’équipements industriels, notamment dans les secteurs des engrais, du convoyage et des procédés mécaniques.Nous développons des solutions adaptées aux réalités du terrain, avec une forte orientation production, robustesse et efficacité opérationnelle.Poste : Responsable AtelierACFI recrute un Responsable Atelier chargé de piloter la fabrication mécanique et d’assurer le respect des délais, qualité et productivité.Missions principales :Organisation et supervision de l’atelier (soudure, assemblage, fabrication)Planification de la production selon les projetsGestion des équipes (soudeurs, monteurs, techniciens)Contrôle qualité des fabricationsAppui à la conception (CAO)Lecture et validation des plansSuivi des délais et optimisation des ressourcesGestion des besoins en matériel et consommablesProfil recherché :Technicien confirmé ou Ingénieur en mécaniqueExpérience solide en fabrication métallique / mécaniqueMaîtrise de la lecture de plans (obligatoire)Compétences obligatoires en CAO (SolidWorks, Inventor ou équivalent)Bonne connaissance des procédés de fabrication (soudure, découpe, assemblage)Expérience en gestion d’équipe atelierExpérience en fabrication de machines agricoles (un atout)Qualités attendues :Leadership terrainRigueur et sens de l’organisationRéactivité et capacité à gérer la pressionEsprit pratique et orienté résultatsConditions :Type de contrat : (à définir)Rémunération : selon profilCandidature :EnvoyerCVà :contact@acfi.sn",https://www.emploidakar.com/offre-demploi/acfi-diamniadio-senegal-cdd-cdi-responsable-atelier-mecanique/
Lancement de la 6e Cohorte de Formation Humanitaire,Institut EHI,"Dakar, Sénégal",N/A,2026-04-23,N/A,"L’Institut EHI,la première école humanitaire en Afrique, lance en partenariat avec l’ONGMon Afrique a des rêves de France sa6 ème cohortede formation dans le secteur humanitaire.Nous sommes membres de la Plateforme des 85 ONG européennes au Sénégal (PFONGUE).Pourquoi se former avec nous ?Travailler dans les ONG est un secteur très recherché. Une formation qualifiante augmente considérablement vos chances d’intégrer ce milieu compétitif. Nos étudiants acquièrent une expérience concrète en se formant aux côtés de professionnels reconnus et deviennent des experts et consultants internationaux pour des programmes humanitaires.Nos formations couvrent des domaines essentiels tels que :Coordination de programmes humanitairesConsultant indépendant analyse de données pour les grandes ONGs internationalesSpécialiste et consultant international enFundraisinget Financement participatif (Crowdfunding)Spécialiste et consultant international de la logistique humanitaireMEAL et consultant international (Suivi, Pilotage et Évaluation) de projets de développement durableExpert-consultant international de programme humanitaireUn Secteur en Pleine CroissanceL’Afrique manque cruellement de formations certifiantes en humanitaire. Notre institut propose des certifications d’écoles, en partenariat avec des associations Loi 1901 en France, spécialisées dans les défis globaux :Crises nutritionnelles et climatiquesAccès à l’eau, santé et développement durableLutte contre la pauvreté et l’émigration clandestineQHSE (Qualité, Hygiène, Sécurité, Environnement) et innovation solidaireDébouchés ProfessionnelsNos formations vous préparent aux métiers de l’humanitaire et vous accompagnent pour postuler auprès d’organisations de renom :ONU, UNICEF, Save the Children, Action Contre la Faim, UNESCO, etc.Plateformes internationales spécialisées, commewww.emploihumanitaire.orgNos Atouts ClésInterventions de professionnels et experts internationaux.Aide à la rédaction de CV et préparation aux entretiens d’embauche.Accompagnement vers des stages au sein de grandes ONGComment postuler ?Remplissez le formulaire sur notre plateformewww.emploihumanitaire.orget notre service RH vous contactera sous 48h maximum pour un entretien.Formez-vous dès maintenant et construisez une carrière engagée avec les ONG !www.emploihumanitaire.org",https://www.emploidakar.com/offre-demploi/institut-ehi-dakar-senegal-prestation-de-services-lancement-de-la-5e-cohorte-de-formation-humanitaire/
Clinical Trial Coordinator (Consultancy),Medical Research Council The Gambia,"Dakar, Senegal (with travel to Northern Senegal and The Gambia)",CDD,2026-04-23,N/A,"We’re Hiring: Clinical Trial Coordinator (Consultancy).The Medical Research Council Unit The Gambia at the London School of Hygiene & Tropical Medicine is seeking an experienced Clinical Trial Coordinator to support a Phase 1/2a Rift Valley Fever (RVF) vaccine trial in collaboration with the Coalition for Epidemic Preparedness Innovations and Institut Pasteur Dakar.Location :Dakar, Senegal (with travel to Northern Senegal and The Gambia)Duration :18 months (with potential extension)About the RoleYou will coordinate clinical trial activities across multiple sites, ensuring high-quality study conduct and effective stakeholder engagement.Key ResponsibilitiesCoordinate clinical trial operations across sitesEnsure compliance with ICH-GCP standardsLiaise with MRCG, IPD, and investigator teamsMonitor timelines, risks, and study performanceLead reporting, documentation, and communicationsRequirementsMedical degree with clinical trial experienceStrong project and stakeholder management skillsFluency in French & English (mandatory)Experience in resource-constrained settingsKnowledge of clinical trial operations and GCPTerms of Reference (ToR)Access the full ToR hereHow to ApplySend your application (Technical Proposal, Financial Proposal, CV, and references) to:tender@mrc.gmCopy:bintou.sumareh@lshtm.ac.ukandadrameh.gaye@lshtm.ac.ukDeadline :26 April 2026 (23:59 GMT)",https://www.emploidakar.com/offre-demploi/medical-research-council-the-gambia-dakar-senegal-with-travel-to-northern-senegal-and-the-gambia-cdd-clinical-trial-coordinator-consultancy/
Agent Administratif,Nations Unies,"Dakar, Sénégal",CDD,2026-04-23,N/A,"This position is located in the Office of the Chief of Mission Support (CMS) within the United Nations Office for West Africa and the Sahel (UNOWAS), duty station Dakar, Senegal. As the principal advisor and direct support to the Chief of Mission Support, the Administrative Officer also serves as Head of the Supply and Facilities Management Unit for both UNOWAS and the Cameroon-Nigeria Mixed Commission (CNMC). In this dual capacity, the Administrative Officer plays a central role in ensuring the effective management of mission support operations, supply chain, and facilities services across all locations.The Administrative Officer contributes to the implementation of the mission mandate by providing professional, logistical and administrative support required for the fulfilment of the mandate. The incumbent’s responsibilities extend to UNOWAS and CNMC field offices operating across three countries, requiring close coordination with diverse mission components and external stakeholders. This includes regular engagement with government officials, UN agencies, funds and programmes in mission areas, as well as collaboration with colleagues at UN Headquarters.RequirementsAdvanced university degree (Master’s degree or equivalent) in business or public administration, management, finance, economics, accounting, law or related area. A first-level university degree in combination with qualifying experience may be accepted in lieu of the advanced university degree.A minimum of seven years of progressively responsible experience in administration, budget, finance, accounting, human resources management, or related field is required. Experience working within the UN system is desirable. Knowledge of IPSAS and UMOJA is desirable.English and French are the working languages of the United Nations Secretariat. For this job opening, English and French are required. The table below shows the minimum required level for each skill in these languages, according to the UN Language Framework.Deadline : 22 May 2026",https://www.emploidakar.com/offre-demploi/nations-unies-dakar-senegal-cdd-agent-administratif/
Administrateur Ressources Humaines DESK,ALIMA,"Dakar, Sénégal",CDI,2026-04-23,N/A,"Mission principaleAssurer la fiabilité et la fluidité du parcours administratif et opérationnel des expatriés du Desk, en garantissant la qualité des données RH, le respect des échéances clés et une expérience claire et sécurisée pour les collaborateurs, dans un environnement multiculturel exigeant.Activités principalesGestion et sécurisation contractuelle administrativeConstituer le dossier du personnel expatrié et vérifier leur complétude dès la validation du recrutement en centralisant une liste de documents préétablie; communiquer aux salarié.e.s les informations nécessaires à la création du contrat et à  la souscription  à l’assurance santéÉlaborer les contrats de travail, les avenants en conformité avec les éléments validés (postes, conditions, dates) et les faire signer dans les 72 heures avant la date de début du contrat ou avant la fin du contrat en cours, les documents de rupture de contrat à l’amiable etc.  et les faire signer avant la date de rupture de contratAssurer la signature des documents contractuels dans les délais requis (avant prise de fonction ou échéance contractuelle)Contrôler la cohérence et la fiabilité des informations contractuelles et administrativesAssurer une révision fiable des fiches de salaire en fin d’année dands le respect des délais et procédures en collaboration avec sa/son Référent.e RH.Assurer le suivi des preuves de vie (s’assurer que chaque expatrié a transmis sa preuve de vie au début de sa mission)Procéder aux formalités liées à la souscription d’assurance santé pour chaque personnel International terrain dès la signature de son contrat et s’assurer que l’expatrié a reçu d’ALLIANZ toutes les informations nécessaires liées à sa prise en charge santé (carte d’assurance etc.)Identifier toute incohérence ou anomalie dans le processus de déploiement de l’expatrié et alerter le/le Référent(e) RH dans les meilleurs délaisOrganiser et coordonner les briefings et débriefings des expatriés (au siège ou à distance)Tenir informé les Coordinateurs finances/RH, les Chefs de Mission, les Coordinateurs logistiques les assistants RH sur le terrain de l’arrivée des nouveaux expatriésOrganisation et suivi des déploiements et mouvementsOrganiser les départs en mission (visa, transport, hébergement, documents de mission) dans le respect des délaisAssurer le suivi des mouvements du personnel (prise de poste, renouvellement, fin de mission)Préparer et transmettre les  documents nécessaires aux déplacements et à la prise de fonctionPréparer et faire valider les engagements de dépenses liés aux frais financiers engendrés par les départs en mission  des expatriés et à leur fin de missionAnticiper les échéances de déploiement et alerter le/la Référent (e) RH en cas de risque de retard ou de blocageAssurer la mise à jour des outils de suivi des mouvements du personnelCoordonner avec les acteurs concernés (terrain, logistique, desk) pour garantir la fluidité des déploiementsCoordination des fins de missions et SDTCAssurer la préparation des fins de mission en coordination avec les acteurs concernés (terrain, desk, paie) dès qu’elle a l’information du non renouvellement de contrat d’un expatriéVérifier la disponibilité de l’ensemble des éléments nécessaires à l’établissement du solde de tout compteÉtablir et transmettre les documents de fin de contrat dans les délais requisS’assurer de la complétude et de la fiabilité des informations transmises à la paieSuivre le traitement et le paiement des soldes de tout compte en lien avec la paieIdentifier les retards, incohérences ou blocages dans le traitement des SDTC des expatriés et alerter le /la  Référent(e) RHAssurer la désactivation  ALLIANZ de l’expatrié un mois après sa fin de missionFiabilisation des données RH, gestion de l’interface avec le service paie et production des reportings pour le suivi de l’activité.Collecter, centraliser, et vérifier les données RH nécessaires à la paie (contrats, mouvements, etc.)Contrôler la complétude, la cohérence et la fiabilité des informations avant leur transmissionIdentifier les écarts ou incohérences et effectuer les relances nécessaires auprès des interlocuteurs concernés (terrain, desk)Assurer une transmission des données dans les délais compatibles avec le calendrier de paieCoordonner avec la gestionnaire de paie pour sécuriser la prise en compte des éléments transmisSuivre les dossiers jusqu’à leur traitement effectif et gérer les corrections si nécessaireAlerter le / la Référent(e) RH en cas de dysfonctionnement ou de risque impactant la paieAccompagnement et information des expatrié.e.sFournir aux expatrié.e.s une information claire, cohérente et fiable à chaque étape de leur parcours (départ, mission, fin de mission)Répondre aux demandes ou orienter efficacement vers les interlocuteurs appropriésS’assurer que les informations transmises sont comprises et adaptées à un environnement multiculturelAnticiper les besoins d’information et limiter les zones d’incertitude pour les expatriésVeiller à ne laisser aucune demande sans réponse, même en cas de dépendance à d’autres servicesContribuer à une expérience fluide et sécurisante pour les expatriésProfil et expérience souhaitésDiplôme Bac à Bac +3 en Gestion, Administration, Finances, RH, ou formation jugée équivalente.Minimum 2 années d’expérience dans un environnement opérationnel exigeant .Expérience en gestion de mobilité internationale, coordination RH ou logistique de personnelExpérience dans un environnement à forte contrainte de délais et de volumeCompétences techniquesBonne maîtrise des outils informatiques (G-Suite e).Bonne compréhension des processus RH (contrats, mobilité, fins de missions)Capacité à gérer et fiabiliser des données RH complexesConnaissance des enjeux de paie et interactions avec un service paieConnaissance du droit du travail français est un atout​Compétences comportementaleRigueur : capacité à traiter des données avec précision et fiabilitéSens du service : attention portée à la qualité de l’expérience des expatriésAssertivité : capacité à relancer, coordonner et faire avancer les dossiers sans autorité hiérarchiqueOrganisation et gestion des priorités dans un environnement à forte chargeCapacité à évoluer dans un environnement multiculturelProactivité dans l’identification et la résolution des problèmesConnaissances en langues :La maîtrise du français et de l’anglais (lu, écrit, parlé) est indispensableConditionsDurée du contrat : Contrat à durée indéterminée de droit sénégalaisPrise de poste : Dès que possibleSalaire : 611 293 FCFAContribution frais de transport à 72 032 FCFA2,75 Jours de congés payés par Mois ;Couverture santé complémentaire, prises en charge par ALIMA pour l’employé et ses ayants droit;Participation aux frais de scolarité pour les enfants de 2 à 18 ans selon la politique extra contractuelle d’ALIMA en vigueur.",https://www.emploidakar.com/offre-demploi/alima-dakar-senegal-cdi-administrateur-trice-rh-desk/
Contrôleur Interne – Projets,Institut Pasteur de Dakar,"Dakar, Sénégal",CDD,2026-04-23,N/A,"Titre : Contrôleur Interne – ProjetsRéférence : CONTINT/DCI/IPD2026Département : Direction Contrôle Interne – ProjetsN+1 : Directeur Contrôle InterneLieu : Campus/DakarContrat : CDD 12 moisDeadline : 29 avril 2026Début souhaité : Juin 2026À propos de l’InstitutL’Institut Pasteur de Dakar (IPD) est une fondation d’utilité publique sénégalaise dédiée à la santé publique, la recherche, l’innovation et l’éducation en Afrique. Depuis sa fondation en 1896, l’institut n’a cessé de se développer pour le bénéfice des populations et est aujourd’hui spécialisée dans les 5 domaines suivants :Recherche & DéveloppementDiagnostic, vaccination, alimentation et environnementÉducation, formation et développement des talentsExpertise et orientation stratégique en santé publiqueProduction et distribution de vaccins et de dispositifs médicauxDe manière unique, l’IPD rassemble ainsi des capacités et des fonctions clés pour relever les défis de santé publique et les menaces mondiales et joue un rôle régional important dans ses partenariats avec l’OMS et la lutte contre les maladies infectieuses.A l’IPD, nous inspirons, nous éduquons et nous attirons des Femmes et des Hommes de sciences passionnés et visionnaires pour développer des solutions significatives et efficaces aux problèmes de santé publique en Afrique ! Notre Ambition est de diriger, influencer et améliorer la santé humaine, chaque jour, de manière sûre et durable.Si vous avez l’esprit Pasteurien, comme nous, Rejoignez-Nous !Activités du posteDans le cadre du renforcement du dispositif de contrôle interne et des exigences croissantes des partenaires techniques et financiers en matière de conformité et de transparence, l’IPD recrute un Contrôleur Interne dédié aux projets.Ce poste vise à sécuriser la gestion des opérations, à garantir le respect des procédures internes et contractuelles, et à renforcer la crédibilité de l’institution auprès de ses bailleurs de fonds.Mission généralePlacé sous l’autorité du Directeur du Contrôle Interne, le Contrôleur Interne Projets est chargé d’assurer la mise en œuvre et le suivi du dispositif de contrôle interne au sein des projets portés par l’IPD. Il veille à la conformité des opérations avec les procédures internes de l’institution et les exigences contractuelles des partenaires financiers.Activités principalesContrôle de la conformité et des procéduresVérifier la conformité des opérations des projets aux procédures internes de l’IPD et aux règles des bailleurs de fondsContrôler la régularité et la sincérité des pièces justificatives (dépenses, marchés, contrats)S’assurer que les autorisations et validations requises sont obtenues avant toute opérationIdentifier les écarts et non-conformités et en assurer le reportingGestion des risques et traçabilitéContribuer à l’identification, l’évaluation et la cartographie des risques liés aux projetsVeiller à la traçabilité complète des opérations financières, administratives et logistiquesProposer des mesures correctives et préventives pour réduire l’exposition aux risquesParticiper à la mise à jour du registre des risques projetsSuivi et reportingÉlaborer des rapports périodiques de contrôle interne à destination du Directeur du Contrôle InterneSuivre la mise en œuvre des recommandations formulées à l’issue des missions de contrôlePréparer les éléments de réponse aux demandes d’audit externe (auditeurs bailleurs, commissaires aux comptes)Alimenter les tableaux de bord de suivi du contrôle interne des projetsAccompagnement et renforcement des capacitésSensibiliser et former les équipes projets aux procédures internes et aux exigences des partenairesAppuyer les chefs de projets dans l’application correcte des règles de gestionDiffuser les bonnes pratiques en matière de gouvernance, de transparence et de conformitéContribuer à l’amélioration continue des outils et procédures de contrôle interneProfil recherchéFormationNiveau de qualification ou compétences requises :Avoir un Master en Comptabilité Contrôle Audit ou diplôme équivalentAvoir au moins 5 ans d’expérience dans le domaine du contrôleCompétences techniques :Maîtrise des outils bureautiques et des procédures de gestion administrativesMaîtrise des risques et procédures : Capacité à identifier, évaluer et cartographier les risques, ainsi qu’à concevoir des procédures de contrôle interneConnaissance financière et comptable approfondieAnalyse de données :Utilisation d’Excelet d’outils informatiques/logiciels métiersVeille réglementaire : Capacité à se tenir à jour sur les normes et exigences de conformitéQualités personnelles :Rigueur, sens de l’organisation et souci du détailIntégrité, discrétion et respect de la confidentialitéCapacité d’analyse, esprit critique et force de propositionCapacité à améliorer ses performances et celles du système de manière continueAptitude à travailler de manière autonome tout en s’intégrant dans une équipeBonnes aptitudes relationnelles et pédagogiques pour l’accompagnement des équipesCapacité à gérer les priorités et à travailler sous pression dans des délais serrésSens de la communication et fiabilitéAptitude à communiquer en anglaisL’institut Pasteur de Dakar est un employeur de référence qui propose des conditions de travail favorables à l’épanouissement professionnel.Si vous êtes intéressé, vous pouvez postuler en envoyant votreCVà l’adressetalents@pasteur.snet y ajoutant en objet la référence : CONTINT/DCI/IPD2026 avant le 29 avril 2026.Du fait de la quantité des candidatures, seuls les candidats shortlistés seront contactés.",https://www.emploidakar.com/offre-demploi/institut-pasteur-de-dakar-dakar-senegal-cdd-controleur-interne-projets/
Chef de Chantier Ferme Mécanique Statut : Pépinière – Cat :M5,Compagnie Sucrière Sénégalaise,"Richard-Toll, Sénégal",CDI,2026-04-23,N/A,"Missions du posteLe titulaire du poste a pour mission principale d’organiser et de superviser les opérations de mélanges d’engrais.Il aura entre autres missions de :Préparer les ordres de mission, et les bons de sorties du magasin en fonction du programme (parcelles à traiter, superficie et dose à épandre) ;Mettre en place l’équipe de manœuvres chargée du mélange des engrais ;Mettre en place la rotation des bennes engrais entre le magasin et les chantiers ;Rappeler les normes et le programme du jour ;Contrôler la bonne mise en place du chantier ;Contrôler l’uniformité d’épandage d’engrais dans les sillons, faire apporter les corrections nécessaires ;Organiser et contrôler le travail d’épandage manuel d’appoint des manœuvres (côté canal) ;Surveiller la vitesse d’avancement des tracteurs, les réglages et le travail au champ ;Contrôler la recharge en engrais des épandeurs ;Contrôler le calibrage des épandeurs (le chef d’équipe effectue le calibrage à l’arrivée au chantier, le chef de chantier fait un contrôle du calibrage à mi-journée vers 11h).Compétences techniques requises :Maîtrise Normes et bonnes pratiques agricolesMaîtrise Technique d’épandage d’engraisBases en mécanique (entretien, petites réparations).Compétences générales requises :Organisation et rigueur,Vigilance et sens de la sécurité ;Esprit d’équipe.Niveau d’étude et Expérience :Diplôme de technicien en machinisme agricole (agroéquipement)Un stage significatif en production agricole mécanisée serait un atout",https://www.emploidakar.com/offre-demploi/compagnie-sucriere-senegalaise-richard-toll-senegal-cdi-chef-de-chantier-ferme-mecanique-statut-pepiniere-cat-m5/
Responsable Développement Formation Continue,RMO Sénégal,"Dakar, Sénégal",CDD,2026-04-23,N/A,"MissionsÉlaborer et piloter le plan d’action commercial ;Définir les cibles et planifier les actions de prospection ;Promouvoir l’offre du centre, développer sa notoriété et son image ;Développer et entretenir des relations avec les entreprises, les financeurs et les prescripteurs ;Prospecter les entreprises du secteur de l’industrie agroalimentaire sur l’ensemble du territoire ;Identifier les besoins des entreprises et proposer des solutions de formation adaptées ;Élaborer les propositions commerciales et négocier les contrats ;Assurer la commercialisation des actions de formation ;Accompagner les entreprises dans la définition de leurs plans de formation et des dispositifs de financement ;Assurer une veille marché (besoins, concurrence, réglementation) et remonter les informations à la direction.CandidatureEnvoyez votre CV àrecrutement@rmo.snen indiquant en objet du mail : Responsable Développement Formation Continue",https://www.emploidakar.com/offre-demploi/rmo-senegal-dakar-senegal-cdd-responsable-developpement-formation-continue/
Acheteur Sénior,Société de Cultures Légumières (SCL),"Saint-Louis, Sénégal",CDD,2026-04-23,N/A,"La Société de Cultures Légumières (SCL), située à 2 km du barrage de Diama, au nord du Sénégal dans la région de Saint-Louis, exploite 1.500 hectares répartis sur 3 sites. Elle emploie 1.250 travailleurs sous contrat et entre 2000 et 6.000 travailleurs journaliers selon les périodes de l’année.Son modèle économique est basé sur la production, le conditionnement et l’exportation des légumes frais, majoritairement du maïs doux et du haricot vert.Pour le renforcement de ces capacités dans le domaine des achats, la SCL recrute unAcheteur Sénior (H/F)expérimenté pour mieux répondre aux exigences de l’entreprise. Ce poste à fort potentiel évolutif, couvre le portefeuille stratégique des intrants agricoles et le conditionnement.Missionsstratégiques et opérationnelles :Gestion du portefeuille stratégique :Piloter un panel de fournisseurs critiques pour la production (matières premières agricoles, emballages techniques, outillages spécifiques) ;Élaborer et mettre en œuvre les stratégies d’achats par catégorie.Analyse de marché et sourcing :Réaliser une veille permanente sur la volatilité des cours des matières premières agricoles et les innovations packaging ;Identifier et qualifier de nouvelles sources d’approvisionnement.Négociation et contractualisation de haut niveau :Piloter les appels d’offre complexes et les RFQ ;Négocier des contrats cadres intégrant des clauses de performances (qualité, délai, flexibilité indexation prix) ;Mettre en place des outils de couverture de risques prix/volume) pour sécuriser les marges de l’entreprise.Pilotage de performance et gestion du cycle de vie fournisseur :Développer et suivre les KPI achats, être le garant du processus Procure-to-Pay et la résolution des litiges complexes (techniques ou financier) en interface avec la comptabilité et les magasins ;Proposer des axes d’amélioration continue pour réduire les coûts cachés et optimiser les stocks.Dimension évolutive et management de transition :Rapport stratégique: être le bras droit du Directeur des Achats dans la préparation des grosses commandes, revues budgétaires et des rapports Direction Générale ;Participer activement à l’optimisation de l’ERP et la digitalisation de la fonction achat.Profil recherché/Compétences requises :Être titulaire d’une Licence 3 ou plus de Gestion et commerce avec spécialisation Achat / Supply Chain, avec une expérience de 02 ans au minimum au poste d’acheteur confirmé.Être motivé, rigoureux, fort en négociation et aime les défis, avoir le sens de l’éthique, de la communication et du relationnel.",https://www.emploidakar.com/offre-demploi/societe-de-cultures-legumieres-scl-saint-louis-senegal-cdd-cdi-acheteur-senior/
Chargé Lots Techniques Junior,Sablux,"Dakar, Sénégal",CDD,2026-04-23,N/A,"Rattaché à l’Ingénieur Senior Lots Techniques, vous intervenez sur l’ensemble des lots techniques du bâtiment, couvrant à la fois les installations électriques (CFO/CFA) et les réseaux fluides (CVC, plomberie, désenfumage). Vous assurez la modélisation BIM sous Revit MEP et la production des plans lots techniques, en garantissant la cohérence inter-lots et la qualité des livrables à chaque phase du projet.Profil recherchéBac +2 / Bac +3 en Génie Électrique, Génie Climatique, Énergétique du Bâtiment ou équivalent (DUT Génie Civil option Énergie, BTS Électrotechnique / Fluides)Débutant accepté avec maîtrise de Revit MEP. Expérience BIM (stage ou projet académique) couvrant l’un ou les deux lots techniques fortement valorisée.CompétencesMaîtrise de Revit MEP (impératif) et d’AutoCAD ;Bonne compréhension du processus BIM et de la coordination multi-lots ;Connaissances de base en électricité bâtiment (CFO/CFA) : chemins de câbles, tableaux, luminaires ;Notions solides en CVC et plomberie : réseaux fluides, gainage, tuyauterie, désenfumage ;Notions des normes applicables : NF C 15-100 (électricité), NF/ASHRAE (fluides) ;Capacité à exploiter les maquettes BIM (quantitatifs, réservations, extractions, clash detection) ;Rigueur, sens du détail et organisation dans la gestion simultanée de plusieurs lots ;Esprit d’équipe, communication fluide et capacité d’apprentissage rapide.",https://www.emploidakar.com/offre-demploi/sablux-dakar-senegal-cdd-cdi-charge-lots-techniques-junior/
Gardien,Sen Interim,"Dakar, Sénégal",CDD,2026-04-23,N/A,"Nous sommes à la recherche d’un gardien avec un bon niveau d’expression en français.Compétence et aptitude : Ponctuel, respectueux , discipliné.Être disponible à travailler de 16h-00h.",https://www.emploidakar.com/offre-demploi/sen-interim-dakar-senegal-cdd-gardien/
Superviseur de Salle,Sen Interim,"Dakar, Sénégal",CDD,2026-04-23,N/A,"Nous sommes à la recherche d’un superviseur de salle avec un bon niveau d’expression en français. instruit et assiduCompétence et aptitude : Ponctuel, respectueux, discipliné.Être apte et disponible à travailler de 08h-16h/ 16h-00h/ 00h-08h",https://www.emploidakar.com/offre-demploi/sen-interim-dakar-senegal-cdd-superviseur-de-salle/
Comptable Sénior,GPF,"Dakar, Sénégal",CDD,2026-04-23,N/A,"Nous recrutons un Comptable Senior pour un de nos clients évoluant dans le secteur de l’immobilier.Missions principales:Gestion de la comptabilité générale (enregistrement des pièces reçues, tenues des journaux, analyses périodiques des comptes)Revue des états de rapprochement bancaires mensuelsElaboration des reportings et des états financiersRevue des déclarations fiscales et socialesSuivi du paiement des impôts et taxesSuivi des paiementsProfil:Bac + 5 en comptabilité ou gestionExpérience d’au moins 2 ans dans un poste similaireL’expérience en cabinet est un plusSavoir travailler sous pressionÊtre à l’aise avec Sage Saari/SAPEtre à l’aise avec Microsoft office particulièrementExcel",https://www.emploidakar.com/offre-demploi/gpf-dakar-senegal-cdi-comptable-senior/
Assistant(e) Contrôle RH,Eco Afrique,"Dakar, Sénégal",CDD,2026-04-23,N/A,"Missions et ResponsabilitésParticiper à l’élaboration du budget des frais de personnelSuivre et analyser les écarts entre le budget et le réaliséProposer des actions correctives et des optimisations de couts RHCollecter, consolider et fiabiliser les données socialesConcevoir et produire des tableaux de bord RH réguliersS’assurer de la qualité et de la cohérence des données RHMettre en place des processus d’automatisation pour la collecte et l’analyse des donnéesProfilBac + 3/4 Contrôle de Gestion, RH est tout autres équivalents.1 à 2 ans d’expérience professionnelle minimumMaitrise du système MIAGE",https://www.emploidakar.com/offre-demploi/eco-afrique-dakar-senegal-cdd-cdi-assistante-controle-rh/
Directeur Système d’Information,Eco Afrique,"Dakar, Sénégal",CDI,2026-04-23,N/A,"Rattaché au Directeur Général, le Directeur Système d’Information assure la gouvernance, la supervision et l’évolution du Système d’Information, en garantissant sa disponibilité, sa sécurité et son adéquation aux besoins métiers, tout en optimisant les coûts et en accompagnant la transformation digitale de la banque.Activités Principales :Stratégie et gouvernance du SIDéfinir et mettre en œuvre la stratégie SI en cohérence avec les orientations du groupe et les objectifs de la filiale.Piloter la performance et la conformité du SI (réglementaire, sécurité, continuité d’activité).Élaborer et suivre le budget SI, en optimisant les coûts d’infogérance et les investissements.Management de l’infogérance et des prestatairesSuperviser les relations avec le Centre de Support Filiale (CSF) et les autres prestataires techniques.Assurer le respect des SLA (niveaux de service) et la qualité des services délivrés.Être l’interface principale entre les équipes internes, les utilisateurs et les prestataires externes.Gestion de projets et transformation digitalePiloter les projets SI (fonctionnels et techniques) depuis l’expression du besoin jusqu’à la mise en production.Accompagner les métiers dans l’évolution des outils et processus, notamment dans le cadre de la digitalisation.Assurer la maintenance et la mise à jour de la documentation technique et fonctionnelle.Support utilisateur et micro-informatiqueSuperviser la gestion du parc micro-informatique (administration, maintenance, renouvellement).Garantir un support de qualité aux utilisateurs en collaboration avec le CSF.Promouvoir l’adoption des outils et bonnes pratiques en matière de système d’information.Sécurité, continuité et diffusion de l’informationVeiller à la sécurité des données et des systèmes, en conformité avec les normes bancaires et celles du groupe.Assurer la continuité d’activité et la résilience du SI (PCA/PRA).Faciliter la circulation et la qualité de l’information au sein de l’organisation.Management transversal et reportingAnimer et coordonner les équipes internes dédiées au SI.Rendre compte régulièrement à la Direction Générale sur l’état du SI, les projets en cours et les indicateurs clés.Réaliser toutes autres missions confiées par la hiérarchie dans le cadre des objectifs du département.Mise en place des instruments organisationnels :Rédaction et diffusion des manuelsFormation du personnelGestion des fiches de fonctionReprises d’éventuels instruments existants :Collecte des notes d’instructions existantesAnalyse de cette documentation pour élimination des sources contradictoires ou redondantesClassement en fonction de la nomenclature des manuelsRéactualisation et rappel des instructionsGestion du Système d’Information :Gestion et suivi des habilitationsGestion des tables de codifications et de référencesGestion des incidentsOptimisation des processusGestion des évolutionsGestion de la sécuritéGestion de l’éditiqueToute autre tâche confiée par sa hiérarchie dans le cadre des missions.Profil :Diplôme d’ingénieur, master en informatique, télécoms ou gestion des systèmes d’information.Expérience significative en management du SI dans le secteur bancaire ou financier.Connaissance des environnements réglementaires bancaires et des normes de sécurité (ISO, COBIT, etc.).Compétences en gestion de projet, négociation avec les prestataires et pilotage budgétaire.Leadership, excellent relationnel et capacité à fédérer des équipes internes et externes.Savoir faire face aux situations d’urgence.Capable de travailler sous pression.Rigueur et sens des responsabilités.Pragmatisme, orientations solutions.Forte autonomie et esprit d’initiative.",https://www.emploidakar.com/offre-demploi/eco-afrique-dakar-senegal-cdi-directeur-systeme-dinformation/
Développeur IT,Eco Afrique,"Dakar, Sénégal",CDI,2026-04-23,N/A,"Activités Principales :Définir une structure optimale des données et développer des programmes d’extraction ;Identifier les besoins en termes d’architecture, de données ainsi que l’adéquation avec l’environnement actuel pour le développement des solutions analytiques ;Contrôler et surveiller l’état de l’infrastructure ainsi que la sauvegarde et la sécurisation des données ;En collaboration avec le Directeur SI, définir et faire évoluer les solutions de stockage des données ;Mettre son expertise au profit des métiers pour déployer et soutenir les modèles analytiques et faciliter l’exploitation des données.Toute autre tâche confiée par sa hiérarchie dans le cadre des missions.Profil :Profil BAC+5 en Informatique avec une très bonne pratique des bases de données et l’application Amplitude, du développement SQL et des autres langages développements : PHP/MYSQL, PYTHON, Java/JavaScript, outil BI, etc.Une expérience significative en milieu bancaire.Savoir gérer la confidentialité des informations et des données.Savoir organiser et planifier ses activitésSavoir faire face aux situations d’urgenceCapable de travailler sous pressionRigueur et sens des responsabilitésPragmatisme, orientations solutionsForte autonomie et esprit d’initiativeSens du collectif et du travail en équipe",https://www.emploidakar.com/offre-demploi/eco-afrique-dakar-senegal-cdi-developpeur-it/
Responsable de production / Conducteur de Travaux,International Staffing Company,"Dakar, Sénégal",CDD,2026-04-23,N/A,"MissionsLe responsable de production organise, planifie, suit la production d’un atelier de confection lourde ainsi que la supervision des chantiers (conduite de travaux).Assurer la productionPlanifier la production en collaboration avec la direction généraleSuperviser les services connexes à la production (magasins, services généraux…)Réagir aux commandes imprévues et aux aléas techniques en concertation avec le service commercialCoordonner les exigences de production et les nécessités de maintenance (outils de production et services généraux)Assurer les communications avec les différents services : commercial, comptable et RHSuivre les productions journalières par rapport aux prévisions et les réajusterResponsable de la maintenance : outils industriels, services généraux, propreté du site et environnementAnimer le personnel de l’atelierGérer le personnel de production et s’assurer du recrutement nécessaire à la flexibilité ou aux périodes de suractivitéGérer le personnel des services annexes : magasiniers, chauffeurs et leurs véhiculesAméliorer les process de productionAnalyser les défaillances, les dysfonctionnements, proposer des améliorationsRechercher et proposer des solutions pour améliorer sans cesse la productivité, la réactivité et la qualité de la production : améliorer les implantations d’ateliers et optimiser les flux.Prévoir les investissements nécessaires en collaboration avec la DirectionRésultats attendusEfficacité, productivité et qualité de la production, son coût en fonctionnementRendre compte à la Direction GénéraleAssurer un bon climat socialAutonomie et responsabilitéLe poste dépend de la direction générale. Il encadre les responsables d’ateliers, les chefs d’équipes, les magasiniers, les chauffeurs et le personnel de la production, il est autonome quant aux moyens et à l’organisation des ateliers pour assurer le bon fonctionnement.Environnement de travailIl travaille entre son bureau, les ateliers et la Direction. Il se déplace à l’extérieur : chantier et suivi des équipes.Les horaires sont soumis aux aléas de la production.Compétences spécifiquesOptimiser la production : implantation des ateliers, flux, organisation du travailRecruter et participer au recrutement de collaborateursEvaluer les compétences et promouvoir ses collaborateursRésoudre des problèmes de natures différentes dans l’urgenceConnaissance de la confection textile est un plusCompétences transversalesEtre à l’écoute et disponibleSavoir être réactif devant les aléasEtre à la fois ferme et diplomate, savoir gérer des conflitsTravailler en équipeAnalyser et synthétiser de nombreuses informations chiffréesGérer des prioritésOrganiser et planifier les activitésMaîtriser les outils informatiquesProfil :De formation technique supérieure (minimum bac +2) vous justifiez d’une expérience réussie dans le milieu de la production et/ou la conduite de travaux dans le BTP.Titulaire d’un permis de conduireFrançais et Wolof impératifs, la maitrise de l’anglais est un plus.",https://www.emploidakar.com/offre-demploi/international-staffing-company-dakar-senegal-cdd-cdi-responsable-de-production-conducteur-de-travaux/
Responsable Pôle Comptabilité,Groupe Univers Télécom,"Ngor virage, Dakar",CDD,2026-04-24,N/A,"Resposabilités1. Production et fiabilisation des comptesSuperviser l’ensemble des opérations comptables (achats, ventes, immobilisations, banques, OD) et la tenue de la comptabilité générale et auxiliaire ;Organiser et contrôler les travaux d’inventaire et d’arrêté comptable (mensuel, trimestriel, annuel) dans le respect du plan des comptes ;Produire les liasses fiscales et les dossiers de clôture à destination des commissaires aux comptes ;Garantir la qualité comptable et le respect des délais de clôture.2. Conformité, fiscalité et contrôle interneAssurer le respect des obligations légales, fiscales (TVA, IS, VRS, etc.) et sociales ;Rédiger et mettre à jour les notes de procédures comptables ;Participer à l’élaboration et au suivi du manuel de contrôle interne comptable ;Être l’interlocuteur privilégié des auditeurs internes et externes (Commissaires aux Comptes, auditeurs légaux) sur le périmètre comptable ;Signaler et analyser les risques comptables et de non-conformité auprès de la Direction.3. Interface avec le Pôle FinanceAssurer la transmission des données comptables nécessaires au Pôle Financier (pour les prévisions de trésorerie, les analyses de gestion, les covenants bancaires, etc.) ;Participer aux réunions de liaison avec le Pôle Financier pour garantir la cohérence entre le flux comptable (réel) et le flux financier (prévisionnel) ;Garantir la correcte imputation analytique des opérations pour permettre un reporting de gestion fiable.4. Management et animation d’équipeEncadrer, former et développer les compétences de l’équipe comptable ;Organiser la charge de travail et répartir les tâches au sein du pôle ;Veiller à la polyvalence et à la continuité des activités ;Conduire les entretiens annuels et fixer les objectifs.5. AutreProduire des rapports périodiques à soumettre au Top management ;Exécuter toute autre mission confiée par le Top management et en lien avec le poste.Exigences professionnellesMaîtrise approfondie des normes comptables OHADA et, idéalement, des IFRS ;Bonne connaissance de la fiscalité d’entreprise (BIC, TVA, IS) ;Maîtrise des outils de reporting et des ERP (préciser l’outil si connu : SAP, Cegid, Sage, etc.) ;Maîtrise avancée du Pack Office (Excel obligatoire) ;Compréhension des enjeux de séparation des fonctions et de contrôle interneVeille règlementaireLogiciels et progiciels de Finance et de comptabilitéResponsabilité de planification et d’organisation des activités liées à l’emploi ;Veille règlementaire ;Rédaction des rapportsRattachementsDirection Générale ;Direction Finances et Comptabilité (reporting hiérarchique, alertes, points d’avancement)Pôle Finance (transmission des données, échanges sur les écarts, participation à l’élaboration budgétaire pour le volet charges/produits) ;Services supports (achats, juridique, RH) et opérationnelsFiliales du groupe ;Commissaires aux comptes ;Experts-comptables ;Banques, administration fiscale et sociale, auditeursExpérience professionnelleDiplômé(e) d’un Bac+5 en Comptabilité, Finance ou Gestion (Master CCA, DSCG, diplôme d’école de commerce/management).Logiciels du domaineMinimum 5 à 8 ans d’expérience significative dans des postes similaires (contrôle de gestion, finance, trésorerie) ;Expérience réussie dans le management d’équipe ;Une expérience en cabinet d’audit serait un plusVeuillez envoyer votre CV à l’adresserh-gut@universtelecom.net",https://www.emploidakar.com/offre-demploi/groupe-univers-telecom-lot-n74-tf163-79-nga-ngor-virage-cdd-fiche-de-poste-responsable-pole-comptabilite/
Chargé des Moyen Généraux,Groupe Univers Télécom,"Ngor virage, Dakar",CDD,2026-04-24,N/A,"Responsabilités1. Gestion des infrastructures et des locauxAssurer la maintenance préventive et curative des installations techniques : climatisation des baies de brassage, onduleurs, groupe électrogène de secours, contrôle d’accès, détection incendie ;Piloter les travaux d’aménagement, de rénovation ou de déménagement des bureaux et des locaux techniques (Data Center, NOC – Network Operations Center) ;Gérer les contrats de maintenance avec les prestataires spécialisés (ascenseurs, CVC, sécurité incendie, fluides) ;Être l’interlocuteur privilégié du propriétaire/gestionnaire immobilier.2. Gestion des équipements et des moyensGérer le parc de matériels bureautiques (ordinateurs, copieurs, visioconférence) et s’assurer de leur interopérabilité avec les systèmes IT ;Gérer les stocks de fournitures de bureau, mais aussi les consommables techniques (badges, câbles, petits équipements réseau pour les nouveaux arrivants) ;Administrer le parc automobile de l’entreprise (flotte de véhicules de service pour les techniciens/interventions si applicable).3. Sécurité et conformitéAppliquer et faire respecter les consignes de sécurité (incendie, risques électriques, circulation) ;Assurer la gestion des habilitations et des badges d’accès (zones sensibles, salles serveurs) ;Participer à la rédaction et à la mise à jour du Document Unique d’Évaluation des Risques Professionnels (DUERP) ;Organiser les exercices d’évacuation et former le personnel de sécurité (équipiers de première intervention).Suivre et optimiser les contrats de services (nettoyage, sécurité, téléphonie fixe/mobile, flotte, assurances) ;Assurer le suivi budgétaire de son périmètre : réception des factures, validation, suivi des dépenses, reporting ;Proposer des actions d’optimisation des coûts et de transition écologique (gestion des déchets DEEE, réduction de la consommation énergétique).Produire des rapports périodiques à soumettre à la hiérarchie ;Exécuter toute autre mission confiée par le supérieur hiérarchique et en lien avec le poste.Exigences professionnellesBâtiment et techniques: Connaissances de base en électricité, CVC (Chauffage Ventilation Climatisation), SSI (Système de Sécurité Incendie) ;Environnement technique télécoms : Sensibilité aux contraintes des salles serveurs (climatisation de précision, alimentation électrique sécurisée, gestion des câbles) ;Achats : Maîtrise des techniques de consultation et de négociation avec les fournisseurs ;Outils : Maîtrise du Pack Office (Excel pour les suivis budgétaires). La connaissance d’un outil de GMAO (Gestion de Maintenance Assistée par Ordinateur) est un plus ;Réglementation : Connaissance des normes ERP (Établissement Recevant du Public), du Code du travail et de la réglementation relative aux DEEE (Déchets d’Equipements Electriques et Electroniques).Expérience professionnelleDiplôme : Bac+2 à Bac+3 (Gestion des entreprises, Administration, Gestion des services, ou Bâtiment, Logistique /Supply Chain)Première expérience réussie (2 à 5 ans) sur un poste similaire, idéalement en entreprise (secteur des services, technologies ou télécoms)Veuillez envoyer votre CV à l’adresserh-gut@universtelecom.net",https://www.emploidakar.com/offre-demploi/groupe-univers-telecom-lot-n74-tf163-79-nga-ngor-virage-cdd-fiche-de-poste-charge-des-moyen-generaux/
Handyman/Plumber,British Embassy Dakar,"Dakar, Sénégal",CDD,2026-04-24,N/A,"The British Government is an inclusive and diversity-friendly employer.  We value difference, promote equality and challenge discrimination, enhancing our organisational capability. We welcome and encourage applications from people of all backgrounds. We do not discriminate on the basis of disability, race, colour, ethnicity, gender identity, religion, sexual orientation, age, veteran status or other category protected by law. We promote family-friendly flexible working opportunities, where operational and security needs allow. The FCDO operates an agile workforce and to facilitate this, you may be required to undertake other duties from time to time, as we may reasonably require.Job Category:Foreign, Commonwealth and Development Office (Operations and Corporate Services)Job Subcategory:EstatesJob Description (Roles and Responsibilities)Main purpose of job:The British Embassy in Dakar is looking for a dynamic, experienced, and highly motivated individual to join our team as a handyman/plumber. The Plumber is responsible for installing, maintaining, repairing, and monitoring all plumbing systems within the embassy compound, office and embassy properties. The role ensures continuous water supply, proper sanitation, and compliance with safety and property standards, while minimizing disruptions to embassy operations and occupants. We pride ourselves on being a good place to work, with good work/life balance, and are committed to a culture that values respect, diversity and inclusion and good collaboration and communication.Roles and responsibilities:1.Plumbing Works (Primary Function)Carry out routine maintenance and repairs on water supply, drainage, and sanitation systemsRepair leaks, unblock pipes and drains, and replace faulty taps, valves, toilets, sinks, and showers · Maintain and repair water heaters, pumps, tanks, and plumbing fixturesRespond promptly to plumbing emergencies (burst pipes, flooding, blocked sewage)2. General HandymanPerform minor carpentry, masonry, tiling, and painting works as requiredRepair doors, locks, windows, hinges, cabinets, and basic furnitureCarry out minor electrical-related tasks (e.g. replacing switches, sockets, light fittings – within authorized limits)Assist with small refurbishment or improvement works in office and propertiesCarry out works in occupied residences with professionalism, discretion, and respect for occupantsLiaise with landlords, contractors, or Estates staff when escalation is required3. Preventive MaintenanceConduct regular inspections of plumbing and general building installationsIdentify maintenance issues early and report risks or major repair needsSupport planned preventive maintenance programs for embassy premises4. Health, Safety & ComplianceEnsure all works comply with health and safety standards, embassy procedures, and local regulationsUse tools and materials safely and maintain a clean, safe work areaReport hazards, incidents, or unsafe installations immediately5. Emergency & After-Hours SupportProvide support during urgent maintenance situations, including outside normal working hours if requiredTake immediate action to limit damage to buildings, furniture, and equipment6. Reporting & CoordinationReport completed tasks, outstanding issues, and material needs to the Facilities/Estates teamKeep basic records of maintenance and repair works carried outSupport and oversee external contractors when instructed7. CorporateAs a member of the Embassy, you will be expected to make a corporate contribution to the smooth running and wellbeing of the embassy, e.g. by volunteering as a member of a corporate committee.Essential qualifications, skills and experienceAt least 3 years previous experience as a plumberQualification in plumbingExperience of facility management role to include maintenance ·Proactive and customer focusedHold a valid Senegalese driving licenseAbility to work collaboratively within a diverse team and contribute to wider corporate objectives.Commitment to organisational values, professionalism, and inclusive working.Ability to work independently, manage competing demands, and respond to fast‑moving priorities.Desirable qualifications, skills and experienceBasic computer literacyGood spoken English Language both verbal and writtenRequired behavioursChanging and Improving, Making Effective Decisions, Managing a Quality Service, Working TogetherConditionsApplication deadline: 11 May 2026Grade: S1Type of Position: Fixed TermWorking hours per week: 36.5Duration of Post:  12 monthsRegion: AfricaCountry/Territory: SenegalLocation (City): DakarType of Post: British EmbassySalary: XOF 500,000 plus Transport allowance XOF 26 000Type of Salary: monthlyStart Date: 1 June 2026Other benefits and conditions of employmentLearning and development opportunities:The successful applicant will have access to a wide range of learning and development opportunities both in-house and e-learning, with the potential for overseas training.",https://www.emploidakar.com/offre-demploi/british-embassy-dakar-dakar-senegal-cdd-handyman-plumber/
"Deputy Corporate Services Manager (Finance, HR and Procurement)",British Embassy Dakar,"Dakar, Sénégal",CDD,2026-04-24,N/A,"The British Government is an inclusive and diversity-friendly employer.  We value difference, promote equality and challenge discrimination, enhancing our organisational capability. We welcome and encourage applications from people of all backgrounds. We do not discriminate on the basis of disability, race, colour, ethnicity, gender identity, religion, sexual orientation, age, veteran status or other category protected by law. We promote family-friendly flexible working opportunities, where operational and security needs allow. The FCDO operates an agile workforce and to facilitate this, you may be required to undertake other duties from time to time, as we may reasonably require.Job Category: Foreign, Commonwealth and Development Office (Operations and Corporate Services)Job Subcategory: Corporate Services Support, FinanceJob Description (Roles and Responsibilities)Main purpose of job:British Embassy Dakar has transformed from a VSEP 10 years ago, to an embassy of over 65 staff today. Over the last few years, the bilateral relationship with Senegal has grown considerably, built around 3 priority objectives of: shared growth, mutual security and sustainable development. HMA Dakar is also accredited in Guinea-Bissau, and the embassy undertakes light touch political, defence, security and climate work there.This role is a leadership role within the embassy’s largest team: Corporate Services. It is one of two Deputy Corporate Service Managers (DCSM). This role is responsible for finance, procurement and human resources. The other role is responsible for estates and operations. During periods of leave, you will cover the portfolio for the other DCSM and deputise for the CSM.FinanceBe responsible for the embassy’s finance strategy, provide high quality financial analysis to the Ambassador and lead the embassy’s forecasting work. You will line manage the embassy accountant and lead all finance commissions for the embassy.ProcurementBe responsible for procuring and managing all of the embassy’s contracts, working with the UK Government’s commercial teams in South Africa and the Philippines. Oversee Government Procurement Card activity.Human ResourcesBe responsible for the embassy’s goal setting and appraisal process. Manage all performance and conduct related processes. Line manage the embassy human resources officer and lead all human resources commissions for the embassy.Roles and responsibilities:1. Leadership and Management (20%) ·Work with the CSM and other Deputy CSM to lead the Corporate Services function at BE Dakar.Line manage 3 staff membersLead goal setting and appraisal at the embassy, driving best practice and ensuring team and staff goals effectively connect to our Country and Business Plan.2. Finance (30%) ·At the start of each financial year, set the embassy budget and financial strategy, drawing on the views of the embassy and senior leadership team.Complete a monthly finance report for the Ambassador that analyses our financial position and offers relevant recommendations.Manage the monthly forecasting exercise and upskill the embassy on financial forecasting.Manage and respond to all finance commission from London and the finance hub.3. Procurement (20%)Manage the embassy’s contracts in line with UK Government best practice.Lead the procurement of any new contracts, as needed.Oversee all Government Procurement Card usage and lead supplier management and PO generation.4. Human Resources (20%)Manage all performance and misconduct processes that take place at the embassy, liaising with line managers and the teams in London and Pretoria.Manage and respond to all human resources commission from London and the finance hub.Be the staffing change management lead for the embassy, overseeing communication and liaising with staff members and the Country Based Staff Association.Ensure all staff contracts are correctly registered with relevant local authorities and that the Embassy remains fully compliant with all local labour, employment, and statutory HR requirements.5. Corporate (10%)Lead on one of the embassy’s corporate objectives, to be determined.Support CSM with all-staff meeting preparation and corporate performance reporting.Essential qualifications, skills and experienceMinimum 5 years’ experience managing teamsAt least five years’ experience working in Finance functions or analysing financial data, with the ability to interpret and use financial information to support effective decision-making.A qualification in Finance, Economics, Business Administration, or a related field.Strong organisational and prioritisation skills.Excellent communication in English and French.Strong relationship‑building and stakeholder skills.Desirable qualifications, skills and experienceExperience working in a diplomatic mission, international organisation, or complex multi‑stakeholder environment.Knowledge of HR policy application, employee relations, or change management in a regulated environment. ·Experience in budget management, forecasting, or financial reporting,Experience producing management reports and KPIs for senior leadership or management boards.Relevant professional qualification (or progress towards one) in areas such as HR, Finance.Strong understanding of, or experience working with, local labour law and statutory compliance.Required behavioursDelivering at Pace, Leadership, Making Effective Decisions, Managing a Quality ServiceConditionsApplication deadline: 8 May 2026Grade: Executive Officer (EO)Type of Position: Fixed TermWorking hours per week: 36.5Duration of Post: 12 monthsRegion: AfricaCountry/Territory: SenegalLocation (City): DakarType of Post: British EmbassySalary: XOF 1,340,000 plus Transport allowance XOF 26 000Type of Salary: monthlyStart Date: 1 July 2026Other benefits and conditions of employmentLearning and development opportunities:This role provides enormous opportunities to grow and develop.You will have access to the full suite of FCDO learning and development opportunities including on-the-job learning, access to mentoring & coaching, and more formal courses.",https://www.emploidakar.com/offre-demploi/british-embassy-dakar-dakar-senegal-cdd-deputy-corporate-services-manager-financehr-and-procurement/
Référent(e) Bailleurs Desk 3,ALIMA,"Dakar, Sénégal",CDD,2026-04-24,N/A,"Le ou la Référent·e Bailleurs est la référente technique directe pour les Responsables/Chargés Relations Bailleurs travaillant dans le pays d’intervention du Desk 3.Activités principalesLe ou la Référent·e Bailleurs est responsable de la gestion des financements pour les pays du Desk 3, en appui technique aux Responsables/Chargés Relations Bailleurs pays.  Il·Elle est amenée à effectuer des missions terrain régulières en fonction des besoins identifiés sur chaque mission.Appuyer les Chargés de Support aux Opérations à produire des notes conceptuelles et des propositions de qualité conformément à la stratégie opérationnelleLe ou la Référent·e Bailleurs participe et conseille l’équipe de coordination sur l’élaboration du projet et la stratégie du programme. Il·Elle appuie les Responsables/Chargés Relations Bailleurs Pays dans la rédaction des notes conceptuelles solides et des propositions à l’intention des bailleurs. Il·Elle révise, commente, corrige et valide les notes conceptuelles et les propositions pour s’assurer qu’elles comprennent une bonne analyse technique et opérationnelle, qu’elles démontrent une connaissance du contexte et des risques, qu’elles présentent une vision stratégique solide et qu’elles soient conformes au budget et aux directives des bailleurs. Au besoin, il·elle rédige une note conceptuelle ou participe à la rédaction.Superviser la gestion des contrats de financement et les exigences contractuelles et fournir des conseils techniquesLe ou la Référent·e Bailleurs fournit des informations et conseille le desk et les équipes pays en ce qui concerne la réglementation des bailleurs et les exigences contractuelles et participe à l’analyse des éventuels risques financiers liés aux contrats. Il·Elle soutient les Responsables/Chargés Relations Bailleurs Pays pour s’assurer que les engagements envers les bailleurs sont respectés. Il·Elle doit être capable de proposer des modifications contractuelles aux bailleurs si les plans opérationnels sont modifiés.Appuyer et superviser la rédaction de rapports narratifs à l’intention des bailleurs et des partenaires.Le ou la Référent·e Bailleurs appuie et supervise les Responsables/Chargés Relations Bailleurs Pays dans l’élaboration des rapports narratifs. Les Responsables/Chargés Relations Bailleurs Pays sont responsables de la rédaction et de l’élaboration des rapports narratifs, conformément aux exigences contractuelles, ils garantissent également un suivi et une analyse opérationnelle solide. Le ou la Référent·e Bailleurs travaille avec l’équipe opérationnelle pour rédiger un rapport précis, détaillé et clair, selon les exigences et le format des bailleurs et dans les délais.Assurer la recherche de financementsLe ou la Référent·e Bailleurs appui les Responsables/Chargés Relations Bailleurs Pays et le Service Bailleurs à Dakar dans la recherche de nouvelles opportunités de financement. A ce titre il·elle doit s’assurer d’avoir une bonne connaissance des opérations d’ALIMA et du contexte humanitaire. Il·Elle doit également maîtriser les stratégies et processus des bailleurs finançant ou non ALIMA.Entretenir des relations avec les bailleursLe ou la Référent·e Bailleurs contribue à entretenir des relations avec les bailleurs, de fournir des informations régulières sur les opérations en cours et de maintenir un dialogue ouvert tout au long de l’année. Pendant les mois de négociation des contrats de financement, il·elle est responsable du suivi de la négociation à chaque étape et peut prendre en charge la négociation si nécessaire (de l’équipe de coordination sur le terrain ou du Responsable de Programmes Desk) ; il·elle assure également la relation avec les bailleurs en ce qui concerne la gestion des contrats de financement, y compris les exigences contractuelles, en coordination avec l’équipe du Desk et pays.Mise en œuvre des mesures de prévention contre les abus de pouvoir, les violences sexistes et sexuellesLe ou la Référent·e Bailleurs participe aux formations et séances de sensibilisation qui sont organisées. Il·Elle a une parfaite connaissance des obligations bailleurs en matière de protection contre l’exploitation et les abus sexuels. Il·Elle s’assure que ces éléments sont suivis et figurent dans toutes les propositions de projet et les rapports. Il·Elle contribue à créer et maintenir un environnement épanouissant et protecteurExigences3 ans minimum dans la gestion des contrats de financement et la rédaction des rapports à l’intention des bailleurs, dans un contexte humanitaire et dans le cadre d’un projet ou programme.Connaissance des processus et des règles des principaux bailleurs de fonds (ECHO, BHA, CDCS, DUE, AFD, UN…)Bonne compréhension des projets santé et nutritionExpérience dans l’accompagnement et la formation des Responsables/Chargés Relations Bailleurs PaysExcellente expression écrite et orale en français et anglais obligatoire, en arabe est un atoutPour postuler, merci de nous faire parvenir votre CV et votre lettre de motivation en ligne au plutard avant le 12/05/2025",https://www.emploidakar.com/offre-demploi/alima-dakar-senegal-cdd-referente-bailleurs-desk-3/
Chef de Mission,Secours Islamique France (SIF),"Dakar, Sénégal",CDD,2026-04-24,N/A,"Créé en 1991, le Secours Islamique France (SIF) est une organisation non gouvernementale (ONG) internationale de secours d’urgence et de développement. Le SIF agit dans une stricte neutralité, sans distinction d’origine, de genre ni de religion et se consacre à atténuer les souffrances des populations les plus démunies dans le monde.Le SIF recherche un Chef de Mission pour sa mission basée à Dakar, Sénégal.MissionRattaché au Département des Programmes et Opérations à International (DPOI), vous travaillerez sous l’autorité du Responsable du Desk et en en étroite collaboration avec les équipes opérationnelles du DPOI.Vos principales missions seront les suivantes (liste non exhaustive et évolutive):Suivi du contexte et définition stratégique ;Conception et mise en œuvre de la stratégie de mission ;Pilotage et coordination des programmes ;Gestion des ressources humaines et organisationnelles ;Responsabilité sécuritaire, logistique et financière.ProfilDiplôme requis : Bac+5 en coopération internationale,gestion de projet humanitaireou équivalent ;5 ans d’expérience terrain, dont au minimum 2 ans sur des postes de Chef de Mission ;Compétences managériales et rédactionnelles, très bonnes capacités d’analyse de contexte (gestion de la sécurité, contexte humanitaire…) ;Maîtrise des outils de gestion de cycle de projet ;Capacité à travailler aussi bien dans l’urgence que sur des dossiers de fonds ;Rigueur, professionnalisme et réactivité surtout en contextes d’urgence ;Français courant indispensable.",https://www.emploidakar.com/offre-demploi/secours-islamique-france-sif-dakar-senegal-cdd-chef-de-mission/
Coordinateur Logistique Sénégal,Secours Islamique France (SIF),"Dakar, Sénégal",CDD,2026-04-24,N/A,"Créé en 1991, le Secours Islamique France (SIF) est une organisation non gouvernementale (ONG) internationale de secours d’urgence et de développement. Le SIF agit dans une stricte neutralité, sans distinction d’origine, de genre ni de religion et se consacre à atténuer les souffrances des populations les plus démunies dans le monde.Le SIF recherche un Coordinateur logistique pour sa mission basée à Dakar, Sénégal.MissionSous la responsabilité hiérarchique du.de la Chef.fe de Mission, vous serez chargé.e de manager les équipes terrains.Vos principales missions seront les suivantes (liste non exhaustive et évolutive):Contribuer à l’élaboration de la stratégie opérationnelle de la mission : analyse du contexte et de son évolution, élaborationdes arbres à problèmes et des solutions envisagées, analyse des études de besoins, proposition de nouvelles actions ;Piloter l’élaboration des plans d’achat de la mission avec les responsables de projet et assure leur mise en œuvre avecl’équipe logistique ;Garantir la bonne gestion des stocks de la mission ;Conseiller les équipes projet sur les questions logistiques : briefing, planification, suivi, encadrement, entretien deperformance, renforcement des connaissances techniques, etc ;Superviser le suivi et l’entretien des véhicules Moto/Voiture sur toutes les bases ;Participer à la mise en œuvre du dispositif sécurité de la mission : évaluation de la sécurité générale et définition/mise à jourdes procédures ;Participe à l’élaboration de la partie logistique des rapports bailleurs selon la périodicité demandée.ProfilDiplôme requis : BAC + 5 certification BIOFORCE en Logistique ;Expérience minimum de 3 ans à un poste similaire ;Bon niveau rédactionnel, avec une expérience en gestion d’équipe, une bonne connaissance de l’environnement des bailleurs de fonds ainsi qu’une expérience dans la gestion des risques et l’accès humanitaire sécurisé ;Maîtrise parfaite des outils informatiques, notamment du Pack Office ;Sens des priorités et des responsabilités, bonne organisation et capacité de planification. Capacité à travailler en équipe et de manière autonome, avec polyvalence, adaptabilité et flexibilité. Excellent relationnel et ouverture culturelle, avec rigueur, professionnalisme, dynamisme et bonne gestion du stress.",https://www.emploidakar.com/offre-demploi/secours-islamique-france-sif-dakar-senegal-cdd-coordinateur-logistique-senegal/
Assistant aux Opérations,FNUAP,"Dakar, Sénégal",CDD,2026-04-24,N/A,"UNFPA is formally named the United Nations Population Fund. The organization was created in 1969, the same year the United Nations General Assembly declared “parents have the exclusive right to determine freely and responsibly the number and spacing of their children.”UNFPA calls for the realization of reproductive rights for all and supports access to a wide range of sexual and reproductive health services – including voluntary family planning, maternal health care and comprehensive sexuality education. Since UNFPA started its work, the world has seen progress: The number and rate of women dying from complications of pregnancy or childbirth has been halved.Families are healthier. Young people are more connected and empowered than ever before. But too many are still left behind. More than 760 million people are mired in extreme poverty. Sexual and reproductive health problems are a leading cause of death and disability for women in the developing world. Young people bear the highest risks of HIV infection and unintended pregnancy. Many millions of girls face the prospect of child marriage and other harmful practices, such as female genital mutilation (FGM). Much more needs to be done to ensure a world in which all individuals can exercise their basic human rights, including those that relate to the most intimate and fundamental aspects of life. In 2018, UNFPA launched efforts to achieve three transformative results, ambitions that promise to change the world for every man, woman and young person:ContextThe Operations Unit is currently managing a complex reconciliation exercise regarding historical telecommunications accounts and seeks to strengthen its administrative support systems. The intern will provide specialized technical support in financial reconciliation and general administrative assistance, applying audit principles to ensure accuracy and compliance.Task descriptionUnder the direct supervision of the Procurement Associate, the UN Volunteer will undertake the following tasks :Historical Data Analysis: Analyze and reconcile telecommunications invoices and payments for the period 2019–2021 and 2022–2025.Discrepancy Identification: Identify gaps between Sonatel’s statements and UNFPA’s internal financial records (ERP system).Audit Trail Documentation: Maintain a rigorous audit trail of all reconciled transactions, ensuring that every adjustment is backed by supporting documentation (receipts, proof of payment, letters).Reporting: Prepare periodic status reports on the progress of the Sonatel debt clearance and separation project. B. Administrative and Operations Support:Operations Unit Assistance: Provide day-to-day administrative support to the Operations team, including filing, archiving, and digital document management.Audit Readiness: Assist in the preparation for upcoming audits and spot checks by retrieving, organizing, and verifying the completeness of vouchers and procurement files.Asset Tracking: Support the logistics team in verifying inventory records and updating the asset tracking database.Job requirementsBachelor’s degree in Graduate from a University in Audit, Accounting, or Finance, with 2 years of experience.Candidate must be a national, legal resident or hold refugee status in the country of assignment.",https://www.emploidakar.com/offre-demploi/fnuap-dakar-senegal-cdd-assistant-aux-operations/
Responsable Fiscalité et Conformité,Dangote Cement Senegal,"Pout, Thiès",CDI,2026-04-24,N/A,"Description du PosteLe Tax & Compliance Manager est responsable de la gestion de l’ensemble des obligations fiscales et réglementaires de l’entreprise, en veillant à la conformité avec les lois locales et internationales.Il/elle assure également la mise en place et le suivi des contrôles internes nécessaires pour garantir la transparence et la fiabilité des informations financières.Apporte tout le support nécessaire au CFO sur les dossiers de «  tax and customs assessment ».Activités et Responsabilités clésAssurer la conformité fiscale de la société (déclarations mensuelles, trimestrielles et annuelles).Préparer, examiner et soumettre les déclarations fiscales (TVA, IS, retenues à la source, impôts locaux, etc.).Suivre les évolutions légales et réglementaires en matière fiscale et anticiper leur impact.Gérer les relations avec les administrations fiscales (dépôts, contrôles, audits).Identifier et mettre en œuvre des opportunités d’optimisation fiscale dans le respect de la réglementation.Développer, mettre en œuvre et suivre le programme de conformité du département Finance.S’assurer du respect des normes comptables locales (OHADA, SYSCOHADA) et internationales (IFRS).Collaborer avec le département juridique et les auditeurs internes/externes sur les sujets de conformité.Identifier les risques de non-conformité et proposer des actions correctives.Contribuer à la préparation et au suivi des audits fiscaux et réglementaires.Fournir des analyses fiscales et réglementaires à la direction générale et au Groupe.Former et sensibiliser les équipes Finance sur les questions fiscales et de conformité.Préparer des notes techniques et des reportings réguliers sur les risques fiscaux et réglementaires.Qualifications et Expérience ProfessionnelleMaster Fiscalité ou équivalent.Minimum 5 à 7 ans d’expérience en fiscalité, audit ou conformité, idéalement dans un grand cabinet (Big Four) ou dans une multinationale.Solide connaissance des normes fiscales sénégalaises et/ou régionales (UEMOA, OHADA).Bonne maîtrise des normes IFRS et de l’environnement réglementaire international.Maitrise du code Minier.Aptitudes et compétencesExcellente maîtrise des procédures fiscales et réglementaires.Connaissance approfondie des systèmes comptables (SAP, équivalent).Capacité à analyser et interpréter des textes légaux et fiscaux complexes.Solides compétences en reporting et rédaction de notes techniques.Rigueur, intégrité et sens de la confidentialité.Capacité à travailler sous pression et à respecter des délais stricts.Bonnes compétences de communication et de négociation.Esprit d’équipe et aptitude à travailler dans un environnement multiculturel.Compétences HSE liées au posteSavoir utiliser les moyens de lutte contre l’incendie ;Connaître les pictogrammes de danger ;Savoir dispenser les gestes de premiers secours ;Connaître les risques SST liés à ses activités ainsi que les dispositions de maîtrise ;Connaître les aspects et impacts environnementaux liés à ses activités ainsi que les dispositions de maîtrise ;Connaître les bons gestes et postures liés à la manutention de charges ;Connaître les dispositions relatives à la gestion des déchets",https://www.emploidakar.com/offre-demploi/dangote-cement-senegal-pout-thies-cdi-responsable-fiscalite-et-conformite/
Spécialiste en Suivi-Evaluation,MESRI - Projet Espoir Jeunes,"Dakar, Sénégal",CDD,2026-04-24,N/A,"MissionsDéfinir le manuel de procédures SERA : indicateurs (DLI), méthodes de collecte, flux d’informations et formats de reporting entre l’UGP et les agences d’exécution.S’assurer de l’alignement avec les exigences des partenaires (Etat, bailleurs).Développer le Cadre Logique détaillé et le Plan de Suivi des Performances (PMP).Concevoir l’architecture du système d’information (base de données) permettant la centralisation et la mise à jour en temps réel des données du projet.Identifier les besoins en renforcement de capacités des partenaires institutionnels et superviser les sessions de formation.Suivi des performances et appui au pilotage (rôle de conseil stratégique).Collecte, gestion et contrôle qualité des données.Evaluations, reporting et redevabilité.Apprentissage et capitalisation.Qualifications et expérienceFormation : Titulaire d’un Bac+5 en Economie, Ingénieur de formation, Statistique, Planification, Sciences Sociales ou équivalent.Minimum 10 ans d’expérience confirmée dans la gestion et le suivi-évaluation de projets d’envergure.Expérience significative dans les projets de coopération internationale d’infrastructures publiques.Maîtrise des procédures des bailleurs de fonds internationaux, notamment la Banque Mondiale.Expertise dans la mise en place de systèmes de capitalisation et d’outils de reporting dynamique.Expérience avec logiciels de suivi-évaluation (Kobo, ODK, SPSS, STATA, etc.).Bonnes capacités de rédaction et de synthèse.",https://www.emploidakar.com/offre-demploi/mesri-projet-espoir-jeunes-dakar-senegal-cdd-specialiste-en-suivi-evaluation/
"Assistant(e) Suivi-Evaluation, Redevabilité et Apprentissage (SERA)",MESRI - Projet Espoir Jeunes,"Dakar, Sénégal",CDD,2026-04-24,N/A,"Missions / tachesCollecte, saisie et contrôle qualité des données.Appui au système digital de suivi-évaluation.Appui au reporting.Appui logistique aux activités SERA.Archivage et gestion documentaire.Suivi des engagements pris par le Ministère et les bailleurs.Assurer le suivi des indicateurs et relatifs.Qualifications et expérienceFormation : Bac+3/4 en statistiques, gestion de projet, systèmes d’information, data management ou domaine équivalent.Minimum 5 ans d’expérience en suivi de projets (une expérience sur des projets d’infrastructures est un atout).Expérience avec des projets financés par des bailleurs (Banque mondiale, AFD, BAD).Bonne maîtrise d’Excel et des outils de gestion de bases de données.Maîtrise des outils de collecte digitale (KoboToolbox, etc.) fortement souhaitée.Connaissance des outils SIG constitue un atout.Bonnes capacités de rédaction et de synthèse.",https://www.emploidakar.com/offre-demploi/mesri-projet-espoir-jeunes-dakar-senegal-cdd-assistante-suivi-evaluation-redevabilite-et-apprentissage-sera/
Assistant(e) de direction,MESRI - Projet Espoir Jeunes,"Dakar, Sénégal",CDD,2026-04-24,N/A,"Missions / tachesGérer les agendas du projet (rendez-vous, réunions, audiences).Préparer et mettre en forme les courriers officiels, notes de synthèse et comptes rendus de réunions.Assurer l’archivage physique et numérique des documents stratégiques du projet.Coordonner la logistique des ateliers de validation (réservation de salles, invitations, gestion des listes de présence, dossiers de participants).Superviser l’organisation des sessions du Comité de Pilotage, des revues et réunions avec les partenaires.Assurer le suivi des recommandations issues des réunions hebdomadaires de l’UGP.Gérer les aspects logistiques des déplacements sur le terrain (réservation d’hôtels, transport, coordination avec les parties prenantes).Préparer les dossiers de mission (TDR des missions, documentation technique nécessaire).Qualifications et expérienceFormation : Titulaire d’un diplôme de niveau Bac+3 au minimum en Assistanat de Direction, Gestion Administrative, Secrétariat de Direction ou équivalent.Minimum 05 ans d’expérience professionnelle confirmée à un poste similaire.Une expérience dans un projet financé par des bailleurs de fonds (Banque mondiale, AFD, BAD) est un atout majeur.Compétences techniques :Maîtrise parfaite de la langue française (écrit et oral).Maîtrise avancée des outils bureautiques (Word, Excel, PowerPoint, Outlook).Capacité à rédiger des procès-verbaux de haute qualité.Qualités personnelles : sens aigu de l’organisation, discrétion absolue, capacité à travailler sous pression et aisance relationnelle.",https://www.emploidakar.com/offre-demploi/mesri-projet-espoir-jeunes-dakar-senegal-cdd-assistante-de-direction/
Commercial(e),Entreprise de communication et d’impression numérique,"Dakar, Sénégal",CDI,2026-04-24,N/A,"Une entreprise spécialisée en communication et impression numérique basée à Dakar recrute un(e) commercial(e) motivé(e) pour renforcer son équipe.Missions :Prospecter de nouveaux clients et développer le portefeuillePromouvoir les services de communication et d’impression numériqueAssurer le suivi et la fidélisation des clientsNégocier et conclure les ventesParticiper à la définition de la stratégie commercialeProfil recherché :Expérience en vente ou en développement commercial (idéalement dans le secteur de la communication ou de l’impression)Excellentes compétences relationnelles et sens de la négociationDynamique, autonome et orienté(e) résultatsBonne présentation et aisance à l’oralConditions :Poste basé à DakarRémunération attractive (fixe + commissions)Intéressé(e) ? Envoyez votre CV en message privé ou à l’adressemerganne.biribox@gmail.com",https://www.emploidakar.com/offre-demploi/entreprise-de-communication-et-dimpression-numerique-dakar-cdi-commerciale/
Frigoristes industriels expérimentés,Tech Trust Africa,Sénégal,Prestation de Services,2026-04-24,N/A,"Dans le cadre de missions confidentielles pour des partenaires industriels, nous procédons actuellement à l’identification ciblée de frigoristes industriels hautement qualifiés.Profil recherchéNous ne recherchons pas des profils standards, mais des techniciens capables de démontrer :Une expertise confirmée en froid industriel (≥ 5 ans recommandé)Une maîtrise des installations complexes (NH3, CO₂, systèmes multiétages)Une capacité à diagnostiquer et résoudre des pannes critiques en autonomieUne expérience sur sites industriels exigeants (agroalimentaire, énergie, logistique)Une approche rigoureuse orientée résultats et sécuritéPositionnementLes profils sélectionnés intégreront un réseau restreint de spécialistes, sollicités pour :Des opportunités professionnelles cibléesDes projets techniques à forte valeur ajoutéeDes collaborations avec des acteurs industriels structurésProcessus de sélectionÉtude approfondie du parcoursÉvaluation techniqueValidation des références professionnellesCandidatureMerci de transmettre :CV détaillé (missions techniques précises)Réalisations significatives (types d’installations, responsabilités)Éléments concrets attestant de votre expertiseà l’adressecontact@datasafriq.comConfidentialitéToutes les candidatures sont traitées avec la plus stricte confidentialité.",https://www.emploidakar.com/offre-demploi/tech-trust-africa-senegal-prestation-de-services-identification-de-talents-frigoristes-industriels-experimentes/
Infographe,Entreprise de communication et d’impression numérique,"Dakar, Sénégal",CDI,2026-04-24,N/A,"Une entreprise spécialisée en communication et impression numérique basée à Dakar recrute un(e) infographiste confirmé(e) disposant de plus de 5 ans d’expérience professionnelle.Profil recherché :Excellente maîtrise des outils de création graphique (Adobe Suite : Photoshop, Illustrator, InDesign…)Sens aigu de la créativité et du détailExpérience en conception visuelle pour supports print et digitalCapacité à travailler en équipe et à gérer plusieurs projets simultanémentConditions :Poste basé à DakarRémunération attractive selon profil et expérienceMerci d’envoyer votreCVet portfolio à l’adresse indiquéemerganne.biribox@gmail.comN’hésitez pas à partager cette opportunité !",https://www.emploidakar.com/offre-demploi/entreprise-de-communication-et-dimpression-numerique-dakar-cdi-infographe/
Stagiaire Marketing & Communication,Entreprise de communication et d’impression numérique,"Dakar, Sénégal",Stage,2026-04-24,N/A,"Une entreprise spécialisée en communication et impression numérique basée à Dakar recrute un(e) stagiaire en marketing et communication.Missions :Participer à la mise en œuvre des stratégies marketingContribuer à la gestion des réseaux sociaux et à la création de contenusAssister dans la conception et le suivi des campagnes publicitairesParticiper à la communication interne et externeProfil recherché :Étudiant(e) ou jeune diplômé(e) en marketing, communication ou domaine similaireBonne capacité rédactionnelle et esprit créatifMaîtrise des outils digitaux et des réseaux sociauxDynamique, organisé(e) et force de propositionConditions :Stage basé à DakarRémunération intéressanteEnvoyez votreCVet, si possible, des exemples de réalisations (contenus, campagnes, etc.) à l’adresse indiquéemerganne.biribox@gmail.com",https://www.emploidakar.com/offre-demploi/entreprise-de-communication-et-dimpression-numerique-dakar-stage-marketing-communication/
Docteur en Pharmacie ou Rayonniste,Pharmacie Gambetta,"Dakar, Sénégal",CDD,2026-04-24,N/A,Docteur en Pharmacie ou Licence en Physique Chimie / Sciences (vous abstenir si vous êtes déjà venu en entretien).Envoyez votrecandidatureà l’adresse suivante:gambetta1953@gmail.com,https://www.emploidakar.com/offre-demploi/pharmacie-gambetta-dakar-senegal-cdd-stage-docteur-en-pharmacie/
Responsable Atelier Mécanique,ACFI,Zone industrielle Diamniadio,CDD,2026-04-23,N/A,"Entreprise : ACFILieu : Zone industrielle DiamniadioÀ propos de ACFIACFI est une entreprise spécialisée dans la conception, fabrication et installation d’équipements industriels, notamment dans les secteurs des engrais, du convoyage et des procédés mécaniques.Nous développons des solutions adaptées aux réalités du terrain, avec une forte orientation production, robustesse et efficacité opérationnelle.Poste : Responsable AtelierACFI recrute un Responsable Atelier chargé de piloter la fabrication mécanique et d’assurer le respect des délais, qualité et productivité.Missions principales :Organisation et supervision de l’atelier (soudure, assemblage, fabrication)Planification de la production selon les projetsGestion des équipes (soudeurs, monteurs, techniciens)Contrôle qualité des fabricationsAppui à la conception (CAO)Lecture et validation des plansSuivi des délais et optimisation des ressourcesGestion des besoins en matériel et consommablesProfil recherché :Technicien confirmé ou Ingénieur en mécaniqueExpérience solide en fabrication métallique / mécaniqueMaîtrise de la lecture de plans (obligatoire)Compétences obligatoires en CAO (SolidWorks, Inventor ou équivalent)Bonne connaissance des procédés de fabrication (soudure, découpe, assemblage)Expérience en gestion d’équipe atelierExpérience en fabrication de machines agricoles (un atout)Qualités attendues :Leadership terrainRigueur et sens de l’organisationRéactivité et capacité à gérer la pressionEsprit pratique et orienté résultatsConditions :Type de contrat : (à définir)Rémunération : selon profilCandidature :EnvoyerCVà :contact@acfi.sn",https://www.emploidakar.com/offre-demploi/acfi-diamniadio-senegal-cdd-cdi-responsable-atelier-mecanique/
Lancement de la 6e Cohorte de Formation Humanitaire,Institut EHI,"Dakar, Sénégal",N/A,2026-04-23,N/A,"L’Institut EHI,la première école humanitaire en Afrique, lance en partenariat avec l’ONGMon Afrique a des rêves de France sa6 ème cohortede formation dans le secteur humanitaire.Nous sommes membres de la Plateforme des 85 ONG européennes au Sénégal (PFONGUE).Pourquoi se former avec nous ?Travailler dans les ONG est un secteur très recherché. Une formation qualifiante augmente considérablement vos chances d’intégrer ce milieu compétitif. Nos étudiants acquièrent une expérience concrète en se formant aux côtés de professionnels reconnus et deviennent des experts et consultants internationaux pour des programmes humanitaires.Nos formations couvrent des domaines essentiels tels que :Coordination de programmes humanitairesConsultant indépendant analyse de données pour les grandes ONGs internationalesSpécialiste et consultant international enFundraisinget Financement participatif (Crowdfunding)Spécialiste et consultant international de la logistique humanitaireMEAL et consultant international (Suivi, Pilotage et Évaluation) de projets de développement durableExpert-consultant international de programme humanitaireUn Secteur en Pleine CroissanceL’Afrique manque cruellement de formations certifiantes en humanitaire. Notre institut propose des certifications d’écoles, en partenariat avec des associations Loi 1901 en France, spécialisées dans les défis globaux :Crises nutritionnelles et climatiquesAccès à l’eau, santé et développement durableLutte contre la pauvreté et l’émigration clandestineQHSE (Qualité, Hygiène, Sécurité, Environnement) et innovation solidaireDébouchés ProfessionnelsNos formations vous préparent aux métiers de l’humanitaire et vous accompagnent pour postuler auprès d’organisations de renom :ONU, UNICEF, Save the Children, Action Contre la Faim, UNESCO, etc.Plateformes internationales spécialisées, commewww.emploihumanitaire.orgNos Atouts ClésInterventions de professionnels et experts internationaux.Aide à la rédaction de CV et préparation aux entretiens d’embauche.Accompagnement vers des stages au sein de grandes ONGComment postuler ?Remplissez le formulaire sur notre plateformewww.emploihumanitaire.orget notre service RH vous contactera sous 48h maximum pour un entretien.Formez-vous dès maintenant et construisez une carrière engagée avec les ONG !www.emploihumanitaire.org",https://www.emploidakar.com/offre-demploi/institut-ehi-dakar-senegal-prestation-de-services-lancement-de-la-5e-cohorte-de-formation-humanitaire/
Clinical Trial Coordinator (Consultancy),Medical Research Council The Gambia,"Dakar, Senegal (with travel to Northern Senegal and The Gambia)",CDD,2026-04-23,N/A,"We’re Hiring: Clinical Trial Coordinator (Consultancy).The Medical Research Council Unit The Gambia at the London School of Hygiene & Tropical Medicine is seeking an experienced Clinical Trial Coordinator to support a Phase 1/2a Rift Valley Fever (RVF) vaccine trial in collaboration with the Coalition for Epidemic Preparedness Innovations and Institut Pasteur Dakar.Location :Dakar, Senegal (with travel to Northern Senegal and The Gambia)Duration :18 months (with potential extension)About the RoleYou will coordinate clinical trial activities across multiple sites, ensuring high-quality study conduct and effective stakeholder engagement.Key ResponsibilitiesCoordinate clinical trial operations across sitesEnsure compliance with ICH-GCP standardsLiaise with MRCG, IPD, and investigator teamsMonitor timelines, risks, and study performanceLead reporting, documentation, and communicationsRequirementsMedical degree with clinical trial experienceStrong project and stakeholder management skillsFluency in French & English (mandatory)Experience in resource-constrained settingsKnowledge of clinical trial operations and GCPTerms of Reference (ToR)Access the full ToR hereHow to ApplySend your application (Technical Proposal, Financial Proposal, CV, and references) to:tender@mrc.gmCopy:bintou.sumareh@lshtm.ac.ukandadrameh.gaye@lshtm.ac.ukDeadline :26 April 2026 (23:59 GMT)",https://www.emploidakar.com/offre-demploi/medical-research-council-the-gambia-dakar-senegal-with-travel-to-northern-senegal-and-the-gambia-cdd-clinical-trial-coordinator-consultancy/
Agent Administratif,Nations Unies,"Dakar, Sénégal",CDD,2026-04-23,N/A,"This position is located in the Office of the Chief of Mission Support (CMS) within the United Nations Office for West Africa and the Sahel (UNOWAS), duty station Dakar, Senegal. As the principal advisor and direct support to the Chief of Mission Support, the Administrative Officer also serves as Head of the Supply and Facilities Management Unit for both UNOWAS and the Cameroon-Nigeria Mixed Commission (CNMC). In this dual capacity, the Administrative Officer plays a central role in ensuring the effective management of mission support operations, supply chain, and facilities services across all locations.The Administrative Officer contributes to the implementation of the mission mandate by providing professional, logistical and administrative support required for the fulfilment of the mandate. The incumbent’s responsibilities extend to UNOWAS and CNMC field offices operating across three countries, requiring close coordination with diverse mission components and external stakeholders. This includes regular engagement with government officials, UN agencies, funds and programmes in mission areas, as well as collaboration with colleagues at UN Headquarters.RequirementsAdvanced university degree (Master’s degree or equivalent) in business or public administration, management, finance, economics, accounting, law or related area. A first-level university degree in combination with qualifying experience may be accepted in lieu of the advanced university degree.A minimum of seven years of progressively responsible experience in administration, budget, finance, accounting, human resources management, or related field is required. Experience working within the UN system is desirable. Knowledge of IPSAS and UMOJA is desirable.English and French are the working languages of the United Nations Secretariat. For this job opening, English and French are required. The table below shows the minimum required level for each skill in these languages, according to the UN Language Framework.Deadline : 22 May 2026",https://www.emploidakar.com/offre-demploi/nations-unies-dakar-senegal-cdd-agent-administratif/
Administrateur Ressources Humaines DESK,ALIMA,"Dakar, Sénégal",CDI,2026-04-23,N/A,"Mission principaleAssurer la fiabilité et la fluidité du parcours administratif et opérationnel des expatriés du Desk, en garantissant la qualité des données RH, le respect des échéances clés et une expérience claire et sécurisée pour les collaborateurs, dans un environnement multiculturel exigeant.Activités principalesGestion et sécurisation contractuelle administrativeConstituer le dossier du personnel expatrié et vérifier leur complétude dès la validation du recrutement en centralisant une liste de documents préétablie; communiquer aux salarié.e.s les informations nécessaires à la création du contrat et à  la souscription  à l’assurance santéÉlaborer les contrats de travail, les avenants en conformité avec les éléments validés (postes, conditions, dates) et les faire signer dans les 72 heures avant la date de début du contrat ou avant la fin du contrat en cours, les documents de rupture de contrat à l’amiable etc.  et les faire signer avant la date de rupture de contratAssurer la signature des documents contractuels dans les délais requis (avant prise de fonction ou échéance contractuelle)Contrôler la cohérence et la fiabilité des informations contractuelles et administrativesAssurer une révision fiable des fiches de salaire en fin d’année dands le respect des délais et procédures en collaboration avec sa/son Référent.e RH.Assurer le suivi des preuves de vie (s’assurer que chaque expatrié a transmis sa preuve de vie au début de sa mission)Procéder aux formalités liées à la souscription d’assurance santé pour chaque personnel International terrain dès la signature de son contrat et s’assurer que l’expatrié a reçu d’ALLIANZ toutes les informations nécessaires liées à sa prise en charge santé (carte d’assurance etc.)Identifier toute incohérence ou anomalie dans le processus de déploiement de l’expatrié et alerter le/le Référent(e) RH dans les meilleurs délaisOrganiser et coordonner les briefings et débriefings des expatriés (au siège ou à distance)Tenir informé les Coordinateurs finances/RH, les Chefs de Mission, les Coordinateurs logistiques les assistants RH sur le terrain de l’arrivée des nouveaux expatriésOrganisation et suivi des déploiements et mouvementsOrganiser les départs en mission (visa, transport, hébergement, documents de mission) dans le respect des délaisAssurer le suivi des mouvements du personnel (prise de poste, renouvellement, fin de mission)Préparer et transmettre les  documents nécessaires aux déplacements et à la prise de fonctionPréparer et faire valider les engagements de dépenses liés aux frais financiers engendrés par les départs en mission  des expatriés et à leur fin de missionAnticiper les échéances de déploiement et alerter le/la Référent (e) RH en cas de risque de retard ou de blocageAssurer la mise à jour des outils de suivi des mouvements du personnelCoordonner avec les acteurs concernés (terrain, logistique, desk) pour garantir la fluidité des déploiementsCoordination des fins de missions et SDTCAssurer la préparation des fins de mission en coordination avec les acteurs concernés (terrain, desk, paie) dès qu’elle a l’information du non renouvellement de contrat d’un expatriéVérifier la disponibilité de l’ensemble des éléments nécessaires à l’établissement du solde de tout compteÉtablir et transmettre les documents de fin de contrat dans les délais requisS’assurer de la complétude et de la fiabilité des informations transmises à la paieSuivre le traitement et le paiement des soldes de tout compte en lien avec la paieIdentifier les retards, incohérences ou blocages dans le traitement des SDTC des expatriés et alerter le /la  Référent(e) RHAssurer la désactivation  ALLIANZ de l’expatrié un mois après sa fin de missionFiabilisation des données RH, gestion de l’interface avec le service paie et production des reportings pour le suivi de l’activité.Collecter, centraliser, et vérifier les données RH nécessaires à la paie (contrats, mouvements, etc.)Contrôler la complétude, la cohérence et la fiabilité des informations avant leur transmissionIdentifier les écarts ou incohérences et effectuer les relances nécessaires auprès des interlocuteurs concernés (terrain, desk)Assurer une transmission des données dans les délais compatibles avec le calendrier de paieCoordonner avec la gestionnaire de paie pour sécuriser la prise en compte des éléments transmisSuivre les dossiers jusqu’à leur traitement effectif et gérer les corrections si nécessaireAlerter le / la Référent(e) RH en cas de dysfonctionnement ou de risque impactant la paieAccompagnement et information des expatrié.e.sFournir aux expatrié.e.s une information claire, cohérente et fiable à chaque étape de leur parcours (départ, mission, fin de mission)Répondre aux demandes ou orienter efficacement vers les interlocuteurs appropriésS’assurer que les informations transmises sont comprises et adaptées à un environnement multiculturelAnticiper les besoins d’information et limiter les zones d’incertitude pour les expatriésVeiller à ne laisser aucune demande sans réponse, même en cas de dépendance à d’autres servicesContribuer à une expérience fluide et sécurisante pour les expatriésProfil et expérience souhaitésDiplôme Bac à Bac +3 en Gestion, Administration, Finances, RH, ou formation jugée équivalente.Minimum 2 années d’expérience dans un environnement opérationnel exigeant .Expérience en gestion de mobilité internationale, coordination RH ou logistique de personnelExpérience dans un environnement à forte contrainte de délais et de volumeCompétences techniquesBonne maîtrise des outils informatiques (G-Suite e).Bonne compréhension des processus RH (contrats, mobilité, fins de missions)Capacité à gérer et fiabiliser des données RH complexesConnaissance des enjeux de paie et interactions avec un service paieConnaissance du droit du travail français est un atout​Compétences comportementaleRigueur : capacité à traiter des données avec précision et fiabilitéSens du service : attention portée à la qualité de l’expérience des expatriésAssertivité : capacité à relancer, coordonner et faire avancer les dossiers sans autorité hiérarchiqueOrganisation et gestion des priorités dans un environnement à forte chargeCapacité à évoluer dans un environnement multiculturelProactivité dans l’identification et la résolution des problèmesConnaissances en langues :La maîtrise du français et de l’anglais (lu, écrit, parlé) est indispensableConditionsDurée du contrat : Contrat à durée indéterminée de droit sénégalaisPrise de poste : Dès que possibleSalaire : 611 293 FCFAContribution frais de transport à 72 032 FCFA2,75 Jours de congés payés par Mois ;Couverture santé complémentaire, prises en charge par ALIMA pour l’employé et ses ayants droit;Participation aux frais de scolarité pour les enfants de 2 à 18 ans selon la politique extra contractuelle d’ALIMA en vigueur.",https://www.emploidakar.com/offre-demploi/alima-dakar-senegal-cdi-administrateur-trice-rh-desk/
Contrôleur Interne – Projets,Institut Pasteur de Dakar,"Dakar, Sénégal",CDD,2026-04-23,N/A,"Titre : Contrôleur Interne – ProjetsRéférence : CONTINT/DCI/IPD2026Département : Direction Contrôle Interne – ProjetsN+1 : Directeur Contrôle InterneLieu : Campus/DakarContrat : CDD 12 moisDeadline : 29 avril 2026Début souhaité : Juin 2026À propos de l’InstitutL’Institut Pasteur de Dakar (IPD) est une fondation d’utilité publique sénégalaise dédiée à la santé publique, la recherche, l’innovation et l’éducation en Afrique. Depuis sa fondation en 1896, l’institut n’a cessé de se développer pour le bénéfice des populations et est aujourd’hui spécialisée dans les 5 domaines suivants :Recherche & DéveloppementDiagnostic, vaccination, alimentation et environnementÉducation, formation et développement des talentsExpertise et orientation stratégique en santé publiqueProduction et distribution de vaccins et de dispositifs médicauxDe manière unique, l’IPD rassemble ainsi des capacités et des fonctions clés pour relever les défis de santé publique et les menaces mondiales et joue un rôle régional important dans ses partenariats avec l’OMS et la lutte contre les maladies infectieuses.A l’IPD, nous inspirons, nous éduquons et nous attirons des Femmes et des Hommes de sciences passionnés et visionnaires pour développer des solutions significatives et efficaces aux problèmes de santé publique en Afrique ! Notre Ambition est de diriger, influencer et améliorer la santé humaine, chaque jour, de manière sûre et durable.Si vous avez l’esprit Pasteurien, comme nous, Rejoignez-Nous !Activités du posteDans le cadre du renforcement du dispositif de contrôle interne et des exigences croissantes des partenaires techniques et financiers en matière de conformité et de transparence, l’IPD recrute un Contrôleur Interne dédié aux projets.Ce poste vise à sécuriser la gestion des opérations, à garantir le respect des procédures internes et contractuelles, et à renforcer la crédibilité de l’institution auprès de ses bailleurs de fonds.Mission généralePlacé sous l’autorité du Directeur du Contrôle Interne, le Contrôleur Interne Projets est chargé d’assurer la mise en œuvre et le suivi du dispositif de contrôle interne au sein des projets portés par l’IPD. Il veille à la conformité des opérations avec les procédures internes de l’institution et les exigences contractuelles des partenaires financiers.Activités principalesContrôle de la conformité et des procéduresVérifier la conformité des opérations des projets aux procédures internes de l’IPD et aux règles des bailleurs de fondsContrôler la régularité et la sincérité des pièces justificatives (dépenses, marchés, contrats)S’assurer que les autorisations et validations requises sont obtenues avant toute opérationIdentifier les écarts et non-conformités et en assurer le reportingGestion des risques et traçabilitéContribuer à l’identification, l’évaluation et la cartographie des risques liés aux projetsVeiller à la traçabilité complète des opérations financières, administratives et logistiquesProposer des mesures correctives et préventives pour réduire l’exposition aux risquesParticiper à la mise à jour du registre des risques projetsSuivi et reportingÉlaborer des rapports périodiques de contrôle interne à destination du Directeur du Contrôle InterneSuivre la mise en œuvre des recommandations formulées à l’issue des missions de contrôlePréparer les éléments de réponse aux demandes d’audit externe (auditeurs bailleurs, commissaires aux comptes)Alimenter les tableaux de bord de suivi du contrôle interne des projetsAccompagnement et renforcement des capacitésSensibiliser et former les équipes projets aux procédures internes et aux exigences des partenairesAppuyer les chefs de projets dans l’application correcte des règles de gestionDiffuser les bonnes pratiques en matière de gouvernance, de transparence et de conformitéContribuer à l’amélioration continue des outils et procédures de contrôle interneProfil recherchéFormationNiveau de qualification ou compétences requises :Avoir un Master en Comptabilité Contrôle Audit ou diplôme équivalentAvoir au moins 5 ans d’expérience dans le domaine du contrôleCompétences techniques :Maîtrise des outils bureautiques et des procédures de gestion administrativesMaîtrise des risques et procédures : Capacité à identifier, évaluer et cartographier les risques, ainsi qu’à concevoir des procédures de contrôle interneConnaissance financière et comptable approfondieAnalyse de données :Utilisation d’Excelet d’outils informatiques/logiciels métiersVeille réglementaire : Capacité à se tenir à jour sur les normes et exigences de conformitéQualités personnelles :Rigueur, sens de l’organisation et souci du détailIntégrité, discrétion et respect de la confidentialitéCapacité d’analyse, esprit critique et force de propositionCapacité à améliorer ses performances et celles du système de manière continueAptitude à travailler de manière autonome tout en s’intégrant dans une équipeBonnes aptitudes relationnelles et pédagogiques pour l’accompagnement des équipesCapacité à gérer les priorités et à travailler sous pression dans des délais serrésSens de la communication et fiabilitéAptitude à communiquer en anglaisL’institut Pasteur de Dakar est un employeur de référence qui propose des conditions de travail favorables à l’épanouissement professionnel.Si vous êtes intéressé, vous pouvez postuler en envoyant votreCVà l’adressetalents@pasteur.snet y ajoutant en objet la référence : CONTINT/DCI/IPD2026 avant le 29 avril 2026.Du fait de la quantité des candidatures, seuls les candidats shortlistés seront contactés.",https://www.emploidakar.com/offre-demploi/institut-pasteur-de-dakar-dakar-senegal-cdd-controleur-interne-projets/
Chef de Chantier Ferme Mécanique Statut : Pépinière – Cat :M5,Compagnie Sucrière Sénégalaise,"Richard-Toll, Sénégal",CDI,2026-04-23,N/A,"Missions du posteLe titulaire du poste a pour mission principale d’organiser et de superviser les opérations de mélanges d’engrais.Il aura entre autres missions de :Préparer les ordres de mission, et les bons de sorties du magasin en fonction du programme (parcelles à traiter, superficie et dose à épandre) ;Mettre en place l’équipe de manœuvres chargée du mélange des engrais ;Mettre en place la rotation des bennes engrais entre le magasin et les chantiers ;Rappeler les normes et le programme du jour ;Contrôler la bonne mise en place du chantier ;Contrôler l’uniformité d’épandage d’engrais dans les sillons, faire apporter les corrections nécessaires ;Organiser et contrôler le travail d’épandage manuel d’appoint des manœuvres (côté canal) ;Surveiller la vitesse d’avancement des tracteurs, les réglages et le travail au champ ;Contrôler la recharge en engrais des épandeurs ;Contrôler le calibrage des épandeurs (le chef d’équipe effectue le calibrage à l’arrivée au chantier, le chef de chantier fait un contrôle du calibrage à mi-journée vers 11h).Compétences techniques requises :Maîtrise Normes et bonnes pratiques agricolesMaîtrise Technique d’épandage d’engraisBases en mécanique (entretien, petites réparations).Compétences générales requises :Organisation et rigueur,Vigilance et sens de la sécurité ;Esprit d’équipe.Niveau d’étude et Expérience :Diplôme de technicien en machinisme agricole (agroéquipement)Un stage significatif en production agricole mécanisée serait un atout",https://www.emploidakar.com/offre-demploi/compagnie-sucriere-senegalaise-richard-toll-senegal-cdi-chef-de-chantier-ferme-mecanique-statut-pepiniere-cat-m5/
Responsable Développement Formation Continue,RMO Sénégal,"Dakar, Sénégal",CDD,2026-04-23,N/A,"MissionsÉlaborer et piloter le plan d’action commercial ;Définir les cibles et planifier les actions de prospection ;Promouvoir l’offre du centre, développer sa notoriété et son image ;Développer et entretenir des relations avec les entreprises, les financeurs et les prescripteurs ;Prospecter les entreprises du secteur de l’industrie agroalimentaire sur l’ensemble du territoire ;Identifier les besoins des entreprises et proposer des solutions de formation adaptées ;Élaborer les propositions commerciales et négocier les contrats ;Assurer la commercialisation des actions de formation ;Accompagner les entreprises dans la définition de leurs plans de formation et des dispositifs de financement ;Assurer une veille marché (besoins, concurrence, réglementation) et remonter les informations à la direction.CandidatureEnvoyez votre CV àrecrutement@rmo.snen indiquant en objet du mail : Responsable Développement Formation Continue",https://www.emploidakar.com/offre-demploi/rmo-senegal-dakar-senegal-cdd-responsable-developpement-formation-continue/
Acheteur Sénior,Société de Cultures Légumières (SCL),"Saint-Louis, Sénégal",CDD,2026-04-23,N/A,"La Société de Cultures Légumières (SCL), située à 2 km du barrage de Diama, au nord du Sénégal dans la région de Saint-Louis, exploite 1.500 hectares répartis sur 3 sites. Elle emploie 1.250 travailleurs sous contrat et entre 2000 et 6.000 travailleurs journaliers selon les périodes de l’année.Son modèle économique est basé sur la production, le conditionnement et l’exportation des légumes frais, majoritairement du maïs doux et du haricot vert.Pour le renforcement de ces capacités dans le domaine des achats, la SCL recrute unAcheteur Sénior (H/F)expérimenté pour mieux répondre aux exigences de l’entreprise. Ce poste à fort potentiel évolutif, couvre le portefeuille stratégique des intrants agricoles et le conditionnement.Missionsstratégiques et opérationnelles :Gestion du portefeuille stratégique :Piloter un panel de fournisseurs critiques pour la production (matières premières agricoles, emballages techniques, outillages spécifiques) ;Élaborer et mettre en œuvre les stratégies d’achats par catégorie.Analyse de marché et sourcing :Réaliser une veille permanente sur la volatilité des cours des matières premières agricoles et les innovations packaging ;Identifier et qualifier de nouvelles sources d’approvisionnement.Négociation et contractualisation de haut niveau :Piloter les appels d’offre complexes et les RFQ ;Négocier des contrats cadres intégrant des clauses de performances (qualité, délai, flexibilité indexation prix) ;Mettre en place des outils de couverture de risques prix/volume) pour sécuriser les marges de l’entreprise.Pilotage de performance et gestion du cycle de vie fournisseur :Développer et suivre les KPI achats, être le garant du processus Procure-to-Pay et la résolution des litiges complexes (techniques ou financier) en interface avec la comptabilité et les magasins ;Proposer des axes d’amélioration continue pour réduire les coûts cachés et optimiser les stocks.Dimension évolutive et management de transition :Rapport stratégique: être le bras droit du Directeur des Achats dans la préparation des grosses commandes, revues budgétaires et des rapports Direction Générale ;Participer activement à l’optimisation de l’ERP et la digitalisation de la fonction achat.Profil recherché/Compétences requises :Être titulaire d’une Licence 3 ou plus de Gestion et commerce avec spécialisation Achat / Supply Chain, avec une expérience de 02 ans au minimum au poste d’acheteur confirmé.Être motivé, rigoureux, fort en négociation et aime les défis, avoir le sens de l’éthique, de la communication et du relationnel.",https://www.emploidakar.com/offre-demploi/societe-de-cultures-legumieres-scl-saint-louis-senegal-cdd-cdi-acheteur-senior/
Chargé Lots Techniques Junior,Sablux,"Dakar, Sénégal",CDD,2026-04-23,N/A,"Rattaché à l’Ingénieur Senior Lots Techniques, vous intervenez sur l’ensemble des lots techniques du bâtiment, couvrant à la fois les installations électriques (CFO/CFA) et les réseaux fluides (CVC, plomberie, désenfumage). Vous assurez la modélisation BIM sous Revit MEP et la production des plans lots techniques, en garantissant la cohérence inter-lots et la qualité des livrables à chaque phase du projet.Profil recherchéBac +2 / Bac +3 en Génie Électrique, Génie Climatique, Énergétique du Bâtiment ou équivalent (DUT Génie Civil option Énergie, BTS Électrotechnique / Fluides)Débutant accepté avec maîtrise de Revit MEP. Expérience BIM (stage ou projet académique) couvrant l’un ou les deux lots techniques fortement valorisée.CompétencesMaîtrise de Revit MEP (impératif) et d’AutoCAD ;Bonne compréhension du processus BIM et de la coordination multi-lots ;Connaissances de base en électricité bâtiment (CFO/CFA) : chemins de câbles, tableaux, luminaires ;Notions solides en CVC et plomberie : réseaux fluides, gainage, tuyauterie, désenfumage ;Notions des normes applicables : NF C 15-100 (électricité), NF/ASHRAE (fluides) ;Capacité à exploiter les maquettes BIM (quantitatifs, réservations, extractions, clash detection) ;Rigueur, sens du détail et organisation dans la gestion simultanée de plusieurs lots ;Esprit d’équipe, communication fluide et capacité d’apprentissage rapide.",https://www.emploidakar.com/offre-demploi/sablux-dakar-senegal-cdd-cdi-charge-lots-techniques-junior/
Gardien,Sen Interim,"Dakar, Sénégal",CDD,2026-04-23,N/A,"Nous sommes à la recherche d’un gardien avec un bon niveau d’expression en français.Compétence et aptitude : Ponctuel, respectueux , discipliné.Être disponible à travailler de 16h-00h.",https://www.emploidakar.com/offre-demploi/sen-interim-dakar-senegal-cdd-gardien/
Superviseur de Salle,Sen Interim,"Dakar, Sénégal",CDD,2026-04-23,N/A,"Nous sommes à la recherche d’un superviseur de salle avec un bon niveau d’expression en français. instruit et assiduCompétence et aptitude : Ponctuel, respectueux, discipliné.Être apte et disponible à travailler de 08h-16h/ 16h-00h/ 00h-08h",https://www.emploidakar.com/offre-demploi/sen-interim-dakar-senegal-cdd-superviseur-de-salle/
Comptable Sénior,GPF,"Dakar, Sénégal",CDD,2026-04-23,N/A,"Nous recrutons un Comptable Senior pour un de nos clients évoluant dans le secteur de l’immobilier.Missions principales:Gestion de la comptabilité générale (enregistrement des pièces reçues, tenues des journaux, analyses périodiques des comptes)Revue des états de rapprochement bancaires mensuelsElaboration des reportings et des états financiersRevue des déclarations fiscales et socialesSuivi du paiement des impôts et taxesSuivi des paiementsProfil:Bac + 5 en comptabilité ou gestionExpérience d’au moins 2 ans dans un poste similaireL’expérience en cabinet est un plusSavoir travailler sous pressionÊtre à l’aise avec Sage Saari/SAPEtre à l’aise avec Microsoft office particulièrementExcel",https://www.emploidakar.com/offre-demploi/gpf-dakar-senegal-cdi-comptable-senior/
Assistant(e) Contrôle RH,Eco Afrique,"Dakar, Sénégal",CDD,2026-04-23,N/A,"Missions et ResponsabilitésParticiper à l’élaboration du budget des frais de personnelSuivre et analyser les écarts entre le budget et le réaliséProposer des actions correctives et des optimisations de couts RHCollecter, consolider et fiabiliser les données socialesConcevoir et produire des tableaux de bord RH réguliersS’assurer de la qualité et de la cohérence des données RHMettre en place des processus d’automatisation pour la collecte et l’analyse des donnéesProfilBac + 3/4 Contrôle de Gestion, RH est tout autres équivalents.1 à 2 ans d’expérience professionnelle minimumMaitrise du système MIAGE",https://www.emploidakar.com/offre-demploi/eco-afrique-dakar-senegal-cdd-cdi-assistante-controle-rh/
Directeur Système d’Information,Eco Afrique,"Dakar, Sénégal",CDI,2026-04-23,N/A,"Rattaché au Directeur Général, le Directeur Système d’Information assure la gouvernance, la supervision et l’évolution du Système d’Information, en garantissant sa disponibilité, sa sécurité et son adéquation aux besoins métiers, tout en optimisant les coûts et en accompagnant la transformation digitale de la banque.Activités Principales :Stratégie et gouvernance du SIDéfinir et mettre en œuvre la stratégie SI en cohérence avec les orientations du groupe et les objectifs de la filiale.Piloter la performance et la conformité du SI (réglementaire, sécurité, continuité d’activité).Élaborer et suivre le budget SI, en optimisant les coûts d’infogérance et les investissements.Management de l’infogérance et des prestatairesSuperviser les relations avec le Centre de Support Filiale (CSF) et les autres prestataires techniques.Assurer le respect des SLA (niveaux de service) et la qualité des services délivrés.Être l’interface principale entre les équipes internes, les utilisateurs et les prestataires externes.Gestion de projets et transformation digitalePiloter les projets SI (fonctionnels et techniques) depuis l’expression du besoin jusqu’à la mise en production.Accompagner les métiers dans l’évolution des outils et processus, notamment dans le cadre de la digitalisation.Assurer la maintenance et la mise à jour de la documentation technique et fonctionnelle.Support utilisateur et micro-informatiqueSuperviser la gestion du parc micro-informatique (administration, maintenance, renouvellement).Garantir un support de qualité aux utilisateurs en collaboration avec le CSF.Promouvoir l’adoption des outils et bonnes pratiques en matière de système d’information.Sécurité, continuité et diffusion de l’informationVeiller à la sécurité des données et des systèmes, en conformité avec les normes bancaires et celles du groupe.Assurer la continuité d’activité et la résilience du SI (PCA/PRA).Faciliter la circulation et la qualité de l’information au sein de l’organisation.Management transversal et reportingAnimer et coordonner les équipes internes dédiées au SI.Rendre compte régulièrement à la Direction Générale sur l’état du SI, les projets en cours et les indicateurs clés.Réaliser toutes autres missions confiées par la hiérarchie dans le cadre des objectifs du département.Mise en place des instruments organisationnels :Rédaction et diffusion des manuelsFormation du personnelGestion des fiches de fonctionReprises d’éventuels instruments existants :Collecte des notes d’instructions existantesAnalyse de cette documentation pour élimination des sources contradictoires ou redondantesClassement en fonction de la nomenclature des manuelsRéactualisation et rappel des instructionsGestion du Système d’Information :Gestion et suivi des habilitationsGestion des tables de codifications et de référencesGestion des incidentsOptimisation des processusGestion des évolutionsGestion de la sécuritéGestion de l’éditiqueToute autre tâche confiée par sa hiérarchie dans le cadre des missions.Profil :Diplôme d’ingénieur, master en informatique, télécoms ou gestion des systèmes d’information.Expérience significative en management du SI dans le secteur bancaire ou financier.Connaissance des environnements réglementaires bancaires et des normes de sécurité (ISO, COBIT, etc.).Compétences en gestion de projet, négociation avec les prestataires et pilotage budgétaire.Leadership, excellent relationnel et capacité à fédérer des équipes internes et externes.Savoir faire face aux situations d’urgence.Capable de travailler sous pression.Rigueur et sens des responsabilités.Pragmatisme, orientations solutions.Forte autonomie et esprit d’initiative.",https://www.emploidakar.com/offre-demploi/eco-afrique-dakar-senegal-cdi-directeur-systeme-dinformation/
Développeur IT,Eco Afrique,"Dakar, Sénégal",CDI,2026-04-23,N/A,"Activités Principales :Définir une structure optimale des données et développer des programmes d’extraction ;Identifier les besoins en termes d’architecture, de données ainsi que l’adéquation avec l’environnement actuel pour le développement des solutions analytiques ;Contrôler et surveiller l’état de l’infrastructure ainsi que la sauvegarde et la sécurisation des données ;En collaboration avec le Directeur SI, définir et faire évoluer les solutions de stockage des données ;Mettre son expertise au profit des métiers pour déployer et soutenir les modèles analytiques et faciliter l’exploitation des données.Toute autre tâche confiée par sa hiérarchie dans le cadre des missions.Profil :Profil BAC+5 en Informatique avec une très bonne pratique des bases de données et l’application Amplitude, du développement SQL et des autres langages développements : PHP/MYSQL, PYTHON, Java/JavaScript, outil BI, etc.Une expérience significative en milieu bancaire.Savoir gérer la confidentialité des informations et des données.Savoir organiser et planifier ses activitésSavoir faire face aux situations d’urgenceCapable de travailler sous pressionRigueur et sens des responsabilitésPragmatisme, orientations solutionsForte autonomie et esprit d’initiativeSens du collectif et du travail en équipe",https://www.emploidakar.com/offre-demploi/eco-afrique-dakar-senegal-cdi-developpeur-it/
Responsable de production / Conducteur de Travaux,International Staffing Company,"Dakar, Sénégal",CDD,2026-04-23,N/A,"MissionsLe responsable de production organise, planifie, suit la production d’un atelier de confection lourde ainsi que la supervision des chantiers (conduite de travaux).Assurer la productionPlanifier la production en collaboration avec la direction généraleSuperviser les services connexes à la production (magasins, services généraux…)Réagir aux commandes imprévues et aux aléas techniques en concertation avec le service commercialCoordonner les exigences de production et les nécessités de maintenance (outils de production et services généraux)Assurer les communications avec les différents services : commercial, comptable et RHSuivre les productions journalières par rapport aux prévisions et les réajusterResponsable de la maintenance : outils industriels, services généraux, propreté du site et environnementAnimer le personnel de l’atelierGérer le personnel de production et s’assurer du recrutement nécessaire à la flexibilité ou aux périodes de suractivitéGérer le personnel des services annexes : magasiniers, chauffeurs et leurs véhiculesAméliorer les process de productionAnalyser les défaillances, les dysfonctionnements, proposer des améliorationsRechercher et proposer des solutions pour améliorer sans cesse la productivité, la réactivité et la qualité de la production : améliorer les implantations d’ateliers et optimiser les flux.Prévoir les investissements nécessaires en collaboration avec la DirectionRésultats attendusEfficacité, productivité et qualité de la production, son coût en fonctionnementRendre compte à la Direction GénéraleAssurer un bon climat socialAutonomie et responsabilitéLe poste dépend de la direction générale. Il encadre les responsables d’ateliers, les chefs d’équipes, les magasiniers, les chauffeurs et le personnel de la production, il est autonome quant aux moyens et à l’organisation des ateliers pour assurer le bon fonctionnement.Environnement de travailIl travaille entre son bureau, les ateliers et la Direction. Il se déplace à l’extérieur : chantier et suivi des équipes.Les horaires sont soumis aux aléas de la production.Compétences spécifiquesOptimiser la production : implantation des ateliers, flux, organisation du travailRecruter et participer au recrutement de collaborateursEvaluer les compétences et promouvoir ses collaborateursRésoudre des problèmes de natures différentes dans l’urgenceConnaissance de la confection textile est un plusCompétences transversalesEtre à l’écoute et disponibleSavoir être réactif devant les aléasEtre à la fois ferme et diplomate, savoir gérer des conflitsTravailler en équipeAnalyser et synthétiser de nombreuses informations chiffréesGérer des prioritésOrganiser et planifier les activitésMaîtriser les outils informatiquesProfil :De formation technique supérieure (minimum bac +2) vous justifiez d’une expérience réussie dans le milieu de la production et/ou la conduite de travaux dans le BTP.Titulaire d’un permis de conduireFrançais et Wolof impératifs, la maitrise de l’anglais est un plus.",https://www.emploidakar.com/offre-demploi/international-staffing-company-dakar-senegal-cdd-cdi-responsable-de-production-conducteur-de-travaux/
Responsable des services hôteliers pour la famille olympique,Comité d'Organisation des Jeux Olympiques de la Jeunesse Dakar 2026,"Dakar, Sénégal",CDD,2026-04-23,N/A,"Missions et responsabilitésLe/La Olympic Family Hotel Services Manager/Responsable des services hôteliers pour la famille olympique (H/F) pilote l’ensemble des services dédiés à la Famille Olympique au sein de l’Olympic Family Hotel (OFH & OF2), en garantissant une expérience irréprochable, fluide et conforme aux standards du Comité International Olympique (CIO).Véritable chef d’orchestre sur site, le/la Olympic Family Hotel Services Manager est responsable de la qualité d’exécution opérationnelle, de la coordination interservices et de la satisfaction des clients les plus stratégiques des Jeux.Il/Elle est en charge des activités suivantes :Pilotage de l’expérience clientGarantir un niveau d’excellence sur l’ensemble du parcours client (arrivée, séjour, départ);Assurer la qualité des services hôteliers : réception, conciergerie, housekeeping,restauration, espaces meetings;Mettre en œuvre et contrôler les standards spécifiques à la Famille Olympique Coordination opérationnelle.Coordination opérationnelleSuperviser les équipes OFS sur site;Assurer la coordination quotidienne avec les départements Dakar 2026 présents à l’OFH (Transport, Protocole, Sécurité, Accréditations, etc.);Être le point de contact principal entre l’hôtel, les équipes OFS et le CIO.Management & leadershipEncadrer, mobiliser et faire monter en performance les équipes opérationnelles;Instaurer une culture de service premium et de réactivité;Gérer les priorités dans un environnement à forte pression.Gestion des situations sensiblesAnticiper, gérer et résoudre les incidents clients avec diplomatie et efficacité;Assurer un suivi personnalisé des demandes VIP et sensibles;Garantir la confidentialité et la gestion des enjeux protocolairesAmélioration continue & reportingSuivre les indicateurs de qualité et de satisfaction;Identifier les axes d’amélioration et mettre en place des actions correctives rapides;Produire des reportings réguliers à destination du CIO et de Dakar 2026.Qualifications et compétences requises pour le posteFormation et Expérience professionnelleBac+4/5 en management hôtelier international ou équivalent;Minimum 5 ans d’expérience en hôtellerie haut de gamme, événementiel international ougrands événements sportifs;Expérience confirmée sur des environnements VIP, protocole ou clients sensibles;Expérience en ouverture d’hôtel ou grands événements fortement appréciée.Compétences techniquesExcellente maîtrise des standards hôteliers haut de gamme / luxe;Excellentes compétences relationnelles et sens politique.Savoir êtreLeadership confirmé et management d’équipes multiculturelles;Gestion du stress et prise de décision rapide;Sens aigu du détail et de l’expérience client;Capacité à évoluer dans un environnement international exigeant.LanguesBilingue français / anglais (indispensable);Une troisième langue est un atout.",https://www.emploidakar.com/offre-demploi/comite-dorganisation-des-jeux-olympiques-de-la-jeunesse-dakar-2026-dakar-senegal-cdd-responsable-des-services-hoteliers-pour-la-famille-olympique/
Responsable des services aux invités,Comité d'Organisation des Jeux Olympiques de la Jeunesse Dakar 2026,"Dakar, Sénégal",CDD,2026-04-23,N/A,"Missions et responsabilitésLe/La Guest Services Manager/Responsable des services aux invités a pour mission de coordonner et produire des initiatives, événements et expériences impliquant la FamilleOlympique et les invités du COJOJ en dehors des sites de compétition, pendant les Jeux.Il/Elle garantit la cohérence, la qualité et l’impact des interactions entre la Famille Olympique et Dakar 2026, en orchestrant à la fois les invitations reçues et lesinitiatives portées par le Comité d’Organisation.Il/Elle est en charge des activités suivantes :Coordination des invitations & engagementsCentraliser et coordonner l’ensemble des invitations adressées à la Famille Olympique (cérémonies, événements partenaires, initiatives institutionnelles, activations);Assurer la cohérence globale des sollicitations;Suivre les confirmations, niveaux de représentation et présences effectives.Production d’expériences Dakar 2026Concevoir et piloter des initiatives à l’initiative de Dakar 2026 dédiées à la Famille Olympique et aux invités du COJOJ (visites, événements culturels, moments institutionnels, expériences exclusives);Superviser leur mise en œuvre opérationnelle, en lien avec les fonctions concernées;Garantir une expérience fluide, qualitative et alignée avec l’image et les ambitions des Jeux.Orchestration en Games TimeSuperviser la préparation et l’exécution de toutes les initiatives impliquant la Famille Olympique;Garantir la fluidité des parcours invités en coordination avec OFS et Protocole;Assurer une présence terrain sur les moments clés.Coordination transverse & parties prenantesÊtre le point de référence pour toutes les fonctions souhaitant engager la Famille Olympique;Travailler étroitement avec Protocole pour garantir le respect des règles de préséance et des sensibilités diplomatiques;Coordonner avec Marketing, Partenariats et Communication pour les initiatives impliquant des invités VIP.Gestion des risques & excellence opérationnelleIdentifier les risques protocolaires, logistiques ou d’image;Garantir une exécution sans incident sur des événements à forte visibilité;Assurer un suivi personnalisé des invités clés.Suivi & reportingMettre en place des outils de suivi des invitations, participations et expériences;Produire des reportings à destination de la Head of OFS et du CIO;Capitaliser sur les retours pour améliorer en continu les dispositifs.Qualifications et compétences requises pour le posteFormation et Expérience professionnelleBac+4/5 en management hôtelier international ou équivalent;5 ans d’expérience en événementiel international, grands événements sportifs, protocole ou production d’expériences VIP;Expérience confirmée dans la gestion de dignitaires, VIP ou environnements sensibles;Expérience en production d’événements fortement appréciée.Compétences techniquesExpertise en coordination d’événements complexes et multi-sites;Capacité à concevoir et produire des expériences premium;Capacité à piloter des projets complexes avec de nombreux interlocuteurs;Expertise en coordination d’événements complexes et multi-sites;Capacité à piloter des projets complexes avec de nombreux interlocuteurs;Excellente compréhension des enjeux protocolaires et institutionnels.Savoir êtreForte capacité d’arbitrage et de priorisation;Diplomatie et intelligence relationnelle;Grande réactivité et capacité à travailler sous pression;Sens aigu du détail et de l’expérience VIP.LanguesBilingue français / anglais (indispensable);Une troisième langue est un atout.Contraintes du posteContrat CDD à temps plein ;Flexibilité à travailler au-delà des horaires de travail conventionnels le cas échéant;Poste basé à Dakar avec déplacements fréquents sur les sites.",https://www.emploidakar.com/offre-demploi/comite-dorganisation-des-jeux-olympiques-de-la-jeunesse-dakar-2026-dakar-senegal-cdd-responsable-des-services-aux-invites/
Developpeur Fullstack,GBG,"Dakar, Sénégal",CDD,2026-04-23,N/A,"Dans le cadre de la transformation digitale, nous recherchons un développeur full stack junior (Java /JavaScript) pour renforcer les équipes de développements.Activités principalesParticiper à l’analyse la conception et au développement des applications en JAVA/Spring Boot/Angular/NodeJs et applications mobiles.Intégration de services dans SONIS (Outil d’inventory Network)Collaborer en équipe pour le développement d’applications et la mise en place d’interfaces.Développer des applications en architectures distribuées, en respectant à la fois les fonctionnalités et contraintes contenues dans la spécification fournie.Expérience dans les technologies de développement Cross-platform (Ionic, React Native, Flutter etc.)Rédaction des tests unitaires et des tests d’intégration.Participation à la mise en production des applications.Apporter son soutien aux analyses d’incidents de niveau 3Assurer la maintenance et la documentation.Assurer le support des équipes OpérationnelsCompétences requisesMaitrise du langage JAVA 8+ et de ses frameworks principaux (Spring..), NodeJs et ses frameworks Niveau 4Maitrise des APIs restful Niveau 4Bonne maîtrise de la chaine d’intégration continue, des outils DevOps (jenkins, Bitbucket…) et des plans de tests (unitaires, non-régressions, d’intégration) Niveau 3Bonne connaissance des principes d’architecture réactive. Niveau 3Maitrise des architectures orientées microservices et des outils de stockage (SQL et NoSQL) Niveau 3Bonne maitrise d’une de ses framework/librairies (Angular, React JS, Ionic, React Native) Niveau 3Bonne maitrise des langages : HTML, CSS Niveau 4Maitrise des bonnes pratiques en développement frontend et de leur optimisation Niveau 3Bonne maitrise des outils de PAO et des spécificités des principaux navigateurs web et mobile. Niveau 2Proactive sur les choix technologiques. Niveau 3Une connaissance du développement dans un environnement Agile et les rituels Scrum Niveau 3Connaissance du Test Driven Development  Niveau 3Une connaissance de docker, de kubernetes et de Openshift Niveau 3Bon mindset et team spiritRigoureux, engagé et passioné.Créatif.",https://www.emploidakar.com/offre-demploi/gbg-dakar-senegal-cdd-developpeur-fullstack/
Data Programme Specialist,UNFPA,"Dakar, Sénégal",CDD,2026-04-23,N/A,"The primary purpose of the Data Programme Specialist (P4) position is to coordinate the technical implementation of regional statistical harmonization and improvement projects across West and Central Africa. This role involves producing high-quality population data by developing harmonized methodological guides and providing specialized technical assistance to National Statistical Offices for censuses and CRVS systems. Additionally, the Specialist promotes data utilization to inform evidence-based policy dialogue and ensures rigorous monitoring and evaluation to maintain project quality, track key performance indicators, and comply with donor requirements.You would be responsible for:Role DescriptionIn all activities s/he fosters collaboration within the West and Central Africa Regional Office, and with HQ and Country Offices, ensuring the timeliness, adequacy, relevance and quality of substantive outputs. The primary roles of the incumbent are:Technical supportCapacity developmentEvidence and knowledge development and disseminationTechnical representationKey responsibilities1. Technical Coordination & HarmonizationMethodological Development: Lead the creation and adaptation of practical guides for census management, digital cartography, data cleaning, and geospatial population modeling.Standardization: Align regional statistical production with the Strategy for the Harmonization of Statistics in Africa (SHaSA) to ensure data comparability across the CEMAC and ECOWAS zones.Innovation: Oversee the integration of new technologies (GIS, satellite imagery, and mobile data collection) into traditional census and CRVS frameworks.2. Capacity Strengthening & Country SupportSupport census, CRVS and surveys activities, including field enumeration, post-enumeration surveys, and annual vital statistics generation, collaborating with technical consultants and Chief Technical Advisors.Organize technical meetings and learning events, including eLearning sessions and in-person seminars, on census and survey design, implementation, and data use for development planning.Coordinate GIS capacity strengthening for UNFPA census and survey initiatives in conjunction with HQ and Country Offices.Maintain the global database of consultants for technical assistance to National Statistical Offices and provide editorial support for census and survey publications.3. Data Utilization & Policy AdvocacyEvidence Generation: Support the Regional Initiative on the Centrality of Population (RICoP) by analyzing the interconnections between population dynamics, megatrends, and Sustainable Development Goals (SDGs).Stakeholder Engagement: Organize high-level policy dialogues and webinars to foster evidence-based planning and resource allocation among decision-makers.Digital Dissemination: Oversee the development and regular updating of national Population Data Portals and the UNFPA Census Tracker to ensure access to key demographic indicators, while also producing policy briefs and monographs.Research Monitoring: Stay updated on advancements in census, survey, and geospatial research, providing insights on their relevance to UNFPA programming and identifying statistical gaps.Support Initiatives: Monitor Strategic Plan indicators and actively contribute to ICPD-related initiatives, events, and knowledge products.4. Project Management & ReportingMonitor Project Performance: Act as the primary focal point for project monitoring and evaluation, ensuring tracking of performance indicators and adherence to funding limits.Enhance Data Systems: Collaborate with key stakeholders to improve data systems and provide technical assistance to governments.Support Resource Mobilization: Assist WCARO leadership in resource mobilization efforts and serve as a liaison for inter-agency groups focused on census, survey, and geospatial data.Facilitate Technical Collaboration: Liaise with UN agencies, academia, and research institutions to address technical issues related to census, surveys, and geospatial data.Qualifications and Experience:Education:An Advanced Degree in quantitative social sciences, e.g. demography, statistics, populationstudies, economy, sociology, geography, data sciences or related field. PhD desirable.Knowledge and Experience:Minimum of 7 years of experience in data systems, including at least 4 years at the international level with increasing technical and managerial responsibilities.Experience in managing or coordinating global programs or initiatives with deliverables across multiple countries and regions.Technical expertise in utilizing census and survey data for developmental purposes; familiarity with GIS and geospatial analysis of population data is advantageous.Exceptional writing, editing, and oral communication skills in English, with additional expertise in related areas of population and development research being desirable.Advanced degree in health, population, demography and/or other related social science discipline.Languages:Fluency in English is required, while proficiency in French is desirable to facilitate effective communication with coordination groups and local organizations in both English-speaking and French-speaking countries within the West and Central Africa region.",https://www.emploidakar.com/offre-demploi/unfpa-dakar-senegal-cdd-data-programme-specialist/
Stagiaires en Restauration,Restaurant de la place,"Ouakam, Dakar",Stage,2026-04-22,N/A,Un Restaurant situé à Ouakam cherche 2 stagiaires en restauration.Les candidats (es) doivent être âgés(es) entre 25 à 45 ansEnvoyer votre CV à l’adresserecrutementgest2025@gmail.com,https://www.emploidakar.com/offre-demploi/stagiaires-en-restauration/
Caissiers(ères),Restaurant de la place,"Ouakam, Dakar",CDD,2026-04-22,N/A,Un Restaurant situé à Ouakam cherche 2 Caissiers (ères).Les candidats (es) doivent être âgés(es) entre 25 à 45 ansEnvoyer votre CV à l’adresserecrutementgest2025@gmail.com,https://www.emploidakar.com/offre-demploi/caissierseres/
Cuisiniers(es)  Restaurant,Restaurant de la place,"Ouakam, Dakar",CDD,2026-04-22,N/A,Un Restaurant situé à Ouakam cherche des cuisiniers.Les candidats (es) doivent être âgés(es) entre 25 à 45 ansEnvoyer votre CV à l’adresserecrutementgest2025@gmail.com,https://www.emploidakar.com/offre-demploi/restaurant-ouakam-cdd-stage-cuisiniers-es-restaurant/
Agent Terrain et Développement,Bantucare,"Dakar, Sénégal",CDD,2026-04-22,N/A,"BantuCare est une application qui met en relation des familles avec des aides ménagères et nounous de confiance au Sénégal.Dans le cadre de son développement, nous recherchons une personne sérieuse, dynamique et débrouillarde pour travailler sur le terrain à Dakar.Agent Terrain et DéveloppementProfil recherchéPersonne sérieuse, honnête et organiséeTrès à l’aise avec WhatsApp et le téléphoneBon relationnel et sens du contactConnaissance de Dakar appréciéeDébrouillarde et motivée par les résultatsMissionsRecruter des aides ménagères et nounous fiablesLes onboarder via un formulaire simpleCréer leurs profils dans notre système (formation fournie)Trouver des clientes intéressées par les services BantuCareAssurer un suivi basique des prestationsRémunérationsalaire par / mois : + 2 000 FCFA par réservation aboutie via l’applicationRémunération évolutive selon performancesPoste :Basé à Dakar – travail terrain + téléphoneIntéressé(e) ?Postule des maintenant en contactant Bantucare sur Whatsapp avec les infos suivantes:Nom et PrénomCourte présentationPour plus d’informations sur BantuCare: visitez notre site: https://www.bantucareapp.com/",https://www.emploidakar.com/offre-demploi/bantucare-dakar-cdd-agent-terrain-et-developpement/
Responsable QHSE en restauration,Ambiance Restauration Sénégal,"Dakar, Sénégal",CDI,2026-04-22,N/A,"Votre missionDans le cadre de notre développement en restauration collective, nous recrutons un(e) Responsable QHSE chargé(e) de garantir la mise en œuvre et le respect des normes Qualité, Hygiène, Sécurité et Environnement au sein de nos unités.Véritable pilier de notre organisation, vous contribuez à la performance opérationnelle et à la satisfaction de nos clients en assurant un haut niveau d’exigence sanitaire et réglementaire.Vos principales responsabilitésQualité & HygièneGarantir l’application des normes HACCP et des bonnes pratiques d’hygièneÉlaborer et piloter le Plan de Maîtrise Sanitaire (PMS)Organiser et superviser les audits internes et externesAssurer la traçabilité des denrées et le respect de la chaîne du froidMettre en place des actions correctives et gérer les non-conformitésFormer les équipes aux règles d’hygiène et de sécurité alimentaireSuivre les analyses microbiologiquesSécuritéVeiller au respect des règles de sécurité au travailDéployer des plans de prévention des risquesOrganiser les formations (EPI, gestes et postures…)Assurer le suivi des incidents et proposer des améliorationsEnvironnementPromouvoir les bonnes pratiques environnementalesSensibiliser à la réduction des déchets et du gaspillageVeiller au respect des réglementations environnementalesManagement &amp; animationDévelopper une véritable culture QHSE auprès des équipesFormer et accompagner les responsables de siteConcevoir des supports pédagogiques et outils QHSEReprésenter l’entreprise auprès des clients (commissions restauration)Votre profilFormation Bac+3 minimum en QHSE ou équivalentExpérience d’au moins 5 ans, idéalement en restauration collectiveMaîtrise des normes HACCP, ISO 22000, ISO 9001Expérience des audits et certificationsSolides capacités d’analyse, d’organisation et de gestion des risquesVos atoutsLeadership et capacité à fédérerPédagogie et sens de la transmissionRigueur et réactivitéExemplarité et sens des responsabilitésConditionsPoste basé à DakarDéplacements possibles sur le territoire sénégalaisPourquoi nous rejoindre ?Rejoignez une entreprise en pleine croissance, engagée dans une restauration collective de qualité, valorisant les savoir-faire locaux et plaçant la sécurité et la satisfaction client au cœur de ses priorités.Veuillez envoyer votre CV à l’adresserecrutement@ambiance.sn",https://www.emploidakar.com/offre-demploi/ambiance-restauration-senegal-dakar-cdi-responsable-qhse-en-restauration/
Project Management Specialist,Islamic Development Bank,"Dakar, Sénégal",CDD,2026-04-22,N/A,"Under the supervision of the designated OTLs, to conduct Bank’s technical-assistance operations due-diligence, monitor day-to-day technical-assistance operations management activities, and carry out day-to-day development-project operations management activities (under specific portfolio, particularly Energy sector) under the guidance of Project Team within approved costs, timeliness and quality, to ensure efficient execution of the bank’s mandate to support economic development in the associated member and non-member countries.Responsible for day-to-day communication, monitoring and implementation support to the project management units and executing agencies; supervision of project contract management and resources; preparation of implementation reports to the bank management, and proactive mitigation of project implementation issues. In addition, provide support in project preparation and appraisal, portfolio quality review, procurement review, and disbursement processes. Contribute to knowledge management agenda by identifying lessons learned from the projects.Key accountabilitiesProject Appraisal:Provide technical and professional support to the Operations Team Leader or lead when assigned, the pipeline development and preparation of project appraisals and comprehensive due diligence of the technical, financial, procurement, institutional, economic, social and environmental aspects of the project proposals ensuring the same are in line with the operations manual and applicable policies/procedures of the Bank.Liaise with the respective Sector Teams in CPO to further refine and enhance the project appraisal documents prior to submission for the Board approval.Project Implementation and Monitoring:Coordinate with the respective Operations Team Leader, in all aspects of the project implementation to ensure projects are completed as per the project charter/plan.Lead the preparation of periodic project implementation assessment and support reports for each project under the portfolio to ensure implementation issues and proposed actions are documented as a reference and for smooth execution.Maintain adequate, up-to-date, and accurate project information and key records in the bank’s operations management system.Assess implementation progress of Bank’s approved operations and provide feedback/recommendations on bank’s position to relevant authorities/stakeholders.Contribute to maintenance of project implementation plans to ensure ongoing monitoring of project progress, pro-active identification of issues, recommendation and implementation of action plans to resolve issues promptly.Review implementation quality and progress of Bank’s approved operations and provide recommendations for improvements to the relevant authorities/stakeholders.Provide inputs to the Procurement and Financial Management staff to ensure procurement of materials and disbursal of funds for the projects are in line with the policies of the Bank.Monitor contracts and financial management activities of the projects and provide recommendations on bank’s position to relevant authorities/stakeholders.Project Closure and Review:Provide inputs to the Task Team Leader or lead as assigned in the development of project completion reports, at the completion of each projectCompile inputs for the Sectoral Teams in CPO ensuring lessons learnt during the project implementation are recorded as reference for the future projects.General Project Management:Provide inputs to Operations Team Leader during the operational cycle of the projects to ensure necessary operational policies and procedures are followed and improvements suggested are being implemented.Support Operations Team Leader in engaging external expertise according to the bank’s procurement policy, to complement internal resources, ensuring quality project due diligence, implementation and lessons mining.Job requirementsBachelor’s degree in Engineering, Environmental Science, Economics, Project Management, or related fields in the Energy sector.Additional qualification or certification in Project Management/PMP would be desirable.Minimum 5 years of experience in project management, preferably in the development sector with an MDB or an International NGO.Languages: English: Mandatory l French: Mandatory",https://www.emploidakar.com/offre-demploi/islamic-development-bank-dakar-senegal-cdd-project-management-specialist/
Opérateur de Terrain,Top Work,"Dakar, Sénégal",CDD,2026-04-22,N/A,"ResponsabilitésVeiller au respect strict des consignes de sécurité (notamment liées à la haute pression et aux produits chimiques) et des standards de qualité de l’eau produite.Surveiller en temps réel les paramètres de fonctionnement de l’usine sur les écrans de contrôle : pressions, débits, niveaux, conductivité, pH, etc.Opérer les équipements (démarrage/arrêt des pompes, ajustement des vannes, régulation des dosages chimiques) via l’interface SCADA pour maintenir les performances optimales du processus.Gérer les alarmes et les alertes du système, diagnostiquer les anomalies et appliquer les procédures correctives de premier niveau.Lancer et superviser les séquences automatisées, notamment les cycles de nettoyage chimique des membranes d’osmose inverse.Coordonner avec les équipes de maintenance (mécanique, électrique, instrumentation) lors des pannes ou pour les interventions planifiées.Profil requisCAP/BEP/Bac Pro dans les domaines de l’Électromécanique, la Maintenance Industrielle, ou expérience significative équivalente.Une première expérience de 2 ans minimum sur un poste d’opérateur de terrain ou de technicien de maintenance en milieu industriel est souhaitée.Une expérience dans le secteur de l’eau est un atout majeur.Habilitation aux risques chimiques (Niveau 1) est un plus.Habilitations électriques (H0B0 à minima) appréciées.CandidatureEnvoyez votre CV dès maintenant à l’adresse :cv@topwork.snMerci de préciser l’intitulé du poste en objet de votre mail.",https://www.emploidakar.com/offre-demploi/top-work-dakar-senegal-cdd-operateur-de-terrain/
Opérateur SCADA,Top Work,"Dakar, Sénégal",CDD,2026-04-22,N/A,"ResponsabilitésVeiller au respect strict des consignes de sécurité et des standards de qualité de l’eau produite.Surveiller en temps réel les paramètres de fonctionnement de l’usine sur les écrans de contrôle : pressions, débits, niveaux, conductivité, pH, etc.Opérer les équipements (démarrage/arrêt des pompes, ajustement des vannes, régulation des dosages chimiques) via l’interface SCADA pour maintenir les performances optimales du processus.Profil requisBTS/DUT en Contrôle Industriel et Régulation Automatique (CIRA), Électrotechnique, Maintenance Industrielle, ou expérience équivalente significative.Expérience de 3 à 5 ans minimum sur un poste similaire, de préférence dans une centrale électrique ou un environnement industriel à processus continu.Habilitations requises : Des habilitations électriques (par ex. B1V, BR) seraient un atout.CandidatureEnvoyez votre CV dès maintenant à l’adresse :cv@topwork.snMerci de préciser l’intitulé du poste en objet de votre mail.",https://www.emploidakar.com/offre-demploi/top-work-dakar-senegal-cdd-cdi-operateur-scada/
Référent(e) Bailleurs Desk 3,ALIMA,"Dakar, Sénégal",CDI,2026-04-22,N/A,"ObjectifsLe ou la Référent·e Bailleurs est la référente technique directe pour les Responsables/Chargés Relations Bailleurs travaillant dans le pays d’intervention du Desk 3.Activités principalesLe ou la Référent·e Bailleurs est responsable de la gestion des financements pour les pays du Desk 3, en appui technique aux Responsables/Chargés Relations Bailleurs pays.  Il·Elle est amenée à effectuer des missions terrain régulières en fonction des besoins identifiés sur chaque mission.Appuyer les Chargés de Support aux Opérations à produire des notes conceptuelles et des propositions de qualité conformément à la stratégie opérationnelleLe ou la Référent·e Bailleurs participe et conseille l’équipe de coordination sur l’élaboration du projet et la stratégie du programme. Il·Elle appuie les Responsables/Chargés Relations Bailleurs Pays dans la rédaction des notes conceptuelles solides et des propositions à l’intention des bailleurs. Il·Elle révise, commente, corrige et valide les notes conceptuelles et les propositions pour s’assurer qu’elles comprennent une bonne analyse technique et opérationnelle, qu’elles démontrent une connaissance du contexte et des risques, qu’elles présentent une vision stratégique solide et qu’elles soient conformes au budget et aux directives des bailleurs. Au besoin, il·elle rédige une note conceptuelle ou participe à la rédaction.Superviser la gestion des contrats de financement et les exigences contractuelles et fournir des conseils techniquesLe ou la Référent·e Bailleurs fournit des informations et conseille le desk et les équipes pays en ce qui concerne la réglementation des bailleurs et les exigences contractuelles et participe à l’analyse des éventuels risques financiers liés aux contrats. Il·Elle soutient les Responsables/Chargés Relations Bailleurs Pays pour s’assurer que les engagements envers les bailleurs sont respectés. Il·Elle doit être capable de proposer des modifications contractuelles aux bailleurs si les plans opérationnels sont modifiés.Appuyer et superviser la rédaction de rapports narratifs à l’intention des bailleurs et des partenaires.Le ou la Référent·e Bailleurs appuie et supervise les Responsables/Chargés Relations Bailleurs Pays dans l’élaboration des rapports narratifs. Les Responsables/Chargés Relations Bailleurs Pays sont responsables de la rédaction et de l’élaboration des rapports narratifs, conformément aux exigences contractuelles, ils garantissent également un suivi et une analyse opérationnelle solide. Le ou la Référent·e Bailleurs travaille avec l’équipe opérationnelle pour rédiger un rapport précis, détaillé et clair, selon les exigences et le format des bailleurs et dans les délais.Assurer la recherche de financementsLe ou la Référent·e Bailleurs appui les Responsables/Chargés Relations Bailleurs Pays et le Service Bailleurs à Dakar dans la recherche de nouvelles opportunités de financement. A ce titre il·elle doit s’assurer d’avoir une bonne connaissance des opérations d’ALIMA et du contexte humanitaire. Il·Elle doit également maîtriser les stratégies et processus des bailleurs finançant ou non ALIMA.Entretenir des relations avec les bailleursLe ou la Référent·e Bailleurs contribue à entretenir des relations avec les bailleurs, de fournir des informations régulières sur les opérations en cours et de maintenir un dialogue ouvert tout au long de l’année. Pendant les mois de négociation des contrats de financement, il·elle est responsable du suivi de la négociation à chaque étape et peut prendre en charge la négociation si nécessaire (de l’équipe de coordination sur le terrain ou du Responsable de Programmes Desk) ; il·elle assure également la relation avec les bailleurs en ce qui concerne la gestion des contrats de financement, y compris les exigences contractuelles, en coordination avec l’équipe du Desk et pays.Mise en œuvre des mesures de prévention contre les abus de pouvoir, les violences sexistes et sexuellesLe ou la Référent·e Bailleurs participe aux formations et séances de sensibilisation qui sont organisées. Il·Elle a une parfaite connaissance des obligations bailleurs en matière de protection contre l’exploitation et les abus sexuels. Il·Elle s’assure que ces éléments sont suivis et figurent dans toutes les propositions de projet et les rapports. Il·Elle contribue à créer et maintenir un environnement épanouissant et protecteurProfil recherché3 ans minimum dans la gestion des contrats de financement et la rédaction des rapports à l’intention des bailleurs, dans un contexte humanitaire et dans le cadre d’un projet ou programme.Connaissance des processus et des règles des principaux bailleurs de fonds (ECHO, BHA, CDCS, DUE, AFD, UN…)Bonne compréhension des projets santé et nutritionExpérience dans l’accompagnement et la formation des Responsables/Chargés Relations Bailleurs PaysExcellente expression écrite et orale en français et anglais obligatoire, en arabe est un atout",https://www.emploidakar.com/offre-demploi/alima-dakar-senegal-cdi-referente-bailleurs-desk-3/
Chargé(e) du suivi budgétaire,SODECA,"Cap Skirring, Sénégal",CDD,2026-04-22,N/A,"Présente sur le marché depuis juillet 2016, la SODECA (Société d’Embouteillage Casamançaise) est une entreprise de production d’eau minérale et de jus naturels dont les marques sont la « Casamançaise » et la « Casamançaise le Jus ». Son siège est basé au Cap Skirring, en basse Casamance.Comme tous les produits de la Casamance, réputés être de qualité (mangue, miel, huile de palme, etc.), nos produits bénéficient également de ce label « qualité ».La SODECA SAU est à la recherche d’un (e) Chargé(e) du suivi budgétaire.Descriptif du posteLieu de travail : Cap SkirringType de contrat : CDDRémunération : à négocier selon profil.MissionsDans le cadre de notre développement, nous recrutons un (e) Chargé(e) du suivi budgétaire. Sous la responsabilité du Contrôleur permanent, vous aurez comme responsabilité d’assurer le suivi, l’analyse et l’optimisation du budget de l’organisation afin de garantir une gestion financière rigoureuse et efficace.ActivitésÉlaboration du budget annuelRecueillir les besoins financiers auprès des différents départements.Consolider les prévisions en tenant compte des objectifs stratégiques de l’entreprise.Présenter le budget à la direction et assurer sa validation.Suivi et pilotage budgétaireMettre en place des outils de suivi (tableaux de bord, logiciels de gestion).Contrôler régulièrement l’évolution des dépenses et des recettes.Produire des rapports périodiques pour informer la direction de l’état d’avancement.Analyse des écartsComparer les réalisations avec les prévisions budgétaires.Identifier les causes des écarts (dépenses imprévues, sous-estimation des coûts, variations de revenus).Rédiger des analyses claires et proposer des explications aux responsables concernés.Proposition d’actions correctivesDéfinir des mesures pour réduire les coûts ou optimiser les ressources.Collaborer avec les services opérationnels pour mettre en œuvre les ajustements.Suivre l’impact des actions correctives sur la performance financière.Fiabilité des données financièresVérifier la cohérence et l’exactitude des informations transmises par les services.Garantir la conformité des données avec les normes comptables et les procédures internes.Assurer la transmission d’informations fiables et pertinentes à la direction pour faciliter la prise de décision.CompétencesExcellente maîtrise des outils de gestion budgétaire et de reporting (Excel, ERP odoo, BI).Solides compétences en analyse financière et contrôle de gestion.Capacité à interpréter les données et à formuler des recommandations stratégiques.Rigueur, sens de l’organisation et esprit critique.Bonnes aptitudes de communication pour interagir avec les différents services.Savoir travailler en équipeAvoir un maximum d’autonomie et principalement orienté vers les objectifs et une bonne adaptabilitéAvoir un esprit professionnelProfil recherchéBac+4/5 en finance, comptabilité, contrôle de gestion ou équivalent.Expérience confirmée en contrôle budgétaire ou en gestion financière.Connaissance des normes comptables et des pratiques de gestion budgétaire.",https://www.emploidakar.com/offre-demploi/sodeca-cap-skirring-senegal-cdd-chargee-du-suivi-budgetaire/
Coordinateur(trice) logistique,SODECA,"Cap Skirring, Sénégal",CDD,2026-04-22,N/A,"Présente sur le marché depuis juillet 2016, la SODECA (Société d’Embouteillage Casamançaise) est une entreprise de production d’eau minérale et de jus naturels dont les marques sont la « Casamançaise » et la « Casamançaise le Jus ». Son siège est basé au Cap Skirring, en basse Casamance.Comme tous les produits de la Casamance, réputés être de qualité (mangue, miel, huile de palme, etc.), nos produits bénéficient également de ce label « qualité ».La SODECA SAU est à la recherche d’un (e) Chargé(e) du suivi budgétaire.Descriptif du posteLieu de travail : Cap SkirringType de contrat : CDDRémunération : à négocier selon profil.MissionsDans le cadre de notre développement, nous recrutons un(e) coordinateur(trice) logistique. Sous la responsabilité du Responsable logistique, vous aurez comme responsabilité de coordonner la fluidité quotidienne des flux des matières premières et des produits finisActivitésAppliquer et ajuster les plans d’approvisionnement en matières premières pour coller au planning de la productionAssurer la liaison quotidienne entre la production, les achats et le commercial pour garantir la disponibilité des produitsOrganiser les expéditions, sélectionner les solutions de transport adaptées et suivre les livraisons (respect des délais et des coûts négociés)Monitorer les niveaux de stocks de stock en temps réel, analyser les écarts et anticiper les ruptures en fonction des prévisions de ventesMettre à jour les tableaux de bord logistiques (taux de service, fiabilité des stocks, délais de livraison) et proposer des actions correctivesCoordonner les mouvements entre l’usine et les entrepôtsSuperviser rigoureusement la rotation des stocks (méthode FEFO) et assurer la traçabilité complète des matières premières et produits finisGérer les anomalies de réception, les retours clientsCompétencesAvoir un niveau d’étude supérieur (Bac + 5)Avoir une expérience d’au moins 5 ans dans l’industrie agroalimentaireEsprit professionnelAvoir un maximum d’autonomie et principalement orienté vers les objectifs et une bonne adaptabilitéMaîtriser l’outil informatique pour faire ses reportingSavoir travailler en équipeÊtre travailleur, sérieux, intègre, rigoureux et organisé",https://www.emploidakar.com/offre-demploi/sodeca-cap-skirring-senegal-cdd-coordinateurtrice-logistique/
Comptable CI,SAPROLAIT,"Dakar, Sénégal",CDD,2026-04-22,N/A,"Votre mission :Rattaché(e) au Directeur Administratif et Financier, vous êtes en charge de la tenue comptable complète des opérations de deux filiales ivoiriennes du groupe.Localisation : Dakar, SénégalProfil recherché :Diplômé(e) en Comptabilité, Finance, Audit (Bac+3 à Bac+5)Expérience confirmée d’au moins 5 ans dans un poste similaire, idéalement dans un environnement industriel ou agroalimentaireParfaite maîtrise du SYSCOHADA révisé, des normes comptables locales, et des logiciels comptables (SAGE, SAARI, etc.)Solide compréhension des règles fiscales et sociales en Côte d’IvoireRigueur, discrétion, autonomie, sens de l’organisationBonne capacité de communication et d’interaction avec les autres services (opérations, ventes, RH…)Prêt(e) à booster votre carrière ? Envoyez votre candidature àrecrutement@saprolait.comen mentionnant « Comptable Côte d’Ivoire » en objet de votre mail!",https://www.emploidakar.com/offre-demploi/saprolait-dakar-senegal-cdd-cdi-comptable/
Caissiers Banque,AMD Corporate,"Dakar, Sénégal",CDD,2026-04-22,N/A,"AMD Corporate recrute pour une banque de la place des Caissiers.ExigencesNiveau d’étude : Minimum Bac+2 (BTS / DUT en Comptabilité ou Gestion ou Finance ou Administration des entreprises)Années d’expérience : Minimum 2 ans dans le secteur bancaireMaîtrise des outils et logiciels de gestion de caisse (DELTA ou autres)Bonne base comptableMaitrise des outils informatiques (Excel, Word, etc.)Sens de l’organisation et gestion des prioritésFlexibilité face à des horaires variables (week-end, soirées et jours fériés).Respect des procédures, des horaires et de la qualité de service.Assurer la gestion de caisse (contrôle, rapprochements, sécurité des fonds).Si votre profil correspond aux critères de ce poste, nous vous invitons à postuler au plus vite surcv@amdcorporate.neten mentionnant le titre du poste en objet de votre mail.",https://www.emploidakar.com/offre-demploi/amd-corporate-dakar-senegal-cdd-caissiers-banque/
Responsable Financier,RMO Sénégal,"Dakar, Sénégal",CDD,2026-04-22,N/A,"Missions principalesAssurer la gestion comptable et le suivi financier (budget, trésorerie, reporting) ;Gérer les paiements, la paie et les obligations sociales conformément à la réglementation ;Veiller au respect des procédures financières, audits et optimisation des processus internes.Profil recherchéBac+3/5 en Finance, Comptabilité ou Gestion5 à 8 ans d’expérience en gestion financièreAnglais professionnel (niveau C1 minimum)Une expérience en organisation internationale ou ambassade est un atout.Candidature : Envoyez votre CV àcarrieres@rmo.snen indiquant en objet du mail l’intitulé du poste souhaité",https://www.emploidakar.com/offre-demploi/rmo-senegal-dakar-senegal-cdd-cdi-responsable-financier/
Préposé (e) à la Laverie / Agent de Blanchisserie,Cool 'Clean,"Yoff, Dakar",CDD,2026-04-22,N/A,"Intitulé du Poste : Préposé (e) à la Laverie / Agent de BlanchisserieDépartement : Services Généraux / Entretien / ProductionRattachement Hiérarchique : Responsable de la Blanchisserie / SuperviseurMissions PrincipalesTraitement du Linge :Réception, tri, pesage et séparation du linge sale (couleur, tissu, matière).Prétraitement des taches, rangement du linge (sale / propre).Chargement et déchargement des machines à laver/sécher.Faire tourner les machines et étendre le linge sur la terrasse.Utilisation des équipements (laveuses, sécheuses, repasseuses).Repassage, pliage et conditionnement du linge propre.Entretien des Locaux et Matériels :Maintenance de la propreté de la laverie (sols, machines, poubelles).Entretien de premier niveau des machines et signalement des pannes.Gestion des Stocks :Suivi des niveaux de produits d’entretien et réapprovisionnement.Compétences et Qualités RequisesCompétences Techniques : Formation assurée en interne, règles d’hygiène de base.Aptitudes : Rigueur, organisation, discipline, ponctualité, attention aux détails.Autonomie : Capacité à gérer son flux de travail seul ou en petite équipe, réactivité.ConditionsLieux de travail, horaires, salaire et jours de reposLieux de travail : Yoff BCEAO Apecsy IIHoraires de travail : 8h 30 – 18h30 hebdomadaire.Jours de repos : Dimanche 15h Lundi entierSalaire et prime : Fixe peut évoluer en fonction des résultats.Gratification : Repas du midiVeuillez envoyer votre CV à l’adresseblanchisseriescoolclean@gmail.com",https://www.emploidakar.com/offre-demploi/cool-clean-yoff-cdd-cdi-prestation-de-services-prepose-e-a-la-laverie-agent-de-blanchisserie/
Conseillers Commerciaux,KSMINSET,"Sud Foire, Dakar",Stage,2026-04-22,N/A,"Vous avez une solide expérience en relation client, vous êtes orienté(e) création de valeur et vous souhaitez évoluer dans un environnement sérieux ?Nous recherchons des conseiller(e)s commerciaux(ales) confirmé(e)s et polyvalent(e)s.Votre profil :Vous justifiez d’une expérience confirmée en centre d’appels ou en relation client offshore ;Vous maîtrisez les techniques de communication care, de négociation et de fidélisation ;Vous êtes discipliné(e), responsable et orienté(e) création de valeur ;Vous considérez le travail et la montée en compétences comme des leviers essentiels d’accomplissement personnel.Nous recherchons des profils qui :Prennent la responsabilité de leurs actions ;Comprennent que l’efficience durable repose sur l’exigence, et la rigueur.Nous offrons :Un cadre de travail structuré ;Des missions et tâches formatrices ;Des perspectives de responsabilisation et d’autonomie aux profils engagés ;Une rémunération attractive.Candidature :Le CV s’envoi uniquement via WhatsApp au 78 381 57 19Prière de ne pas appeler sur le numéro !Pas sérieux s’abstenir.",https://www.emploidakar.com/offre-demploi/ksminset-sud-foire-stage-conseiller-commercial/
Chef de Secteur Maintenance,TotalEnergies,"Dakar, Sénégal",CDI,2026-04-22,N/A,"ActivitésDans le respect de la réglementation en vigueur, en accord avec la politique HSEQ du groupe et dans le respect des procédures internes, le titulaire du poste doit :Assurer la réalisation des activités de maintenance de sa zone, dans le strict respect de la politique HSE de la compagnie TotalEnergies : Conformité ICC et/ou MASE, IZI safety, plan de prévention, visite préalable, etc.Réaliser des visites de sécurité chantier et des visites d’inspection des sites puis faire la mise à jour sur la plateforme ERIS.Assurer un suivi rigoureux des plans d’actions établit à la suite des différentes visites d’inspection.Remonter les incidents, participer à leurs analyses et assurer le suivi des actions qui en sont issues (RAMSES).Etablir et suivre les KPI de performance de la maintenance / Assurer la disponibilité des équipements à 95%.Etablir le rapport d’activité mensuel selon les standards Nemo pour les prestataires sous contrat.Suivre et établir le rapport de suivi du budget mensuel (OPEX et CAPEX) de sa zone.Etablir et suivre les fiches de vie des équipements de chaque dans sa zone d’interventionEtablir, planifier et suivre la maintenance préventive et réglementaire des sites de sa zone.Superviser la clôture des demandes de maintenance dans le délai contractuel et en assurer le reporting ;Assurer la mise à jour de la base des équipements et participer à la réception technique des chantiers de sa zone.Etablir et transmettre à la comptabilité les MEMO de transferts pour un meilleur suivi des immobilisations ;Assurer un bon suivi des campagnes (mise en conformité, réhabilitation, etc.) dans le respect du délai et du budget définit.Assurer un bon taux d’engagement et de liquidation en vue de régler les factures des prestations et transmettre les PV de réception à la Comptabilité pour les immobilisations.Assurer la mise à jour continue des fichiers de suivi dans le SharePoint du service Maintenance.Participer activement à l’organisation des comités de suivi de performances des prestataires.Contribuer à la gestion de la sécurité et conformité des invariants sur l’ensemble de nos installations.Profil du candidatIngénieur technique Bac +4/5 en Mécanique, ElectromécaniqueExpérience : 02 ans à un poste similaireDisponible-Dynamique-Aptitude à travailler en équipe et sous pression- Organisation et méthode -Planification- Communication et coordination avec plusieurs interlocuteurs – Capacité de priorisation des urgences – Gestion des contrats – Compétences en management transverse / Bon niveau d’Anglais",https://www.emploidakar.com/offre-demploi/totalenergies-dakar-senegal-cdi-chef-de-secteur-maintenance/
Operateur (trice) Bo Monetique,TotalEnergies,"Dakar, Sénégal",CDI,2026-04-22,N/A,Le titulaire du poste travaille en étroite collaboration avec la direction commerciale réseau et la monétique.Ses contraintes tiennent essentiellement de l’urgence des opérations de création et de chargement des cartes dans un marché très concurrentiel de la monétiqueActivitésChargement des cartes PM sur la base des demandes validés et contrôle BRC)Création et mise à jour des cartes (sur la base des demandes de cartes validées)Suivi journalier de la télécollecte des TPE et mise à jour du reporting (bilan télécollecte)suivi frais abonnement annuel des clients PFSuivi et résolution réclamations clients internes et externesParamétrage TPE et suivi de stockParamétrage et chargement des clients HORS TAXESuivie des exonérations et transmission des factures au service transitSuivi et analyse de la balance carteSuivi des TE (Titre d’exonération)Profil du candidatFormation : niveau BAC+ ¾ Finances ComptabilitéEsprit d’analyseMaitrise des outils bureautiquesMaitrise du système Back-Office cartesMaitrise de l’outils SAP,https://www.emploidakar.com/offre-demploi/totalenergies-dakar-senegal-cdi-operateur-trice-bo-monetique/
Jeunes leaders du numérique,"Ministère de la Communication, des Télécommunications et du Numérique","Dakar, Sénégal",CDD,2026-04-21,N/A,"Dans le cadre de l’initiative Generation Connect (2026–2030) de l’Union internationale des télécommunications, le Ministère de la Communication, des Télécommunications et du Numérique lance un appel à candidatures pour présélectionner jusqu’à quatre (4) jeunes représentants du Sénégal. Les candidats doivent être âgés de 18 à 24 ans et justifier d’un engagement dans le domaine du numérique, de l’innovation ou des initiatives communautaires.Opportunité: contribuer aux travaux internationaux de l’UIT et porter la voix de la jeunesse sénégalaise.Date limite : 29 Avril 2026Seules les candidatures complètes seront examinées.",https://www.emploidakar.com/offre-demploi/ministere-de-la-communication-des-telecommunications-et-du-numerique-dakar-senegal-cdd-cdi-jeunes-leaders-du-numerique/
Chargé(e) de Dossier en Conformité Pharmaceutique,Société de la place,"VDN, Dakar",CDD,2026-04-21,N/A,"Missions :Rédaction et suivi de contrats dans le respect des normes de conformité pharmaceutique.Utilisation et gestion des outils internes pour le suivi des dossiers.Contrôle et vérification de la conformité des dossiers avec les procédures internes et les exigences réglementaires.Suivi et soumission des dossiers.Profil recherché :Juriste junior ou formation équivalente en droit, avec une première expérience pertinente .Très bonne maîtrise des outils informatiques et capacité à gérer des dossiers complexes.Rigueur, organisation et précision dans le traitement des dossiers.Habitude de travailler dans un contexte international et de collaborer avec différents interlocuteurs.Comment postuler :Merci d’envoyer votreCVet lettre de motivation  en précisant en objet “Candidature – Chargé(e) de Dossier en Conformité Pharmaceutique” à l’adresseaissatabapro2020@gmail.com",https://www.emploidakar.com/offre-demploi/anonyme-dakarvdn-cdd-offre-demploi-chargee-de-dossier-en-conformite-pharmaceutique/
Responsable commercial,WANATRACK,"Centre-ville, Dakar",CDI,2026-04-21,N/A,"Dans le cadre du développement de notre solution de géolocalisation, de logiciel de gestion de flotte et de transport de marchandises, on souhaiterait recruter un Responsable commercial.Ce profil sera multi-tâche :Commercialisation de la solution de géolocalisationProspection terrain et téléphoniqueCommercialisation du logiciel de gestion de flotteCoordination entre client et l’électricien mécanique afin d’installer les boitiers dans les voituresFormation des clients pour la prise en main de la plateforme de géolocalisation et du logiciel de suivi de flotteSuivi des clientsSupport aux clientsLes qualités qu’on recherche pour ce profil :Force de propositionEsprit d’initiativeÊtre proactifDiligent dans les rendez-vousRéactifVeuillez envoyer votre CV à l’adressediengalle@yahoo.fr",https://www.emploidakar.com/offre-demploi/wanatrack-centre-ville-cdi-responsable-commercial/
Gouvernant(e) de Secteur (Profil Hôtellerie),CLEANIC,"Dakar, Sénégal",CDD,2026-04-21,N/A,"CLEANIC SARL recrute des Gouvernant(e)s de Secteur pour une mission de prestations de services dans un complexe résidentiel d’hébergement de grande capacité situé à Dakar.Le posteSous la responsabilité directe du Responsable de Site, vous encadrez une équipe d’agents sur une zone d’intervention définie. Vous êtes le premier niveau d’encadrement opérationnel et le garant(e) de la qualité de service sur votre secteur.Vos missionsOrganiser et superviser le travail quotidien de votre équipe, contrôler la bonne exécution des prestations, gérer les stocks et consommables de votre zone, assurer la communication entre les agents et la hiérarchie, et veiller au respect des procédures et des standards de qualité.Profil recherchéExpérience obligatoire en hôtellerie, résidence hôtelière ou hébergement collectif — gouvernant(e), assistant(e) gouvernant(e) ou chef(fe) de brigade. Vous êtes dynamique, entreprenant(e) et à l’aise avec la gestion de volume et les environnements à fort rythme. Sérieux(se), ponctuel(le), sens de l’organisation. La maîtrise du français est indispensable, l’anglais est un atout apprécié.ConditionsPoste basé à Dakar.CDD 6 mois.Rémunération selon profil.CandidatureCV à envoyer àrecrutement@cleanicsenegal.com– objet : « Gouvernant(e) de Secteur» avant le 15 mai 2026.",https://www.emploidakar.com/offre-demploi/cleanic-dakar-cdd-gouvernante-de-secteur-profil-hotellerie/
Conseiller(e) Commercial(e) Automobile,CFAO Mobility,"Dakar, Sénégal",CDI,2026-04-21,N/A,"ResponsabilitésLe/a vendeur/se automobile réalise sous contrôle direct de sa hiérarchie, l’ensemble des activités concourant d’une part à la commercialisation des véhicules, leur paiement et d’autre part aider à la reprise des véhicules d’occasion après expertise par le responsable SAV et/ou V.O. après validation de la Direction.Prospection, développement et fidélisation de la clientèle.Commercialisation des véhicules.Proposition de financement.Vente de produits et prestations périphériques simples.Estimation physique du véhicule d’occasion sous contrôle d’un responsable SAV/ détermination de sa valeur avec le Responsable V.O.Renseignement et mise à jour des fiches CRM.Gestion administrative des activités de commercialisation.Organisation des activités en fonction des objectifs quantitatifs et qualitatifs.Etablir des comptes rendus quotidiens d’activité commerciale.Mise en œuvre du plan d’actions commerciales de l’entreprise.Suivi des agents et réparateurs présents sur le secteur d’activité du titulaire.Suivi de la livraison et du paiement des véhicules.Suivi commercial d’un parc véhicules.Application des procédures qualité en vigueur dans l’entreprise.Gestion des informations reçus sur internet.Organisation et animation des lieux/points de relais.Participer aux expositions extérieures.En charge de la livraison des véhicules.Profil recherché :Bac+3/5 en Commerce/Marketing ou équivalent.Expérience de la vente automobile.Prospecter, relancer et suivre un client.Connaissance des produits vendus par CFAO et la concurrence.Capacité de réactivité et disponibilité.Dynamisme et rigueur dans la constitution des dossiers.Permis de conduire",https://www.emploidakar.com/offre-demploi/cfao-mobility-dakar-senegal-cdi-conseillere-commerciale-automobile/
Stagiaire Suivi-Évaluation,Winrock International,"Dakar, Sénégal",Stage,2026-04-21,N/A,"Nous recherchons un(e) stagiaire motivé(e) pour intégrer notre équipe de Suivi, Évaluation et Apprentissage (MEL). Le/la stagiaire participera activement à la mise en œuvre des activités de suivi et d’évaluation du programme. Ce poste impliquera principalement le suivi de la collecte des données auprès des entreprises bénéficiaires, des bénéficiaires individuels et des institutions partenaires en collaboration avec les BDSP.  Il ou elle contribuera à la vérification et  à la validation des données. Par ailleurs, le ou la candidat (e) jouera un rôle clé dans les analyses multidimensionnelles et/ou inférentielles, en vue de réaliser le profilage des entreprises bénéficiaires en lien avec la création d’emplois.Tâches et responsabilitésSuivi de la collecte de données des activités et indicateurs du programmeAppuyer la planification des enquêtes sur le terrain, à la préparation des équipes d’enquêteurs (déploiement) et à la supervision/coordination de de la collecte des données trimestrielles et annuelle du programme WEECAP.Appuyer au suivi rigoureux de la collecte des données de routine (enregistrement des entreprises bénéficiaires, des participants individuels et les évents) en collaboration avec les BDSP.Participer au contrôle qualité /vérification et validation (contrôles de cohérence, complétude) des données collectées en conformité avec les normes et standards de qualitéTraitement- Analyse & visualisation des donnéesParticiper au nettoyage et au codage des données, facilitant ainsi leur préparation pour l’analyse et la visualisation.Réaliser des analyses descriptives, multidimensionnelles et ou inférentielles ou tout autre selon les besoins du programme.Appuyer à la production de tableaux de bord (Excel/Power BI) et des visuels pour le suivi des indicateursParticiper à l’élaboration des rapports ou notes de synthèse d’analyse et d’interprétation pour faciliter les prises de décisionsCapitalisation &apprentissageAppuyer à la rédaction de rapports (trimestriels et annuel) et à la documentation des leçons apprises.Participer à la mise à jour des outils.Appuyer à l’organisation d’ateliers internes (formation des BDSP, les sessions de quarterly reflective , after activities review et pause and reflect).Participer aux réunions d’équipe et assurer des points d’avancement réguliers.Profil recherchéFormation : Ingénieur statisticien économiste, Master en Suivi et Evaluation des projets, Statistiques, Économétrie, data analyst ou tout autre domaines pertinentsStatut : étudiant en fin de formation ou diplômé cherchant un stage professionnelCompétences techniques requises :Connaissance en conception et de gestion de projet/programmesMaitrise des techniques de collecte de données quantitatives et qualitativesCapable de faire des analyses multidimensielles , inférentielle ou tout autreMaîtrise d’Excel (avancé : formules, tableaux croisés, graphiques ect ).Maitrise des outils /applications numériques de collecte et d’analyse de données : SPSS, Stata, KOBO/ODK, Power BI ectFort intérêt pour les chaînes de valeur agroalimentaire (désir de faire un mémoire ect)Compétences en rédaction de rapportLangues : Français (courant), et portugais pour la Guinée Bissao.",https://www.emploidakar.com/offre-demploi/winrock-international-dakar-senegal-stage-stagiaire-suivi-evaluation/
Responsable de la Chaîne d’Approvisionnement,Winrock International,"Dakar, Sénégal",CDD,2026-04-21,N/A,"Principales responsabilités :Planification stratégiqueEn collaboration avec le Directeur Régional de la Compétitivité et de la Chaîne d’Approvisionnement, développer un plan de travail avec des objectifs concrets et un calendrier pour rationaliser les stratégies d’approvisionnement des transformateurs de cajou.En collaboration avec les BDSP, développer des plans d’intervention périodiques et continus.Proposer un plan d’action pour promouvoir les normes de qualité de la noix brute au niveau des producteurs.Optimisation de la chaîne d’approvisionnementDévelopper des services critiques tels que l’agrégation, le séchage et le contrôle de qualité, créant de nouveaux emplois dans l’approvisionnement et les secteurs adjacents à l’agriculture, et relier les fournisseurs de noix brutes aux transformateurs.Soutenir les transformateurs pour optimiser l’ensemble des processus de la chaîne d’approvisionnement, y compris l’achat, la logistique et la gestion des stocks.Soutenir les transformateurs dans l’évaluation de la qualité des noix brutes et du chemin de ces noix depuis les fermes jusqu’aux usines.Développer des stratégies pour réduire les coûts et garantir la livraison rapide des noix brutes tout en maintenant des produits de haute qualité.Soutenir les transformateurs pour atteindre et dépasser les objectifs d’approvisionnement.Favoriser des stratégies d’approvisionnement fiables et inclusives qui construisent des relations à long terme avec les petits producteurs et coopératives, en particulier celles dirigées par des femmes et des jeunes.Aider les transformateurs à surveiller et analyser les indicateurs de performance de la chaîne d’approvisionnement, tels que la rotation des stocks, les délais de livraison et les délais de traitement, pour identifier les opportunités d’amélioration et mettre en œuvre des actions correctives.Identifier de nouvelles opportunités d’approvisionnement et soutenir le développement de nouveaux contrats entre les groupements de producteurs et les transformateurs pour la création d’emplois.Développer les liens entre les producteurs et les transformateurs de cajou. Faciliter les accords de rachat et l’agriculture sous contrat pour offrir de la prévisibilité aux deux parties.Assurance qualité et conformitéAider les producteurs et leurs organisations à obtenir des certifications pertinentes pour le marché.Veiller à ce que les producteurs et les transformateurs respectent les normes de sécurité alimentaire, les certifications et les exigences de traçabilité.Initier les processus de certification biologique, commerce équitable et Rainforest Alliance avec les transformateurs et les producteurs intéressés.Développer et mettre en œuvre des projets de durabilité tels que la traçabilité numérique, la géolocalisation et le suivi de la production avec les producteurs.Soutenir les transformateurs à accéder à des noix brutes de haute qualité et à utiliser ces matières premières comme garantie pour obtenir davantage de financements.Renforcement des capacitésDiriger les évaluations de capacités et élaborer des stratégies de renforcement pour les groupements de producteurs et les transformateurs.Soutenir les coopératives dirigées par des jeunes et des femmes à devenir des partenaires commerciaux crédibles pour les transformateurs.Co-développer des supports de formation pour les groupements de producteurs et les transformateurs.Identifier les prestataires de services de développement commercial pour offrir des formations de haute qualité et pertinentes pour le marché.Soutenir les BDSP dans la mise en place de modèles de financement basés sur les stocks de noix brutes ou d’amandes.Intégration de la chaîne d’approvisionnementEncourager l’approvisionnement direct auprès des agriculteurs pour réduire la dépendance aux intermédiaires.Soutenir les transformateurs à améliorer les systèmes de séchage Borma pour renforcer la qualité des amandes avant l’exportation.Aider les groupements de producteurs à créer ou améliorer des accords avec les transformateurs pour optimiser la chaîne d’approvisionnement.Soutenir les BDSP à fournir des services d’accès au financement, tels que le financement des entrepôts pour les groupements de producteurs et les transformateurs.Qualifications :Licence en Administration des Affaires, Agroalimentaire, Économie ou domaine connexe. Master préféré.Expérience souhaitée :Au moins 7 ans d’expérience en gestion de la chaîne d’approvisionnement.Fortes compétences en leadership et esprit d’innovation.Connaissance des certifications, des systèmes de traçabilité et des réglementations en matière de sécurité alimentaire.Expérience dans un projet lié à la noix de cajou, un atout.Volonté de voyager dans les pays de l’UEMOA.",https://www.emploidakar.com/offre-demploi/winrock-international-dakar-senegal-cdd-responsable-de-la-chaine-dapprovisionnement/
Technical Lead (Backend),Djamo,"Dakar, Sénégal",CDI,2026-04-21,N/A,"As our new Tech Lead reporting to our Head of Engineering, you will oversee a team of engineers, making architectural and design decisions, guiding team members in technical matters, and supervising system modifications.As a Leader, you will mentor team members, delegate tasks, give and receive feedback, evaluate risks, and resolve conflicts.As a Developer, you will play a key role in designing, developing, and scaling backend systems that power critical financial services for users across Francophone Africa. You’ll be expected to bring deep technical expertise, take ownership of complex system design challenges, and continuously raise the bar on code quality and system performance.You will work closely with cross-functional teams, including product, design, and frontend engineering, to build performant, secure, and reliable services. You’ll also take the lead in optimizing legacy systems, implementing best practices, and driving the adoption of new technologies that align with Djamo’s ambitious growth goals.Your RoleReporting to the Head of Engineering, Your Key Responsibilities will include:Lead a cross-functional team (70% of your time)Own the delivery and technical direction of a product squad (engineers, designer, PM).Run the team: weekly 1:1s, regular feedback, career growth conversations, sprint coordination.Break down projects into well-scoped work, manage dependencies, and keep the team shipping.Partner closely with Product and Design to shape what gets built, not just how.Raise the engineering bar across the org (20%)Architect, build, and maintain efficient, reusable, and reliable backend systems and services.Be a technical sounding board for other tech leads and engineers.Help first-time managers develop their leadership skills ; give them patterns, not just advice.Drive improvements to engineering practices: code review quality, testing strategy, CI/CD, design docs.Contribute to architectural decisions that affect multiple teams.Own the delivery and quality of backend features from concept to production.Stay technical (30% overlap with above)Write code. Review code. You’re in the codebase, not above it.Lead by example on design quality, system thinking, and pragmatic trade-offs.Own technical decisions for your squad. Escalate the right ones, decide the rest.Build reusable code and libraries for future use.Bring a strong perspective that inspires new ideas and motivates engineers to develop simple solutions to sophisticated problems.Foster strong cross-function collaboration with Frontend, Product, and Support to develop world-class products. You’ll be reviewing code and design docs, and giving feedback on product specs and mocks.Participate in the full development cycle: design, development, QA, experimentation, analysis, launch, and monitoring.Your Profile10+ years of software engineering experience, including production systems at scale.5+ years leading a team of engineers with direct people management (1:1s, feedback, growth plans ; not just tech lead coordination).Strong experience with Typescript / Node.js, Python, Go, or similar backend languages.Solid grasp of modern software engineering practices: version control (Git), CI/CD, code reviews, automated testing, monitoring, etc.Experience with cloud platforms (e.g., AWS, GCP, Azure), containerization (Docker), orchestration (Kubernetes), and infrastructure as code (Terraform).Strong understanding of relational and non-relational databases. Experience with PostgreSQL is a plus.Fluent in English (written and spoken), French is a plus.When faced with a tricky bug or an unfamiliar system, know how to unblock yourself, whether by digging deeper, asking teammates for help, or using tools like AI.Care deeply about users – you build with the user’s real needs in mind, advocating for simplicity and value in technical decisions.You think about systems and outcomes looking beyond individual tasks to understand system-wide impact on performance, scalability, and reliability.Stays current with new tools and practices.Experience in designing and implementing distributed systems that scale for millions of customers.Entrepreneurial spirit. You are self-directed, innovative, and biased towards action in fast-paced environments.The capacity to communicate and discuss complex topics with technical and non-technical audiences.Sound knowledge of standard software engineering methodology, e.g. unit testing, code reviews, design documentation, continuous integration, and delivery.",https://www.emploidakar.com/offre-demploi/djamo-dakar-senegal-cdi-technical-lead-backend/
Comptable Sénior,Helios Towers,"Dakar, Sénégal",CDI,2026-04-21,N/A,"We are a leading independent telecoms infrastructure company, with one of the most extensive tower portfolios across Africa and the Middle East. Our business model promotes tower infrastructure sharing and enables mobile network operators (MNOs) to deliver mobile connectivity more quickly, reliably, cost-effectively and with a lower carbon footprint. In turn, this supports the expansion and quality of mobile connectivity, driving sustainable development in our markets.A bit about the Team:Helios Towers is a growing organisation made up of diverse, multicultural talent from around the world, which is the pride of our business. Our mission, purpose and values underpin our drive to foster a culture that is inclusive with a focus on growing local talent, with employee representation from all ethnicities, genders, ages, religions and disabilities.Our Values:We are led by our values of Partnership, Integrity and Excellence coupled with a strong culture of sustainability; to ensure that communities and local people are supported in our markets of operation.Purpose of the JobThe Senior Accountant ensures:Accurate and timely financial reportingCompliance with IFRS and local statutory requirementsStrong internal controls and risk mitigationFinancial support to operational and commercial teamsReliable data for strategic decision-makingJob specificationsMaster’s degree in accounting & finance or related subjects and a professional qualification such as CIMA, ACCAExperience in an audit firm followed by experience in a corporate environmentThe ideal candidate should have 5 to 7 years of experience in accounting and financial reportingExperience in an international company or structured group with established reporting and internal control processes.Person SpecificationStrong understanding of monthly and annual closing processesPreparation and review of balance sheet reconciliationsManagement and monitoring of CAPEX projects, including reconciliation between OHADA and IFRS accounting treatmentsParticipation in the budget and forecast processesMonitoring and analysis of operational costs to identify potential optimization opportunitiesGood knowledge of IFRS standards and the OHADA accounting frameworkExperience in the preparation and support of external auditsStrongExcelskills and experience with SAPKey Performance IndicatorsOptimising business processes and projectsIntroduction of new initiativesEnhancing stakeholder engagementDemonstrating HT values",https://www.emploidakar.com/offre-demploi/helios-towers-dakar-senegal-cdi-comptable-senior/
Stagiaire en Restauration,Tostan,"Thiès, Sénégal",Stage,2026-04-21,N/A,"Une opportunité de grandir, d’apprendre et de contribuer à une mission qui change des vies. Tostan recherche un(e) Stagiaire en Restauration.ExigencesMaîtrise de la cuisine sénégalaise & européenne requise.Vous avez le profil ? Ne laissez pas passer cette chance :hr@tostan.orgDate limite : 04 Mai 2026",https://www.emploidakar.com/offre-demploi/tostan-thies-senegal-stage-stagiaire-en-restauration/
Chargé Suivi Régime Suspensif,Africa Global Logistics,"Dakar, Sénégal",CDI,2026-04-21,N/A,"MissionSuperviser, animer et coordonner le départementEncadrer, gérer, contrôler et faire appliquer les procédures définies sous la direction manager adjoint risques douanes.Responsabilités:Assurer le suivi des sommiers depuis leur création jusqu’à leur apurement (solde) totalS’assurer de la prise en compte de tous les sommiersS’assurer que tous les avis de prise en compte sont envoyésS’assurer que les demandes de prorogations sont faitesS’assurer du classement de tous les documents dans les sommiersEtablir les différents courriers en douaneEtablir un planning annuel de visite des entrepôts chez les clientsCommenter l’inventaire mensuel de nos entrepôts fictifsS’assurer que les rapports de visites sont faits et classésFaire le reporting tous les 15 jours de la situation des sommiersRespecter les procédures relatives aux activités réaliséesFaire la situation mensuelle pour tous les clients suspensifs y compris ceux des Mines et Oil & GasTraiter, suivre et facturer les transfert Diamniado de Dakar TerminalParticiper activement à la démarche qualité mise en placeEffectuer toutes les taches connexes",https://www.emploidakar.com/offre-demploi/fonds-dappui-aux-partenariats-public-prive-dakar-senegal-cdi-charge-suivi-regime-suspensif/
Chargé de Communication,UNICEF,"Dakar, Sénégal",CDD,2026-04-21,N/A,"To this end, UNICEF’s West and Central Africa Regional Office (WCARO) based in Dakar, Senegal, is looking for a Communication Officer (Digital) to support all communication and advocacy efforts.How can you make a difference?The Communication Officer (Digital) will be responsible for supporting UNICEF WCARO’s partnership, communication and advocacy efforts.Specifically, the Communication Officer (Digital) works under the guidance and supervision of the Regional Adviser Partnerships (Public), with support of other sections of the Regional Office to develop, coordinate and implement UNICEF WCARO’s digital communications, and lead the production of digital content such as social media cards, videos and others as needed.In addition, he/she assists in planning, implementing, monitoring and evaluating an advocacy and communication strategy to get children’s and women’s issues into the public domain, strengthen political will in support of UNICEF’s mission and objectives in the region, and enhance the organization’s credibility and brand.Within the delegated authority and the given organizational set-up, the incumbent may be accountable for all or assigned areas of the following major duties and end results.Developing and implementing community engagement strategies that align with UNICEF’s Regional Agenda for Children.Developing a visual identity for Children’s Rights in the region, in collaboration with Unicef WCA country offices and regional networks.Managing and growing UNICEF WCARO’s online community presence across various social media platforms, including focal point for WCARO Senior Management (e.g. Regional Director) social media accounts.Fostering a positive and inclusive online community environment, encouraging active participation and interaction.Monitoring and responding to followers’ inquiries, comments and feedback in a timely and professional manner.Collaborating with internal teams, including the front office, to ensure consistent messaging and alignment.Analyzing follower metrics and trends to identify opportunities for improvement and growth.Organizing and hosting virtual events or webinars to engage and connect with our audience.Creating, curating and managing content (including posts, videos, webinars, etc.) for online platforms, ensuring it is relevant, engaging and aligned with the UNICEF’s brand voice.Identifying and cultivating relationships with key followers and influencers to foster loyalty and advocacy.Staying updated on industry trends, best practices and emerging platforms to continually enhance community engagement strategies.To qualify as an advocate for every child you will have…Minimum requirements:Education: University degree in Communications (Bachelor), Journalism, Public Relations or a related field.Work Experience:A minimum of two years of professional experience managing social media accounts, particularly Facebook, YouTube, Instagram, Linkedin and XProfessional experience in community management or social media management is considered as a strong asset.Strong understanding of online community platforms, social media tools and analytics.Experience in graphic design: ability to create designs for digital media purposes in open-source graphic design programs.Proficiency in online tools such as Drupal, SharePoint, Hootsuite, and WeShare, amongst others.Proficiency in content production software such as Adobe Premiere Pro, InDesign, and Photoshop, Canva, or comparable software is an assetStrong grasp of the situation of children in the West and Central Africa region, and linkages to girl-centered groups across the region is considered an asset.Skills:Excellent communication, writing and interpersonal skills, with the ability to engage and build relationships with diverse audiences.Excellent drafting skills as well as oral presentation skills.Creative and strategic thinker with the ability to develop and execute innovative community engagement initiatives.High level of empathy, patience and professionalism in handling community interactions.Ability to express clearly and concisely ideas and concepts in written and oral form.Ability to work independently as well as with a team in an international, multicultural and interdisciplinary environment and establish harmonious and effective working relationships both within and outside the organization.Language Requirements:Fluency in French with an excellent working knowledge of English required.Knowledge of another official UN language (Arabic, Chinese, Russian or Spanish) is an asset.Closing date: 03 May 2026",https://www.emploidakar.com/offre-demploi/unicef-dakar-senegal-cdd-charge-de-communication/
Agent Cotation,Africa Global Logistics,"Dakar, Sénégal",CDI,2026-04-21,N/A,"L’Agent de Cotation est chargé d’effectuer la cotation (suivi de la tarification des différents produits et émission de devis…) des opérations aériennes, du shipping, logistiques et de la manutention, selon les barèmes et conformément aux instructions du Responsable Cotation.Il a également pour obligation de participer activement à la démarche Qualité, Hygiène, Sécurité et Environnement (QHSE) du Groupe, et de se conformer aux règles et procédures en vigueur dans l’exécution des tâches, notamment une application stricte des dispositions du code de bonne conduite. Ledit code étant transmis à chaque salarié.ResponsabilitésRecevoir les demandes de cotation ; accuser réception et les enregistrer ;Recueillir auprès du demandeur toute information nécessaire à la bonne compréhension de la demande ;Obtenir des services opérationnels, les éléments nécessaires à la constitution de l’offreSaisir dans le logiciel de cotation les éléments permettant de déterminer les coûts et les prix de vente ;Transmettre aux demandeurs les offres dans les délais retenus suivant la complexité de la demande, en y annexant au besoin, tous documents complémentaires (prestation commerciale-procédure-liste d’équipement …) ;Effectuer des relances pour connaitre la décision du demandeur et identifier le cas échéant, les raisons du refus de l’offre ;Participer à la mise en place et à la diffusion des statistiques concernant : le nombre de cotations établies-le nombre de cotations acceptées/refusées-le taux de transformation ;Contribuer à l’établissement de plans d’actions ;Effectuer toute tâche connexe à la demande du supérieur hiérarchique.ProfilÊtre titulaire d’un diplôme de niveau Bac+3 (BTS, DUT, …) ou validation des acquis en comptabilité /gestion, commerce ou équivalent ;Avoir la maîtrise de l’outil informatique (bureautique, Echange de Données Informatiques – Excel-Powerpoint, internet, messagerie, …) ;Avoir la maitrise d’une ou plusieurs langues étrangères, en particulier l’anglais.",https://www.emploidakar.com/offre-demploi/fonds-dappui-aux-partenariats-public-prive-dakar-senegal-cdi-agent-cotation/
Expert Juriste,Fonds d'Appui aux Partenariats Public-privé,"Dakar, Sénégal",CDD,2026-04-21,N/A,"L’objectif général de ce recrutement est de renforcer les capacités techniques, stratégiques et opérationnelles du FAPPP afin d’améliorer la qualité de préparation, de structuration, de sécurisation et de financement des projets de Partenariats Public-Privé (PPP).L’Expert Juriste assurera la sécurisation des cadres contractuels, la conformité réglementaire et la gestion des risques juridiques liés aux PPP.",https://www.emploidakar.com/offre-demploi/fonds-dappui-aux-partenariats-public-prive-dakar-senegal-cdd-expert-juriste/
Expert en Mobilisation de Ressources,Fonds d'Appui aux Partenariats Public-privé,"Dakar, Sénégal",CDD,2026-04-21,N/A,"L’objectif général de ce recrutement est de renforcer les capacités techniques, stratégiques et opérationnelles du FAPPP afin d’améliorer la qualité de préparation, de structuration, de sécurisation et de financement des projets de Partenariats Public-Privé (PPP).L’Expert en Mobilisation de Ressources appuiera la mobilisation de fonds auprès des bailleurs, investisseurs et partenaires, et développera des stratégies de financement innovantes.",https://www.emploidakar.com/offre-demploi/fonds-dappui-aux-partenariats-public-prive-dakar-senegal-cdd-expert-en-mobilisation-de-ressources/
Expert Financier,Fonds d'Appui aux Partenariats Public-privé,"Dakar, Sénégal",CDD,2026-04-21,N/A,"L’objectif général de ce recrutement est de renforcer les capacités techniques, stratégiques et opérationnelles du FAPPP afin d’améliorer la qualité de préparation, de structuration, de sécurisation et de financement des projets de Partenariats Public-Privé (PPP).L’Expert Financier contribuera à l’analyse économique et financière des projets, à la modélisation, à l’évaluation des risques et à la structuration des schémas de financement.",https://www.emploidakar.com/offre-demploi/fonds-dappui-aux-partenariats-public-prive-dakar-senegal-cdd-expert-financier/
Assistant Administratif et Ressources Humaines,Top Work,"Dakar, Sénégal",CDD,2026-04-21,N/A,"Pour le compte de l’un de nos clients, acteur majeur du secteur de la pêche et des produits halieutiques au Sénégal, nous recrutons un Assistant Administratif et Ressources Humaines.Secteur : Pêches et produits halieutiquesResponsabilitésOrganisation, suivi des recrutements et intégration des salariés.Rédaction et établissement des contrats de travail, et documents administratifs.Assurer le suivi du tableau de bord des présences.Suivi des pointages.Suivi des dossiers du personnel et des déclarations auprès des organismes sociaux.Assurer la communication interne.Profil recherchéBac+3 minimum en Gestion des ressources humaines ou droit social2 à 3 ans minimum d’expérience sur un poste similaireMaîtrise des outils de bureautique, des logiciels de paie (SAGE ou Cegid) et des logiciels de gestion des ressources humaines (GRH)Maîtrise parfaite de l’outil SIRH (Système d’Information Ressources Humaines)Bonne connaissance des différents métiers de l’entreprise et bonnes capacités rédactionnellesRigueur et organisationÉthique, discrétion et adaptabilitéPour postuler, merci d’envoyer votre CV à :cv@topwork.snen précisant en objet l’intitulé du poste.",https://www.emploidakar.com/offre-demploi/top-work-dakar-senegal-cdd-cdi-assistant-administratif-et-ressources-humaines/
Assistant Administratif,Fonds d'Appui aux Partenariats Public-privé,"Dakar, Sénégal",CDD,2026-04-21,N/A,"L’objectif général de ce recrutement est de renforcer les capacités techniques, stratégiques et opérationnelles du FAPPP afin d’améliorer la qualité de préparation, de structuration, de sécurisation et de financement des projets de Partenariats Public-Privé (PPP).L’Assistant(e) Administratif (ive) renforcera l’efficacité organisationnelle, la coordination administrative et le suivi des activités stratégiques.",https://www.emploidakar.com/offre-demploi/fonds-dappui-aux-partenariats-public-prive-dakar-senegal-cdd-assistant-administratif/
Community Manager,NETSYSTEME Informatique,Cité keur Gorgui en face route BRT,CDD,2026-04-21,N/A,"Entreprise : NetsystemeLieu : Dakar, Sénégal (ou télétravail selon profil)Type de contrat : À définir (CDD / CDI / Freelance)Dans le cadre du développement de ses activités digitales, Netsysteme lance un appel d’offre pour le recrutement d’un Community Manager expérimenté, capable de gérer et développer sa présence en ligne, renforcer son image de marque et générer de l’engagement.Profil recherchéMinimum 2 ans d’expérience en tant que Community ManagerExcellente maîtrise des réseaux sociaux et outils de gestion (Meta Business Suite, Hootsuite, etc.)Compétences en création de contenu (Canva, Photoshop, CapCut, etc.)Bonne capacité rédactionnelle (français obligatoire, anglais est un plus)Esprit créatif, autonome et orienté résultatsExpérience en marketing digital fortement appréciéeLivrables attenduesCalendrier éditorial mensuelRapports de performance (hebdomadaire ou mensuel)Contenus visuels et textes adaptés à la marqueStratégies d’amélioration de la visibilitéCandidatureLes candidats intéressés doivent soumettre leur CV détaillé.Seuls les candidats présélectionnés seront contactés pour un entretien.",https://www.emploidakar.com/offre-demploi/netsysteme-informatique-cite-keur-gorgui-en-face-route-brt-stage-community-manager/
Opérateur téléphonique en prise de RDV,Winassur,"Keur Massar, Dakar",CDI,2026-04-21,N/A,Recrutement massif –  Vous avez une excellente maîtrise de la langue française ? Vous êtes dynamique et rigoureux ? Rejoignez-nous !Poste : Téléopérateur (Prise de RDV)Profil : Avec ou sans expérienceSalaire : 60 000 FCFA – 75 000 FCFALieu : DakarPour postuler : Envoyez votre CV par Whatsapp +33745896357 ou +221778497499,https://www.emploidakar.com/offre-demploi/winassur-rond-point-gouy-gui-keur-massar-dakar-senegal-cdi-operateur-telephonique-en-prise-de-rdv/
Professeur Lettres Modernes,Lycée Jean Mermoz,"Dakar, Sénégal",CDD,2026-04-21,N/A,"Nombre de postes : 1 poste vacant et 1 susceptible d’être vacantMissionsVotre mission sera de développer les connaissances et compétences des élèves, ainsi que leur esprit critique. Vous les accompagnez dans la découverte professionnelle et les préparez à leurs choix d’orientation tout en leur donnant les outils pour apprendre à réfléchir, à comprendre le monde dans lequel ils vivent ainsi qu’à développer leurs capacités à exprimer des idées et développer des concepts.Vous contribuez à la construction du parcours éducatif et scolaire des élèves, à la transmission des connaissances et à la construction des apprentissages. Vous assurez un service qui comprend un temps d’enseignement, un temps de préparation des cours, un temps de correction de copies et d’évaluation des élèves, un temps de dialogue avec les parents pour le suivi des élèves, un temps de participation à la vie de l’établissement (conseil de classe, conseil d’enseignement, conseil pédagogique…) et de concertation en équipe.Profil recherchéNous recherchons un enseignant dynamique et engagé, prêt à relever les défis de l’éducation. Vous devez être passionné par votre discipline et par la transmission des savoirs, avec un fort engagement envers les valeurs du réseau d’enseignement français à l’étranger. Un diplôme dans la matière enseignée est indispensable.Une expérience professionnelle d’enseignement en établissement scolaire de minimum 2 ans est souhaitée. Une expérience d’enseignement en établissement français et une connaissance du système éducatif français, seront valorisées. Des compétences dans l’utilisation des outils numériques au service de la pédagogie sont attendues.Ce poste est offert dans le cadre d’un contrat de droit local.",https://www.emploidakar.com/offre-demploi/lycee-jean-mermoz-dakar-senegal-cdd-cdi-professeur-lettres-modernes/
Professeur d’anglais,Lycée Jean Mermoz,"Dakar, Sénégal",CDD,2026-04-21,N/A,"Nombre de postes : 2 postes vacants.Missions :En tant que professeur(e) d’anglais à l’école élémentaire, vous serez chargé(e) de fournir en coopération avec l’enseignant(e) de la classe un enseignement en anglais dans les disciplines concernées conformément aux programmes. Vous permettrez aux élèves de s’approprier les savoirs au programme de l’enseignement français.Vous éveillerez chez eux l’intérêt pour le monde qui les entoure et veillerez à leur attitude de respect de l’autre. Vous créerez un rapport positif à la classe et aux apprentissages et participerez à la construction d’un parcours éducatif et scolaire cohérent et continu pour tous les élèves dans leur diversité, en lien avec leurs représentants légaux et la communauté éducative.Profil recherchéNous recherchons des candidat(e)s désireux(ses) de contribuer à l’éducation de jeunes élèves en les accompagnant dans leur parcours scolaire et ayant une forte capacité d’écoute et de communication. Les candidat(e)s devront avoir une maîtrise parfaite de la langue française. La capacité à enseigner également en langue anglaise sera très appréciée.Une expérience professionnelle d’enseignement en établissement scolaire de minimum 2 ans est souhaitée. Une expérience d’enseignement en établissement français et une connaissance du système éducatif français, seront valorisées.",https://www.emploidakar.com/offre-demploi/lycee-jean-mermoz-dakar-senegal-cdd-cdi-professeur-danglais/
Instrumentiste,Top Work,"Dakar, Sénégal",CDD,2026-04-21,N/A,"Responsabilités :Réaliser l’étalonnage et la calibration périodique de l’ensemble des instruments de mesure (pression, débit, température, niveau) et des analyseurs en ligne (pH, conductivité, chlore, turbidité, ORP).Diagnostiquer et résoudre les pannes sur les chaînes de mesure, depuis le capteur jusqu’à la carte d’entrée/sortie de l’automate.Effectuer la maintenance préventive des instruments : nettoyage des sondes, vérification des connexions, tests de fonctionnement.Participer à l’installation, au raccordement et à la mise en service des nouveaux instruments et s’assurer de leur bonne intégration au système de contrôle-commande.Tenir à jour la documentation technique.Profil requisBTS/DUT/licence professionnelle avec une spécialisation en instrumentation (ESP, IMEM, ESMT).Expérience de 3 à 5 ans minimum en tant qu’instrumentiste de maintenance, idéalement dans une industrie de process (chimie, pharmacie, énergie).Habilitations électriques pour intervenir dans les armoires (ex: B1V, BR). Une habilitation aux risques chimiques est un plus.Veuillez envoyer votre CV à l’adressecv@topwork.snMerci de préciser l’intitulé du poste en objet de votre mail.",https://www.emploidakar.com/offre-demploi/top-work-dakar-senegal-cdd-cdi-instrumentiste/
Assistant Laboratoire,Top Work,"Dakar, Sénégal",CDD,2026-04-21,N/A,"Pour le compte de l’un de nos clients, acteur du génie civil, nous recherchons un Assistant Laboratoire pour renforcer les équipes.Secteur : Génie CivilResponsabilitésRéaliser le planning quotidien des prélèvements d’échantillons sur les points de contrôle définis (eau de mer brute, eau filtrée, perméat, eau traitée, rejets).Utiliser et entretenir les équipements de laboratoire : spectrophotomètre, turbidimètre, pH-mètre, conductimètre, titreurs automatiques et manuels.Assurer l’étalonnage et la vérification quotidienne des instruments de mesure du laboratoire pour garantir la fiabilité des résultats.Enregistrer rigoureusement tous les résultats d’analyse dans le système de gestion des informations du laboratoire (LIMS) ou sur les registres prévus.Participer à la gestion du stock de consommables et de réactifs chimiques, et veiller à la propreté et à l’organisation de l’espace de travail.Profil requisBac+2/3 type BTS/DUT en Chimie, Bio-analyses et Contrôles, BTSA GEMEAU, ou Licence Pro dans un domaine similaire.Expérience de 3 à 5 ans minimum en tant que laborantin dans un laboratoire d’analyse des eaux ou un laboratoire industriel.La connaissance des risques chimiques est indispensable.Veuillez envoyer votre CV à l’adressecv@topwork.snMerci de préciser l’intitulé du poste en objet de votre mail.",https://www.emploidakar.com/offre-demploi/top-work-dakar-senegal-cdd-cdi-assistant-laboratoire/
Comptable IPM,Top Work,"Dakar, Sénégal",CDD,2026-04-20,N/A,"Dans le cadre du développement de notre Institut de Prévoyance Maladie (IPM), nous recrutons un(e) Comptable IPM avec une forte orientation en comptabilité analytique.ResponsabilitésAssurer la tenue de la comptabilité généraleMettre en place et suivre la comptabilité analytiqueAnalyser les coûts, flux et écartsSuivre la gestion des stocks et des matièresProduire des reportings et tableaux de bordParticiper au suivi budgétaireProfilBac+3 en comptabilité, finance, gestion ou équivalent2 à 3 ans d’expérience en comptabilité, avec une solide pratique de la comptabilité analytique.Une expérience dans des environnements tels que : industrie, logistique, production ou toute activité avec forte gestion de coûts et flux sera fortement appréciée.Bonne capacité d’analyse des coûts et des fluxRigueur, organisation et esprit d’analysePour postuler, merci d’envoyer votreCVà :cv@topwork.snen précisant en objet l’intitulé du poste.",https://www.emploidakar.com/offre-demploi/top-work-dakar-senegal-cdd-cdi-comptable-ipm/
"Expert en solutions informatiques, réseaux et vidéosurveillance",N2S Télécoms,"Mamelles, Dakar",Prestation de Services,2026-04-20,N/A,"Expert en solutions informatiques, réseaux et vidéosurveillance.Accompagnement complet des entreprises et des particuliers dans la transformation et la sécurisation de leur infrastructure numérique. Fort d’une expertise technique reconnue, j’interviens sur l’ensemble du cycle de vie des projets technologiques : de l’étude de faisabilité à la maintenance opérationnelle.Missions et expertises clés :Vidéosurveillance IP professionnelle : Conception et déploiement de systèmes CCTV multi-zones (HIKVISION, DAHUA, UBIQUITI) avec accès distant sécurisé par VPN.Infrastructure Réseaux : Audit, câblage structuré (Cat6, fibre optique) et administration de réseaux informatiques performants.Connectivité en zones isolées : Intégration et configuration de solutions satellites Starlink pour garantir un accès internet haut débit partout au Sénégal.Cybersécurité : Sécurisation des accès, durcissement (hardening) des équipements réseau et analyse de vulnérabilités pour protéger les infrastructures sensibles.Maintenance & Support : Support technique proactif, maintenance préventive du parc informatique et dépannage matériel.Gestion de projets industriels : Capacité à piloter des installations d’envergure sur des sites complexes (mines, usines, sites isolés) avec une logistique autonome.Engagement : Fournir des solutions robustes, fiables et parfaitement adaptées aux contraintes de terrain, tout en garantissant une totale confidentialité des données.Veuillez envoyer votre CV à l’adressecontact@n2stelecoms.com",https://www.emploidakar.com/offre-demploi/n2s-telecoms-mamelles-prestation-de-services-expert-en-solutions-informatiques-reseaux-et-videosurveillance/
Caissière/Vendeuse,Magasin prêt à porter,"Dakar, Sénégal",CDD,2026-04-20,N/A,Profil recherchéMaîtrise des techniques de vente et des outils informatiques et caisses et minimum de 2 ans d’expérience.Une capacité de concentration et de vigilance.Participer aussi à la vente d’impulsion et au réassort léger.Excellent sens du relationnel et du service client.Rapidité d’exécution et résistance à la pression.Envoyer CV :recrutementbrutlin@lunebleue.sn,https://www.emploidakar.com/offre-demploi/magasin-pret-a-porter-dakar-cdd-caissiere-vendeuse/
Coordinateur Energie de site,Comité d'Organisation des Jeux Olympiques de la Jeunesse Dakar 2026,"Dakar, Sénégal",Prestation de Services,2026-04-20,N/A,"Missions et ResponsabilitésLa direction de la technologie a pour mission principale :De livrer et d’opérer les services technologiques et électriques nécessaires pour la réussite des jeux (tout système informatique nécessaire pour la préparation et l’opération des jeux, la planification des ressources nécessaires, la gestion opérationnelle de la technologie et de l’électricité des sites, la gestion de l’acquisition des services technologiques et électriques ainsi que la coordination des différents fournisseurs de services, etc.)De gérer et d’accompagner le Comité des jeux autrement dit être un support aux autres directions et leurfournir tous les outils technologiques nécessaires à la réalisation de leurs tâches ;Innover et transmettre son savoir faire auprès des organisateurs d’événements sportifs, partage deconnaissance etc.Mission principale :Assurer la gestion opérationnelle, le suivi technique et la continuité énergétique du site assigné , tout en apportant un support transversal au Cluster Manager sur les activités du cluster, dans le respect des standards JOJ Dakar 2026.ResponsabilitésGestion énergétique de la venueRecueillir, challenger et consolider les besoins énergétiques de toutes les fonctions de la venue.Assurer la cohérence entre les besoins des FAs et les capacités disponibles.Participer au dimensionnement BT et à la de finition des solutions de secours de la venue.Veiller à la conformité des plans, schémas unifilaires et synoptiques électriques.Suivre les travaux d’installation électrique temporaire et permanente sur la venue.Contrôler la qualité d’exécution jusqu’à la mise en service.Préparation opérationnelle et readinessPiloter les essais, tests de charge, simulations de perte réseau et basculements multi-sources.Préparer les procédures de mise sous tension, exploitation et consignation.Assurer la disponibilité opérationnelle des groupes électrogènes, ATS, TGBT et réseaux BT.Identifier les vulnérabilités de la venue et proposer les actions correctives.Participer aux exercices de readiness et aux test eventsSupport au Cluster ManagerAssister le Cluster Manager dans le suivi des sujets multi-sites.Consolider les reportings terrain et tableaux de bord de son cluster.Assurer le relais des standards, procédures et décisions énergie au niveau des venues.Contribuer à l’identification des risques cluster et aux plans de mitigation.Participer aux re unions de coordination cluster et aux points avec le prestataire énergie.Assurer le back-up du Cluster Manager sur certains sujets ope rationnelsCoordination et parties prenantesEtre le point focal énergie principal de la venue.Coordonner avec les équipes EGM, EVI, TEC, OBS, SEC etc.Assurer l’interface quotidienne avec le prestataire énergie, les équipes techniques et les partenaires de livraison.Participer aux réunions site, inspections techniques et visites conjointes.Escalader rapidement tout risque critique au Cluster Manager.Exploitation Games Time et gestion des incidentsSuperviser les ope rations énergie de la venue.Assurer la continuité de service sur les charges critiques.Coordonner la réponse aux incidents, pertes de source, surcharge ou de faillance d’équipements.Contribuer aux analyses post-incidents et au retour d’expérience.Garantir la traçabilité des évènements opérationnels et actions correctives.Qualifications et compétences requisesFormation et Expériences professionnelles :Diplôme d’ingénieur en énergie, électricité, électrotechnique, électromécanique ou équivalent.Une spécialisation en distribution BT, réseaux ou installations temporaires est un atout.2 à 5 ans d’expérience en exploitation ou supervision d’installations électriques BT.Expérience sur site complexe, venue sportive, facility management ou grands événements appréciée.Compétences techniques :Bonne maîtrise des réseaux BT, TGBT, groupes électrogènes, ATS et systèmes de secours.Bonne lecture des schémas unifilaires et plans d’implantation.Connaissance des essais, tests de charge et procédures de basculement.Bonne culture terrain et suivi de chantier.Savoir être :Forte capacité de coordination terrain.Réactivité et gestion des priorités.Excellente communication avec les parties prenantes.Esprit d’analyse et orientation solution.Capacité à travailler sous pression avant et pendant Games Time.",https://www.emploidakar.com/offre-demploi/comite-dorganisation-des-jeux-olympiques-de-la-jeunesse-dakar-2026-dakar-senegal-prestation-de-services-coordinateur-energie-de-site/
Spécialiste Business Development,DHL,"Dakar, Sénégal",CDI,2026-04-20,N/A,"Role Purpose:As a New Business Hunter at DHL Express, you will play a key role in driving growth through the acquisition of new customers in the heavier-weight express segment (typically 30–1000 kg per shipment). Your mission is to win new business by identifying and developing opportunities with customers who require reliable, time-definite, and international transport solutions.This role demands a dynamic, results-driven sales professional who thrives on winning new customers, understands complex logistics challenges, and embodies DHL’s “Insanely Customer Centric” culture.Main Tasks and Key Responsibilities:1. New Business AcquisitionProactively identify and secure new business opportunities focusing on heavier-weight shipments within your Country.Work closely with the Core and/ or Retail Sales Team to win heavier weight shipments by leveraging knowledge of the Customer; their industry and the freight forwarding environment.Develop a strong pipeline through targeted prospecting, networking, and strategic territory planning.Conduct in-depth customer needs analysis to provide customized DHL Express solutions that reconcile network capability, transit time, cost, and reliability.Negotiate and close new business opportunities ensuring profitable, sustainable growth for DHL Express.Collaborate with internal stakeholders to ensure smooth customer onboarding and handover to Core Sales for account management.Work proactively with the other DHL Group business units to respond to commercial opportunities for the Group.2. Market Development & StrategyResearch and analyze market trends, customer sectors, and competitive activity to identify and prioritize target industries (e.g. industrial, automotive, technology, manufacturing, healthcare) as well as any other emerging ones.Leverage DHL’s global network, product portfolio, and digital tools to position DHL Express as the preferred provider for heavier-weight express shipments.Provide market feedback to Product, Pricing, and Marketing teams to support service innovation and competitiveness.3. Customer Relationship ManagementLeverage an existing professional network to unlock commercial opportunities for DHL Express.Build strong, trust-based relationships with decision-makers at potential customer organizations.Ensure a smooth transition from new business acquisition to account management, maintaining customer satisfaction during the onboarding phase.Uphold DHL’s high standards of service excellence and customer care.4. Sales Performance & ReportingAchieve or exceed individual new business revenue and profit targets.Maintain accurate records of all customer interactions, opportunities, and pipeline data in the CRM system (COMET/ STELLAR).Deliver timely reporting and sales forecasts to management.Job Requirements:Bachelor’s degree in Business, Sales, Logistics, Supply Chain, or a related field.3–5 years of proven success in B2B sales, preferably within express logistics, air freight, or transport sectors.Demonstrated ability to win and develop new accounts with complex logistics requirements.Experience selling heavier-weight or time-definite services is highly desirable.Strong understanding of international express logistics, cross-border trade, and customs processes.Familiarity with DHL Express products and value propositions (TDI, TDD, etc.) advantageous",https://www.emploidakar.com/offre-demploi/dhl-dakar-senegal-cdi-specialiste-business-development/
Commercial de terrain (permis de conduire obligatoire),Nak’ala,"Dakar, Sénégal",CDD,2026-04-20,N/A,"La commerciale de terrain est une personne qui vend les produits ou services d’une entreprise en rencontrant directement les clients. Elle se déplace souvent pour chercher de nouveaux clients et présenter les offres.Son travail consiste aussi à fidéliser les clients existants, répondre à leurs besoins et atteindre les objectifs de vente. Elle représente l’entreprise sur le terrain.Pour réussir, elle doit être dynamique, bien parler avec les clients, être organisée et persuasive. Ce métier peut offrir un salaire fixe avec des primes sur les ventes.Veuillez envoyer votreCVà l’adressecissemoussou00@gmail.com",https://www.emploidakar.com/offre-demploi/nakala-dakar-cdd-stage-commercial-de-terrain/
Commerciale de terrain(permis de conduire obligatoire),Nak’ala,"Dakar, Sénégal",CDD,2026-04-20,N/A,"Un commercial de terrain est un professionnel de la vente qui se déplace sur le terrain pour rencontrer les clients, prospecter de nouveaux marchés, présenter des produits ou services, négocier des contrats et assurer le suivi commercial. Il travaille directement au contact des clients, en dehors du bureau.Veuillez envoyer votreCVà l’adressecissemoussou00@gmail.com",https://www.emploidakar.com/offre-demploi/nakala-dakar-cdd-responsable-technique-et-de-production/
Chauffeur Yango,GOCAB 221,"En face CICES, Dakar",Prestation de Services,2026-04-20,N/A,GOCAB recrute des chauffeurs de Yango.Voiture avec Gaz et essenceOn autorisent les Voitures à Sortir hors de DakarConditions :Chauffeur responsable qui s’habillent bienOn donne aussi des bonus de 15 000 CFA si tu fais 150 commandes par semaine.Pour plus d’informations écrivez moi sur WhatsApp 78 121 90 13.,https://www.emploidakar.com/offre-demploi/gocab-221-en-face-de-cices-foire-prestation-de-services-recruitment-chauffeur-yango/
VP Head of Ericsson Research,Ericsson,"Dakar, Sénégal",CDI,2026-04-20,N/A,"As the Head of Ericsson Research, you will serve as the thought leader and driver for our long-term technological vision.Reporting directly to the Group CTO, you will lead a world-renowned global organization dedicated to exploring and developing new break-through connectivity and AI technology.This is a role for a visionary leader who can bridge the gap between breakthrough scientific exploration and global industrial leadership, ensuring Ericsson remains at the absolute forefront of technology.The MandateStrategic Stewardship: Direct a global workforce of over 800 professionals across 14 countries, fostering a culture of excellence, intellectual curiosity, and high-performance delivery.Innovation Ecosystems: Work in close cooperation with all Business Areas, Development Units, Market Areas and key Customer Units, as well as partners, leading customers, top-tier universities and research institutes.Technological Leadership: Secure Ericsson’s leadership in the global market by balancing long-term exploration with tangible technology transfers that fuel our product and service roadmaps.Global Advocacy: Represent Ericsson within the scientific community and at major international fora, shaping the global discourse on future technologies.Executive Profile & CompetenciesVisionary & Strategic AgilityA proven ability to translate macro-industry trends and customer insights into a robust research agenda.Deep mastery of the interplay between innovation complexity and evolving business models.Technical & Domain MasteryExtensive expertise across the full stack: Radio, AI,  Network Architecture, Security, and Hardware/Software co-design.A specific focus on distributed, realtime AI, including AI-native networks, compute paradigms, and the integration of AI into the very fabric of research methodology.Operational ExcellenceSignificant experience leading large-scale, global R&D organizations with a track record of successfully managing « leaders of leaders. »A sophisticated understanding of standardization strategies and open source dynamics as levers for market influence.Ecosystem & InfluenceAn established global network spanning academia (top-tier professors/universities) and industry (C-suite technology executives).Exceptional communication skills, with the presence and gravitas to distil complex technical concepts for diverse, global stakeholders.RequirementsAcademic Background: PhD or MSc in a relevant field; a distinguished career in senior line management within a global context.Location: Stockholm, Sweden (Global HQ).Reporting Line: Member of the Group Function Technology Leadership Team, reporting to the CTO and Head of Group Function Technology.",https://www.emploidakar.com/offre-demploi/ericsson-dakar-senegal-cdi-vp-head-of-ericsson-research/
Chargé de Recrutement,GPF,"Dakar, Sénégal",CDD,2026-04-20,N/A,"Nous recrutons un Chargé de Recrutement pour un de nos clients évoluant dans le BTP.Missions principales:Définir les profils à recruter en collaboration avec les responsables opérationnelsRédiger et diffuser les offres d’emploi sur les supports appropriésRéceptionner, trier et analyser les candidaturesMener les entretiens téléphoniques, physiques ou en VisioProposer une short-list argumentée à la hiérarchieAssurer le suivi du processus de recrutement jusqu’à l’intégration du candidatParticiper à l’élaboration de la politique de recrutement de l’entrepriseGestion du personnel tout en assurant le calendrier du personnelCréer une base de données pour le personnelGérer en interne les demandes du personnelVeuillez à la validité des documents : Visites médicales, carte d’identité, diplômes, Attestations, passeport etc.Gérer le personnel en cas de mission en collaboration avec la logistique : logement, billet d’avion en s’assurant que le personnel est arrivé en bon portCollaborer avec la comptabilité et le juriste afin de s’assurer que les formalités sont à joursProfil recherché:Expérience confirmée dans ledomaine du recrutementMaîtrise du logiciel SAGE, des outils bureautiques et des plateformes de recrutementBonne capacité rédactionnelle et aisance relationnelle maîtriséeQualités requises:Rigueur et sens de l’organisationIntégrité et respect de la confidentialitéPro-activité et sens de l’initiativeVif d’esprit et réactivité face aux imprévusMental d’acier, capable de gérer la pression et les enjeux stratégiquesEsprit de discernement pour évaluer les profils avec objectivitéVision de la politique d’entreprise, capacité à aligner les recrutements sur les valeurs et lesobjectifs de la structureEsprit de dépassement, positif, fédérateur, empathiqueDiscrétion professionnelle",https://www.emploidakar.com/offre-demploi/gpf-dakar-senegal-cdd-charge-de-recrutement/
Chargé(e) de Finance / Finance Officer (2 postes),"Catholic Relief Services ( CRS), Senegal","Tambacounda et Diourbel, Senegal",CDD,2026-04-20,N/A,"À propos de CRSCatholic Relief Services (CRS) est l’agence humanitaire internationale officielle de la communauté catholique des États-Unis. CRS met en œuvre des programmes dans plus de 100 pays pour sauver, protéger et transformer des vies. Au Sénégal, CRS met en œuvre le programme CGPP – Santé Maternelle, Néonatale et Infantile & Nutrition (MCH & Nutrition) en partenariat avec deux organisations locales de mise en œuvre. Le programme intervient en étroite collaboration avec le système de santé national, notamment les Directions Régionales de la Santé, les districts sanitaires et les postes de santé, dans les régions de Diourbel et Tambacounda.Résumé du posteLe/La Finance Officer appuie la gestion des systèmes, procédures et opérations financières du projet MCH & Nutrition (CGPP) au niveau des zones d’intervention. Il/Elle veille à la conformité des transactions financières avec les standards de CRS, les principes comptables généralement reconnus (GAAP), les exigences des bailleurs et les réglementations locales, pour soutenir des programmes de haute qualité au service des personnes pauvres et vulnérables Le poste contribue à la qualité des programmes en assurant une gestion financière rigoureuse, transparente et conforme, tout en soutenant les partenaires de mise en œuvre dans le respect des procédures financières.Rôles et responsabilités clésExaminer les transactions financières et les pièces justificatives afin de garantir leur exactitude, complétude et conformité aux procédures CRS et aux exigences des bailleurs.Assurer la saisie et l’enregistrement des transactions financières dans le système comptable (Insight), conformément aux autorisations appropriées.Contribuer à la tenue à jour des données financières nécessaires au suivi des comptes du projet dans les zones d’intervention.Effectuer des revues régulières des comptes afin d’identifier les irrégularités et assurer leur correction en temps opportun.Appuyer la préparation des rapports financiers périodiques du projet, selon les besoins internes et des bailleurs.Contribuer à l’évaluation des capacités de gestion financière des partenaires de mise en œuvre et appuyer leur renforcement en matière de procédures financières, de conformité et de gestion des transactions.Assurer le suivi des dépenses du projet au niveau terrain, en veillant à leur alignement avec les budgets approuvés et les plans de travail.Appuyer la préparation des audits internes et externes en assurant la disponibilité, la qualité et la traçabilité des documents financiers.Assurer le partage d’informations et la sensibilisation du personnel et des partenaires sur les politiques financières, les procédures et les exigences de conformité.Qualifications de baseDiplôme (Bac+2 minimum) en comptabilité, finance, économie, gestion ou domaine connexe requis. Une certification professionnelle (CPA, ACCA ou équivalent) constitue un atout.Minimum de5 ans d’expérience en comptabilité ou gestion financière, de préférence dans une ONG ou une organisation internationale.Une expérience dans la gestion financière de projets financés par des bailleurs est fortement souhaitée.Qualifications souhaitéesExpérience avec des ONG internationales ou institutions financières.Connaissance des règles et procédures des bailleurs publics (ex. USAID) souhaitée.Expérience avec des logiciels de gestion financière (ex. Insight) constitue un atout.Connaissances, compétences et aptitudesMaîtrise avancée d’Excel et bonne connaissance de Word et PowerPoint.Solides capacités analytiques avec aptitude à détecter et signaler les incohérences.Excellentes capacités organisationnelles et souci du détail.Respect strict des normes éthiques et de confidentialité.Approche proactive, orientée solutions et résultats.Capacité à travailler en équipe et à interagir efficacement avec des partenaires.Langues requisesFrançais (obligatoire)Anglais (souhaité)Déplacements :Doit être disposé(e) et capable d’effectuer des déplacements jusqu’à 30 % dans les zones d’intervention.Responsabilités de supervision :AucuneAvertissement :Cette description de poste n’est pas une liste exhaustive des compétences, du travail, des devoirs et des responsabilités associés au poste de travail.Employeur respectueux de l’égalité des chances, et sensible aux question genre, CRS encourage fortement les candidatures féminines.En postulant à cet emploi, je comprends et reconnais que CRS exige de son personnel qu’il traite toutes les personnes avec dignité et respect et qu’il prévienne activement le harcèlement, la maltraitance, l’exploitation et le trafic d’êtres humains. De plus, je comprends que si je suis un candidat retenu, je serai soumis à une vérification approfondie des antécédents ; que mes références personnelles / professionnelles seront utilisées pour évaluer mes comportements liés aux sujets susmentionnés relatifs à la protection et que je dois apporter la preuve de mes diplômes/attestations cités dans le CVLes procédures d’acquisition de compétences reflètent notre engagement à protéger les enfants et adultes vulnérables des abus et de l’exploitation.CandidatureLes candidats intéressés par cet avis sont priés de faire parvenir leurs dossiers de candidature composés d’une lettre de motivation et d’un curriculum vitae actualisé à l’adressesenegalrecruitment@crs.orgavec la mention : « Offre N°2604003 Finance Officer » en objet du mail à envoyer,au plus tard le vendredi 1er Mai 2026 à 14h.",https://www.emploidakar.com/offre-demploi/catholic-relief-services-crs-senegal-tambacounda-et-diourbel-senegal-cdd-charge-e-de-finance-finance-officer-2-postes/
Gestionnaire de Projet / Project Manager (2 postes),"Catholic Relief Services ( CRS), Senegal","Tambacounda et Diourbel, Senegal",CDD,2026-04-20,N/A,"À propos de CRSCatholic Relief Services (CRS) est l’agence humanitaire internationale officielle de la communauté catholique des États-Unis. CRS met en œuvre des programmes dans plus de 100 pays pour sauver, protéger et transformer des vies. Au Sénégal, CRS met en œuvre le programme CGPP – Santé Maternelle, Néonatale et Infantile & Nutrition (MCH & Nutrition) en partenariat avec deux organisations locales de mise en œuvre. Le programme intervient en étroite collaboration avec le système de santé national, notamment les Directions Régionales de la Santé, les districts sanitaires et les postes de santé, dans les régions de Diourbel et Tambacounda.Résumé du posteLe/La Project Manager – MCH & Nutrition gère, coordonne et assure le suivi des activités du projet ainsi que les relations avec les partenaires et autres parties prenantes afin de contribuer à l’atteinte des objectifs du programme CGPP MCH & Nutrition au Sénégal. Ses compétences en gestion de projet et sa connaissance du domaine permettront d’assurer une mise en œuvre de qualité et une amélioration continue de l’impact du programme, conformément aux principes de qualité programmatique de CRS.Rôles et principales responsabilitésAssurer la conduite des activités techniques, de gestion budgétaire, de suivi et de reporting tout au long du cycle du projet (démarrage, mise en œuvre, clôture), conformément aux principes de qualité programmatique de CRS, aux exigences des bailleurs et aux bonnes pratiques.Gérer et superviser les équipes projet.Assurer une bonne dynamique d’équipe et le bien-être du personnel. Fournir du coaching, contribuer au développement des plans individuels et participer aux processus de recrutement et d’évaluation de performance.Veiller à ce que l’apprentissage accompagne les activités du projet tout au long de son cycle. Soutenir la redevabilité à travers la coordination des activités d’évaluation conformément à la politique MEAL.Identifier de manière proactive les problèmes et informer les ajustements nécessaires.Renforcer les partenariats liés au projet, en appliquant de manière appropriée les concepts, outils et approches de partenariat de CRS.Représenter CRS auprès des autorités sanitaires (DRS, districts, postes de santé), des partenaires locaux, des groupes de travail et autres acteurs pertinents dans le domaine MCH & Nutrition.Déterminer les activités nécessaires à la mobilisation et à la gestion des ressources financières, matérielles et humaines pour une mise en œuvre de qualité. Conduire des revues budgétaires périodiques et assurer le suivi des rapports financiers des partenaires.Identifier les besoins en renforcement de capacités du personnel et des partenaires et contribuer à la mise en œuvre des actions de renforcement nécessaires.Contribuer à l’analyse des tendances, à la documentation des résultats et à la gestion documentaire du projet conformément aux exigences CRS et bailleurs.Qualifications de baseLicence (Bachelor’s Degree) requise.Minimum de 5 à 8 ans d’expérience professionnelle en gestion de projet, idéalement dans le domaine programmatique concerné et au sein d’une ONG.Qualifications souhaitéesMaster en relations internationales ou dans le domaine programmatique concerné, un atout.Expérience pertinente en gestion de subventions, notamment avec des bailleurs publics (USG ou autres), un atout.Capacité à contribuer à l’élaboration de propositions techniques, un atout.Connaissances, compétences et aptitudesExpérience en supervision du personnel.Expérience de collaboration avec des parties prenantes à différents niveaux et de renforcement des partenariats communautaires.Expérience dans l’analyse des données et la contribution à des rapports d’évaluation.Maîtrise des outils informatiques MS Windows et MS Office (Excel, Word, PowerPoint).Esprit critique et capacités de résolution de problèmes, avec aptitude à porter des jugements éclairés.Solides compétences en gestion des relations et capacité à travailler efficacement avec des acteurs locaux, y compris en représentation.Capacité à contribuer à la rédaction de rapports.Approche proactive, orientée résultats et service.Sens du détail, précision et respect des délais dans l’exécution des responsabilités assignées.Langues requisesFrançais requis. Anglais professionnel souhaité.Déplacements :Doit être disposé(e) et capable d’effectuer des déplacements jusqu’à 50 % du temps, selon les besoins du projet notamment dans les zones d’intervention (Diourbel ou Tambacounda)Responsabilités de supervision :OuiAvertissement :Cette description de poste n’est pas une liste exhaustive des compétences, du travail, des devoirs et des responsabilités associés au poste de travail.Employeur respectueux de l’égalité des chances, et sensible aux question genre, CRS encourage fortement les candidatures féminines.En postulant à cet emploi, je comprends et reconnais que CRS exige de son personnel qu’il traite toutes les personnes avec dignité et respect et qu’il prévienne activement le harcèlement, la maltraitance, l’exploitation et le trafic d’êtres humains. De plus, je comprends que si je suis un candidat retenu, je serai soumis à une vérification approfondie des antécédents ; que mes références personnelles / professionnelles seront utilisées pour évaluer mes comportements liésaux sujets susmentionnés relatifs à la protection et que je dois apporter la preuve de mes diplômes/attestations cités dans le CVLes procédures d’acquisition de compétences reflètent notre engagement à protéger les enfants et adultes vulnérables des abus et de l’exploitation.CandidatureLes candidats intéressés par cet avis sont priés de faire parvenir leurs dossiers de candidature composés d’une lettre de motivation et d’un curriculum vitae actualisé à l’adressesenegalrecruitment@crs.orgavec la mention : « Offre N°2604006 Gestionnaire de Projet » en objet du mail à envoyer, au plus tard le vendredi 1er Mai  2026 à 14h.",https://www.emploidakar.com/offre-demploi/catholic-relief-services-crs-senegal-tambacounda-et-diourbel-senegal-cdd-gestionnaire-de-projet-project-manager-2-postes/
Gestionnaire Imputation Clients,CFAO Mobility,"Dakar, Sénégal",CDI,2026-04-20,N/A,"Description du poste :S’assure du bon traitement des « Purchase Orders » (PO) des grands comptesEffectue la facturation des clients dans LOCPROS’assure de la bonne imputation des facturations AVIS et TTIncorpore et désincorpore les contrats LLD et réconcilie le parc mensuellementS’assure de la bonne remise des factures aux clients sous 24 heures via le coursier ou tout autre moyen adéquatEffectue le classement des différences pièces comptables et administrativesTravaille en coordination avec le service recouvrement et croise les factures émises avec la balance âgéeRemet les factures afférentes au « compte passage » à la caisse pour le bon lettrage du compte par la comptabilitéAssure la suppléance de la gestionnaire de recouvrement en cas d’absenceFait le suivi de la réception des DAI afin d’incorporer les nouveaux contrats LLD dans LOCPRO afin de pouvoir commencer la facturationClôture les contrats LLD échus dans LOCPRO après que la facturation a été effectuéeEffectue les changements nécessaires après validation par le DOP dans LOCPRO en cas de modification concernant les contrats LLDÊtre responsable de la bonne émission et de l’envoi des factures aux clients aux fréquences requisesEst responsable du règlement des litiges avec les clients concernant la facturation ou la non-conformité ou la non-réception des POSe déplace chez les clients si nécessaireRendre compte au DOP & RAF de ses activités au moins une fois par semainePrend les appels téléphoniques extérieurs si les autres membres de l’équipe sont occupésAssister au besoin la gestionnaire des assurances dans ses tâches opérationnellesAssurer la continuité du service et du traitement des dossiers en cas de d’absence de son supérieurAccompagner les collaborateurs dans le traitement des demandes complexesContrôler au quotidien le traitement des dossiers de ses collaborateurs, le respect des procédures et des délaisOrganiser des réunions mensuelles avec le SAV pour une mise au point de la situation à chaque fin du moisFournir au DOP des rapports mensuels et assez détaillés des instances sur lesquels des analyses seront faites et des mesures préconiséesProfil recherché :Formation : Bac +3/5 en Comptabilité, Contrôle de Gestion, Gestion des Entreprises ou équivalent.Expérience en milieu location automobile et gestion sinistreMaitrise de l’outil informatique.Organisation et rigueur dans l’exécution des tâches.Dynamisme, prudence, vigilance et réactivité.Ecoute, respect de la hiérarchie et des différents interlocuteurs",https://www.emploidakar.com/offre-demploi/cfao-mobility-dakar-senegal-cdi-gestionnaire-imputation-clients/
Investment Officer,Banque Mondiale,"Dakar, Sénégal",CDD,2026-04-20,N/A,"The IO/ SIO will be strongly engaged in business development and execution of mandates. Both origination activities and the preparation work of complex PPP transactions may require close collaboration within the World Bank Group to ensure consistency with the countries’ strategy, access to expertise in institutional and sector reforms, and the development of legal and regulatory frameworks (tariff structures, and others), as may be necessary.  The work of the IO/SIO will be carried out under the supervision of and in close collaboration with the Western Africa Hub Leader. Further to the activities developed in the Western Africa region, the IO/ SIO could also be required to work across the broader Africa region, depending on business needs.The position is based in Dakar, Senegal and the IO/ SIO will report to the Western Africa Hub Leader based in Abidjan.ResponsibilitiesThe IO/SIO’s work will involve business development and the implementation of advisory mandates of a variety of PPP types. These activities require, among others, strong interactions with government clients aimed at signing new mandates and execution of the same. Duties will include, but will not be limited to:Actively contribute to the business targets for the Hub, in terms of increase of pipeline of projects, closings and yearly mobilization targets.Develop client relationships and project leads in the Western Africa region and carry marketing activities with out of the box thinking in assigned countries/strategic infrastructure sectors.In developing marketing activities, the IO/SIO will collaborate with other WB/IFC teams to identify opportunities based on country strategies and market creation potential.Lead in the negotiation of the mandates with clients and ensure supervision of the preparation of commercial proposals, etc.When appropriate, undertake project scoping to assess the feasibility of potential projects.Prepare/review memos and documentation for internal approval and consultant procurement processes and manage the projects’ budget.Foster strong relationships with World Bank Group counterparts to identify collaboration opportunities while enhancing business delivery at the country level.Understand the political, legal, and regulatory impediments permitting private sector participation in the working countries and work closely with the other parts of the WBG to overcome these.Lead the day-to-day management of project preparation, leading teams working on sell-side PPP mandates, including managing legal, technical, environmental, and other consultants; review the consultants’ outputs, reports, analysis, financial models, etc.Demonstrate mastery of financial modeling and project finance related analyses to assess bankability of potential projects and be able to supervise teams / juniors undertake financial analyses to support structuring of projects.Develop transaction structure options for the PPP projects being implemented providing innovative and practical solutions to address the client’s problems, while ensuring the Projects’ bankability and long-term sustainability. Present and negotiate the proposed project structure with the Client after obtaining IFC approval.Assist in the organization and management of the tendering process of projects, including marketing of projects, participating in road shows, and preparation of Prequalification and Request for Proposals documents. Assist during the selection and project award processes and final negotiation of project agreements leading to deal closing. Strong negotiation skills to develop solutions and overcome impasses in transactions is paramount.Participate/lead meetings with government clients and investors.In the preparation of the Projects, coordinate closely with other parts of IFC including environmental, social, legal, or other advice, and if appropriate, investment and World Bank colleagues to provide bespoke solutions to ensure Projects achieve expected sustainable development impact.Develop, coach, motivate, and manage junior members of the team.As appropriate, participate in the development and implementation of upstream activities in line with IFC 2030 to create, deepen, and expand markets with the regional and global teams from across IFC and the WBG.As appropriate, contribute to the elaboration of the sub-regional strategy.Support Corporate Finance mandates, both in terms of origination and execution that may include the preparation and delivery of pitch presentations to companies, reviewing and advising on corporate structure, balance sheet structure, valuation, prospectus review, corporate governance, etc.As requested, participate in the preparation of the regional strategy for the PPP advisory business, with a focus on strategic priorities, mobilization of private investment, and development of climate-friendly and high-impact projects.Support knowledge management by helping to disseminate PPP and CFS knowledge and experience and,Assist in other PPP projects across the larger region or strategy-related activities, as the need may ariseSelection CriteriaMasters in Business Administration, Finance or Economics or similar relevant education.Minimum of 8+ years for the IO position and minimum of 12 years for the SIO position of relevant experience in PPP transaction advisory on buy and/or sell side, investment banking, project finance or corporate finance with a leading institution. PPP transaction advisory work experience in the region is desirable.4-5 years of experience of sell//buy-side M&A advisory is a plus;Knowledge of overall infrastructure sector trends and experience in infrastructure transactions/PPPs preferably in Africa;Business development and client relationship skills with ability to focus on clients’ needs effectively;Proven track-record in originating, advising, structuring, and executing infrastructure transactionsStrong grasp of legal documentation including risk allocation related to PPP projects including concessions and privatizations, ensuring prudent and sustainable risk sharing among all parties.Sound business judgment in identifying potential business and development partners and other key stakeholders and ability to interact directly and independently with senior government officials, and potential investors. Strong existing relationships with government officials and investors in the infrastructure space in Western Africa is preferred;Ability to manage teams in multiple transactionsStrong analytical and financial modeling/structuring skills and demonstrated ability to lead a variety of transaction advisory, including debt, and equity transactions;Proactively address and resolve client challenges with a solution-focused approach, effectively engaging decision-makers when necessaryStrong analytical and conceptual skills and ability to communicate ideas clearly and confidently (written and oral);Ability to operate in large, culturally diverse, and geographically dispersed teams;Proven experience building productive relationships and fostering open communication across diverse teams and organizations to share knowledge and resources.Strong interpersonal skills with demonstrated record of accomplishment in leading, motivating and managing multidisciplinary and multicultural teamsStrong commitment to project success, delivering innovative and sustainable solutions, while overcoming obstacles.Building organizational capacity through system and process improvementsAbility to work under pressure, travel on short notice and frequently, and deliver high-quality work within deadlines to meet team objectives;Highly motivated, committed to the highest ethical standards, and aligned with the World Bank Group and IFC’s mission, strategy, and values, andExcellent oral and written communication skills in English, mastery of the French language (oral and written) is required, Portuguese is a plus.",https://www.emploidakar.com/offre-demploi/banque-mondiale-dakar-senegal-cdd-senior-investment-officer/
Stagiaire Tarification,Maersk,"Dakar, Sénégal",Stage,2026-04-20,N/A,"ResponsibilitiesPricing Operations & Execution (Core Responsibilities)Execute transactional pricing activities accurately and within deadlinesSupport the preparation of pricing proposals and customer bids (RFPs)Coordinate with internal teams to gather required information for Procurement to source the right capacity.Follow-up with procurement for on time feedback.Maintain and update pricing data in internal systems (TMS, rates sheet…)Data Quality & ControlPerform routine checks and audits on pricing entries and sales inputs to ensure profitability. Identify discrepancies and escalate issues to the Product ManagerEnsure consistency and accuracy of pricing data across systems and contractsEnsure compliance with internal pricing policies and guidelinesStakeholder Support & CommunicationAct as a point of contact for pricing-related queries from sales, procurement and operationsProvide timely updates on pricing requests and highlight potential issuesAssist in compiling pricing inputs for sales presentationsPricing Analysis, Reporting & Improvement (Under Guidance)Assist in analyzing pricing data, including costs, revenues, and marginsSupport preparation of reports on pricing performance and key KPIsIdentify inefficiencies in pricing processes and suggest improvementsContribute to standardization and documentation of pricing proceduresSupport automation and tool enhancement initiatives where applicableRequirementsSomeone with:Bachelor’s degree in supply chain, Engineering, Business, Finance, Economics, , or related field0–3 years of experience in pricing, data analysis, finance, or operations (internships included)Experience in logistics, transportation, or supply chain is a plusSkills & CompetenciesStrong attention to detail and accuracyAbility to analyze data and identify trends or inconsistenciesStructured and problem-solving mindset",https://www.emploidakar.com/offre-demploi/maersk-dakar-senegal-stage-stagiaire-tarification/
Assistant(e) Achats/Procurement Assistant,"Catholic Relief Services ( CRS), Senegal","Dakar, Sénégal",CDD,2026-04-20,N/A,"À propos de CRSCatholic Relief Services (CRS) est l’agence humanitaire internationale officielle de la communauté catholique des États-Unis. CRS met en œuvre des programmes dans plus de 100 pays pour sauver, protéger et transformer des vies. Au Sénégal, CRS met en œuvre le programme CGPP – Santé Maternelle, Néonatale et Infantile & Nutrition (MCH & Nutrition) en partenariat avec deux organisations locales de mise en œuvre. Le programme intervient en étroite collaboration avec le système de santé national, notamment les Directions Régionales de la Santé, les districts sanitaires et les postes de santé, dans les régions de Diourbel et Tambacounda.Résumé du posteVous appuierez la mise en œuvre des activités d’approvisionnement dans le cadre du programme CGPP au Sénégal. Vos compétences vous permettront de soutenir avec succès la qualité et l’efficacité des activités d’approvisionnement et d’achats en appliquant les principes de gestion responsable, d’intégrité, de transparence et de responsabilité.Rôles et responsabilités clésAppuyer les demandeurs dans la préparation de demandes d’achat complètes et conformes aux procédures CRS.Contribuer à la mise à jour du plan de passation des marchés et de l’outil de suivi des achats afin d’assurer un traitement efficace et un suivi régulier des acquisitions.Appuyer l’identification et la présélection de fournisseurs compétents, fiables et conformes aux exigences de CRS et des bailleurs.Effectuer des visites fournisseurs (sites, magasins, unités de production) dans le cadre du processus de diligence raisonnable.Traiter les commandes conformément aux politiques et procédures d’approvisionnement de CRS.Préparer les demandes de paiement en veillant à l’exhaustivité et à la conformité des pièces justificatives, et assurer le suivi des dossiers avec les parties prenantes concernées.Assurer le classement et l’archivage appropriés de toute la documentation liée aux achats, en conformité avec les exigences d’audit.Assurer une coordination étroite avec les équipes programme et opérations pour garantir la disponibilité des biens et services dans les zones d’intervention (Diourbel et Tambacounda).Contribuer au respect des principes de redevabilité, de sauvegarde et d’éthique dans l’ensemble des processus d’approvisionnement.Qualifications de baseDiplôme de fin d’études secondaires requis ; une formation complémentaire en logistique, approvisionnement ou administration est un atout.Minimum de 1 à 2 ans d’expérience dans des fonctions similaires (approvisionnement, logistique ou administration).Qualifications souhaitéesExpérience de travail avec une ONG ou une organisation internationale.Connaissance des procédures d’approvisionnement dans le cadre de projets financés par des bailleurs.Connaissances, compétences et aptitudesBonnes capacités rédactionnelles.Connaissance des marchés locaux au Sénégal.Maîtrise des outils MS Office (Excel, Word).Sens du détail et bonnes capacités d’organisation et de gestion du temps.Respect des normes éthiques et des principes de redevabilité.Bonnes capacités de communication et de collaboration.Proactivité, sens de l’initiative et orientation résultats.Langues requisesFrançais (obligatoire)Anglais professionnel (souhaité)Déplacements :Disponibilité pour des déplacements pouvant aller jusqu’à 30 % du temps dans les zones d’intervention (Diourbel et Tambacounda).Responsabilités de supervision :AucuneAvertissement :Cette description de poste n’est pas une liste exhaustive des compétences, du travail, des devoirs et des responsabilités associés au poste de travail.Employeur respectueux de l’égalité des chances, et sensible aux question genre, CRS encourage fortement les candidatures féminines.En postulant à cet emploi, je comprends et reconnais que CRS exige de son personnel qu’il traite toutes les personnes avec dignité et respect et qu’il prévienne activement le harcèlement, la maltraitance, l’exploitation et le trafic d’êtres humains. De plus, je comprends que si je suis un candidat retenu, je serai soumis à une vérification approfondie des antécédents ; que mes références personnelles / professionnelles seront utilisées pour évaluer mes comportements liés aux sujets susmentionnés relatifs à la protection et que je dois apporter la preuve de mes diplômes/attestations cités dans le CVLes procédures d’acquisition de compétences reflètent notre engagement à protéger les enfants et adultes vulnérables des abus et de l’exploitation.CandidatureLes candidats intéressés par cet avis sont priés de faire parvenir leurs dossiers de candidature composés d’une lettre de motivation et d’un curriculum vitae actualisé à l’adressesenegalrecruitment@crs.orgavec la mention : « Offre N°2604004 Assistant Achats » en objet du mail à envoyer, au plus tard le mercredi 29 avril 2026 à 16h.",https://www.emploidakar.com/offre-demploi/catholic-relief-services-crs-senegal-dakar-cdd-assistante-achats-procurement-assistant/
Assistant Financier,International Union for Conservation of Nature,"Dakar, Sénégal",CDD,2026-04-20,N/A,"ResponsibilitiesEnsure project financial reports are prepared accurately and submitted in timely mannerCoach project staff on financial management processes, including their understanding on project budgeting, cost recovery and financial reportingSupport Regional Multilaterals Portfolio Manager in the management of GEF (Global Environment Facility) and GCF (Green Climate Fund) portfolio of projectsSpecific duties and responsibilitiesFinancial Management and administrationAssist Portfolio Manager/ Senior Finance officer in reviewing financial reports submitted by implementing partnersMaintain consolidated calendar of financial reports to be submitted by implementing partners.Ensure timely record of implementing partners expenditures in the IUCN financial system.Support periodic review of GEF/GCF projects and portfolio financialSupport Senior Finance officer] in the reconciliation of PACOGEF/GCF projects in IUCN Financial system and facilitate preparation of project financial closure.Provide Portfolio Manager with financial information/analysis to support overall management of PACO GEF/GCF portfolio projects as required.Project preparation activities and budgetingAssist Portfolio Manager and Senior Finance officer in the preparation of GEF/GCF project budgetEnsure budget is aligned with IUCN and the GEF/GCF guidelines and policiesFacilitate planning and procurement of project preparation activitiesEnsure accurate record of expenditures under GEF Project Preparation Grant (PPG) and GCF Project Preparation Facility (PPF)Provide guidance on the use of budgeting tools, such as the budget review tool and the finance checklist for donor contracts and review completed checklistsAuditsMaintain consolidated calendar of audit reports require to be submitted by implementing partners and to be submitted to the donors.Ensure timely submission of project financial audit report by implementing partnersSupport and coordinate with project staff to facilitate the preparation and submission of GCF project audit reports as required.Assist Regional Head of Finance / Portfolio Manager/ Senior Finance officer Multilateral Finance in reviewing audit reports submitted by implementing partners and highlights issues of concerns.Year-end closingAssist Regional Head of Finance / Senior Finance officer Multilateral Finance on the outputs pertaining to year-end closing, especially those relating to implementing partner accruals for GEF/GCF projects.Other administrative tasks as requestedAssist and monitor GEF/GCF projects procurement processReview and submit consultants Invoice for payment.Monitor consultancy contracts (amendments, closure, etc.)Prepare Internal Agreement (IA’s) with regions and global programs.Support with drafting of sub-grants and consultancy contracts along with internal sign-off sheets.Support with procurement processes on request basis.Support the organization of meetings, workshops, webinars, trainings and other capacity building activities.Support organization of monitoring missions and other travel required by the team, including facilitating logistical arrangements, processing travel requests and expenditure claimsOther responsibilitiesPerform other tasks that may be assigned by the line managerRequirementsBachelor’s or master’s degree in accounting, Finance, Business administration, or a relevant;Excellent proficiency in written and spoken English and French. Other IUCN languages (Spanish) represent an asset;At least 3 years of experience in full-time professional experience in Finance, Accounting, or Project Finance Management;Experience in supporting the financial management of portfolio with donors and with large number of projects in an international multicultural context;Proficiency with accounting software is essential; familiarity with ERP/SAP systems is strongly preferred.Knowledge of and work with IUCN and partners, or similar international organizations, is required;Knowledge of the GEF and GCF is an asset.Closing date: 30 April 2026",https://www.emploidakar.com/offre-demploi/international-union-for-conservation-of-nature-dakar-senegal-cdd-assistant-financier/
Technico-Commercial Terrain Junior,Shynea,"Dakar, Sénégal",CDD,2026-04-19,N/A,"Entreprise innovante, SHYNEA est une application pionnière dédiée à la gestion des salons de coiffure en Afrique.De la prise de rendez-vous au paiement sécurisé, notre solution simplifie et optimise toute l’activité du salon.Basé à DakarDémarrage : Juin 20262 jours télétravail / 3 jours terrainVos missions principalesProspecter des salonsPrésenter l’applicationConvaincre et signerAccompagner les clientsSuivre et remonter les retoursProfil recherchéBac à Bac +3Fibre commerciale et goût du challengeDynamique, adaptable et motivé(e)Chez SHYNEA, nous recherchons avant tout des talents avec l’envie d’apprendre et de se dépasser.Pourquoi nous rejoindre ?Formation et accompagnementRémunération évolutiveEnvironnement dynamiqueAvantages (téléphone, primes…)Processus de recrutementÉchange téléphoniqueEntretienRencontre avec les managersMerci d’envoyer votre CV à l’adresse e-mail :recrutements@shynea.one",https://www.emploidakar.com/offre-demploi/shynea-dakar-cdd-technico-commercial-terrain-junior-f-h/
Surveillant Collège & Lycée,Collège & Lycée Privée,"Point E, Sénégal",CDD,2026-04-19,N/A,"L’assistant d’éducation ou le surveillant  travaille sous la responsabilité directe du Directeur Des Etudes. Son action se situe à la croisée de la sécurité, de l’éducation et de l’administration.Missions Détaillées1. Surveillance et sécurité des élèvesAssurer la surveillance des mouvements d’élèves lors des intercours et des récréations.Contrôler les flux aux entrées et sorties de l’établissement pour prévenir toute intrusion ou sortie non autorisée.Maintenir l’ordre et la discipline au sein du restaurant scolaire.Gérer les salles de permanence en veillant au calme et à la mise au travail des élèves.2. Suivi pédagogique et accompagnementAnimer des séances d’aide aux devoirs ou le dispositif « Devoirs Faits ».Apporter un soutien méthodologique aux élèves en difficulté.Encadrer des activités périscolaires (clubs, foyer, projets culturels ou sportifs).3. Gestion administrative et vie scolaireEnregistrer les absences et les retards sur les logiciels de vie scolaire.Contacter les familles en cas d’absence non justifiée.Participer à la rédaction de rapports d’incidents précis et objectifs.Assister le Directeur des Etudes  dans le suivi quotidien des dossiers élèves.Profil et Compétences RequisesFormation et prérequis : Le candidat doit impérativement être titulaire du Baccalauréat. Les profils d’étudiants cherchant à se diriger vers les métiers de l’enseignement ou de l’éducation sont particulièrement appréciés.Qualités personnelles :Autorité et posture : Savoir instaurer un respect mutuel et faire appliquer le règlement intérieur avec discernement.Capacités relationnelles : Aptitude à dialoguer avec des adolescents tout en maintenant une distance professionnelle indispensable.Esprit d’équipe : Capacité à communiquer efficacement avec ses collègues, les enseignants et l’administration.Réactivité : Savoir garder son sang-froid et intervenir rapidement en cas de conflit ou d’urgence.Modalités du ContratType de contrat : Contrat à Durée Déterminée (CDD) de droit public, d’une durée d’un an, renouvelable dans la limite de six ans.Volume horaire : Temps complet (généralement 35h à 41h par semaine selon le calcul annuel) .Rémunération : Salaire basé sur le SMIC hôtelier/public en vigueur, avec possibilité de bourses pour les étudiants.Procédure de CandidatureLes candidats intéressés doivent transmettre leur dossier comprenant :Un Curriculum Vitae (CV) à jour.Une lettre de motivation soulignant l’intérêt pour le milieu éducatif.La copie du diplôme le plus élevé.Le dossier est à envoyer par courriel à l’adresse suivante :senegalrecrutement8@gmail.com",https://www.emploidakar.com/offre-demploi/college-lycee-privee-point-e-cdd-prestation-de-services-surveillant-college-lycee/
Stagiaire Community Manager,Gael Conseil,"Dakar, Sénégal",Stage,2026-04-19,N/A,"Gaël Conseil est un cabinet spécialisé dans le conseil en systèmes d’information, la transformation digitale et l’accompagnement IT des entreprises. Dans le cadre de notre développement, nous recherchons un(e) stagiaire Community Manager pour renforcer notre visibilité digitale.Tes missionsTu travailleras en lien direct avec la direction et participeras à la stratégie de communication digitale :Développer la présence de Gaël Conseil sur LinkedIn (principal canal B2B)Créer du contenu professionnel : posts, carrousels, visuels, vidéos courtesMettre en valeur nos expertises (IT, cybersécurité, réseau, transformation digitale)Planifier et publier les contenus (calendrier éditorial)Animer la communauté (interactions, messages)Suivre les performances (taux d’engagement, portée, leads)Réaliser une veille sur les tendances IT et digitalesParticiper à la réflexion sur la marque employeurProfil recherchéÉtudiant(e) en communication, marketing digital ou école de commerceIntérêt pour le domaine IT / digital (important)Excellente capacité rédactionnelle (LinkedIn pro)Créatif(ve) mais avec une approche professionnelle B2BAutonome, rigoureux(se) et force de propositionÀ l’aise avec Canva, LinkedIn, outils de planificationConditionsStage de 2 à 6 moisLocalisation : (France / Sénégal / hybride selon ton organisation)Début : ASAPGratification : selon profilVeuillez envoyer votreCVà l’adressecontact@gaelconseil.com",https://www.emploidakar.com/offre-demploi/gael-conseil-dakar-stage-offre-de-stage-community-manager-h-f-gael-conseil-2/
Conducteur Itinérant – Commercial,LuSet,"Dakar, Sénégal",CDD,2026-04-19,N/A,"Agent LuSet : Conducteur Itinérant – CommercialGestion du tricycle solaire et machines de désinfection : Travail terrain dynamiquePresentation de l’entrepriseLuSet est une entreprise innovante sénégalaise spécialisée dans les solutions d’hygiène écologiques, inclusives et technologiques. Notre mission : moderniser l’hygiène urbaine tout en mettant en avant les plantes médicinales locales.Nous proposons un service de désinfection mobile au travers de bornes pour différents types d’équipements : sportifs et casques. Nous nous deployons à Dakar et sa périphérie via un tricycle solaire.Missions principaesConduite et logistiqueConduire et manœuvrer en toute sécurité le tricycle motoriséInstaller, sécuriser et démonter le poste mobile et le stand sur les lieux d’intervention (salles de sport, places publiques, événements)Assurer le transport et l’entretien des machines de désinfection et du matériel (tables, supports, affiches, produits)Effectuer les vérifications techniques quotidiennes du véhicule (batterie, pression, niveaux)Effectuer les branchements électriques correspondants chaque jourHygiène et exploitationMettre en marche et manipuler les machines de désinfection selon les protocoles LuSet (vapeur 70°C, ozone, UV-C, spray végétal)Veiller à la propreté du matériel et à l’hygiène du stand avant, pendant et après chaque journéeAppliquer les consignes de sécurité, d’entretien et de gestion des déchetsRelation client et commercialisationAccueillir, informer et fidéliser les clients avec professionnalisme et sourireAttirer les passants vers le stand LuSet avec un discours accrocheur et professionnelExpliquer le fonctionnement des machines : étapes, bénéfices santé et hygièneAssister les clients dans l’utilisation (montrer l’écran, aider au dépôt du matériel, aider au paiement )Distribuer flyers et supports de communication inviter à suivre sur les réseaux, remplir fiche clientGérer les files d’attente pour éviter l’encombrementRecueillir les retours clients : points positifs, suggestions, plaintes :les remonter à la directionPorter l’uniforme LuSet, respecter le discours de marque, être ponctuel(le) et professionnel(le)Maintenance légère et suivi techniqueNettoyage des buses, filtres et surfacesVérification du niveau de liquide désinfectantSignalement de toute anomalie technique (voyant, bruit, panne) à la directionPetites réparations ne nécessitant pas d’intervention lourde (changement de fusible, resserrage, redémarrage système)Profil recherchéNiveau d’étude : BEP / Bac minimum — idéalement en électricité, maintenance, logistique ou commercePermis B obligatoireExpérience de conduite de tricycle, moto ou remorque indispensable (milieu urbain de préférence)Expérience en vente, animation commerciale ou service client fortement appréciéeNotions de base en électricité (12V / 220V, branchements simples, sécurité)Compétences & qualitésExcellente condition physique (poste mobile avec manutention quotidienne)Conduite prudente et manœuvre sur espaces urbains fréquentésMaîtrise du français et du wolof :expression claire et professionnellePonctuel(le), responsable, organisé(e) et soigneux(se) du matériel confiéGoût du contact humain, sourire naturel et sens du serviceCapacité à travailler en autonomie comme en équipeFiabilité et honnêtetéDate de démarrage souhaitée : Mi maiMerci d’envoyer votre CV avec pour objet le titre du poste àluset.senegal@gmail.com",https://www.emploidakar.com/offre-demploi/luset-dakar-et-sa-banlieue-cdd-prestation-de-services-agent-luset-conducteur-itinerant-commercial-gestion-du-tricycle-solaire-et-bornes-de-desinfection-travail-terrain-dynamique/
Chauffeur de moto,Diop et Frères,"Rufisque, Dakar",Prestation de Services,2026-04-19,N/A,Je cherche un Chauffeur de moto qui a une expérience de mois minimum.Contacter nous via Whatsapp pour plus de détails au 77-169-02-85,https://www.emploidakar.com/offre-demploi/diop-et-freres-rufisque-prestation-de-services-chauffeur-de-moto/
Stagiaire Technico Commercial,Gael Conseil,"Dakar, Sénégal",Stage,2026-04-18,N/A,"Gaël Conseil est une société de conseil spécialisée dans les infrastructures IT, la cybersécurité, le cloud et la data.Nous accompagnons nos clients dans la transformation de leur système d’information, la sécurisation de leurs infrastructures et le déploiement de solutions technologiques innovantes.Dans le cadre de notre développement, nous recherchons un(e) stagiaire ingénieur technico-commercial.MissionsIdentifier et prospecter de nouveaux clients (LinkedIn, emailing, appels)Comprendre les besoins IT des clientsParticiper à la définition de solutions (réseaux, cloud, cybersécurité)Contribuer à la rédaction des propositions commercialesParticiper aux rendez-vous clientsMettre à jour le CRM et suivre les opportunitésProfil recherchéBac+4/5 (école d’ingénieur, commerce ou université)Appétence pour les technologies IT (réseaux, systèmes, cloud)Intérêt pour le commerce et la relation clientBon relationnel et aisance à l’oralCompétencesCompréhension des environnements ITCapacité d’analyse des besoinsEsprit commercialMaîtrise du français et anglais professionnelQualitésDynamique et proactif(ve)Curieux(se) et motivé(e)AutonomeEsprit d’équipeConditionsStage de 4 à 6 moisLocalisation : à préciserPossibilité d’embauche à l’issue du stagePourquoi nous rejoindre ?Projets IT à forte valeur (cybersécurité, cloud, infrastructures)Expérience concrète en business et techniqueEnvironnement dynamique et en croissanceResponsabilités rapidesVeuillez envoyer votreCVà l’adressecontact@gaelconseil.com",https://www.emploidakar.com/offre-demploi/gael-conseil-dakar-stage-offre-de-stage-community-manager-h-f-gael-conseil/
Stage préambauche – Responsable de fabrication électromécanique,ArrawTech,"Sacre cœur 3, Dakar",Stage,2026-04-17,N/A,"MissionSuperviser l’ensemble des opérations industrielles (production, maintenance) en garantissant l’efficacité, la qualité et la rentabilité. Mettre en œuvre les stratégies d’approvisionnement et de gestion des flux pour accompagner la croissance de l’entreprise.",https://www.emploidakar.com/offre-demploi/arrawtech-sacre-coeur-3-stage-stage-preambaucheresponsable-de-fabrication-electromecanique/
Stagiaire Designer Graphique et Motion,IT mobile Afrique,"Dakar, Sénégal",Stage,2026-04-17,N/A,"A proposDepuis 2009, l’équipe d’IT mobile Afrique avide de nouvelles technologies est à la constante recherche de solutions pour accompagner les entreprises à se moderniser.La team ITMA (IT mobile Afrique) a pour priorité la satisfaction client.Nous pensons que le succès d’un projet passe essentiellement par l’implication des gens qui le réalisent.À propos du stageNous cherchons un(e) stagiaire qui a déjà les mains dans le cambouis : quelqu’un qui connaît ses outils, qui a déjà produit des choses, et qui cherche maintenant à passer à la vitesse supérieure en environnement professionnel. Ce stage est une vraie opportunité de mettre en pratique ce que vous savez faire, de développer de nouvelles compétences au contact de projets concrets, et pour les profils qui font la différence, la porte est ouverte à une suite bien plus intéressante.Vos missionsIntégré(e) à l’équipe communication, vous prenez en charge la création de contenus visuels et audiovisuels sur des projets variés :Conception de supports graphiques print et digitaux (affiches, brochures, bannières, visuels réseaux sociaux, création d’identité de marque)Montage et production vidéo pour nos différentes plateformes (reels, teasers, reportages courts)Création de motion graphics et animations pour dynamiser nos contenusRetouche photo et préparation des fichiers pour publication ou impressionParticipation active à la cohérence de notre identité visuelle​Ce qu’on attend de vousVous préparez un BTS Design Graphique, une Licence Arts Appliqués, un Bachelor Design ou équivalent, et vous avez déjà une expérience significative (stage, projets freelance, réalisations personnelles ) qui prouve que vous savez utiliser vos outils. Un portfolio est indispensable pour postuler.​Sur le plan technique, vous maîtrisez la Suite Adobe (Photoshop, Illustrator, InDesign, Premiere Pro, After Effects) et vous êtes à l’aise avec le montage vidéo et les formats adaptés aux réseaux sociaux. La connaissance de Figma ou des bases en motion design avancé est un vrai plus.Ce qu’on vous offreUn cadre de travail stimulant, des projets variés et concrets, un vrai accompagnement, et pour les profils qui s’imposent, une évolution rapide avec des responsabilités à la hauteur.Département : Communication / MarketingDurée : 3 à 6 moisLieu : Dakar, Présentiel 3 jours / Télétravail 2 jours par semaineGratification : Selon convention légalePrise de poste : Dès que possible",https://www.emploidakar.com/offre-demploi/it-mobile-afrique-dakar-stage-stagiaire-designer-graphique-et-motion/
Stagiaire Community Manager,IT mobile Afrique,"Dakar, Sénégal",Stage,2026-04-17,N/A,"A proposDepuis 2009, l’équipe d’IT mobile Afrique avide de nouvelles technologies est à la constante recherche de solutions pour accompagner les entreprises à se moderniser.La team ITMA (IT mobile Afrique) a pour priorité la satisfaction client.Nous pensons que le succès d’un projet passe essentiellement par l’implication des gens qui le réalisent.À propos du stageVous avez déjà une bonne intuition des réseaux sociaux — pas seulement en tant qu’utilisateur(rice), mais aussi dans la façon de construire une présence, de parler à une audience, de créer du lien. Ce stage vous donnera l’occasion de mettre tout ça à l’épreuve du terrain, dans un environnement où vous aurez de vraies responsabilités et une vraie latitude créative. Et pour les personnes qui trouvent leurs marques ici, cette expérience peut tout à fait ouvrir des portes plus durables.Vos missionsLe poste est riche et varié : vous interviendrez sur la gestion de notre propre présence digitale, mais également sur celle de plusieurs marques clientes, chacune avec ses codes, ses audiences et ses objectifs propres.Animation et modération de plusieurs comptes réseaux sociaux (Instagram, Facebook, LinkedIn, TikTok, X, etc.)Élaboration et suivi des calendriers éditoriaux pour chaque entitéCréation de contenus adaptés à chaque univers de marque : textes, visuels, stories, reelsGestion des interactions avec les communautés (commentaires, messages, avis)Suivi des performances et reporting régulier avec recommandationsVeille sectorielle et identification des tendancesParticipation aux réflexions stratégiques et aux briefs contenusProfilLe profil qu’on imagineVous préparez un BTS Communication, une Licence Info-Com, un Bachelor Marketing Digital ou équivalent. Vous avez déjà eu une expérience avec les réseaux sociaux dans un contexte professionnel ou associatif, et vous savez naturellement adapter votre écriture et votre créativité à des univers différents. Vous êtes organisé(e), curieux(se), et vous aimez jongler avec plusieurs projets sans perdre le fil.La maîtrise des principaux réseaux et de leurs spécificités est attendue. La connaissance d’outils de planification ou de création de visuels (Canva, Meta Business Suite, Buffer ou équivalent) sera appréciée, tout comme des notions en montage vidéo courte durée.Ce qu’on vous proposeUne expérience stimulante sur des sujets variés, une vraie autonomie, et pour les personnes qui s’y retrouvent, la possibilité de construire quelque chose de plus long terme ensemble.Département : Communication / Marketing DigitalDurée : 3 à 6 moisLieu : Dakar, Présentiel 3 jours / Télétravail 2 jours par semaineGratification : Selon convention légalePrise de poste : Dès que possible",https://www.emploidakar.com/offre-demploi/it-mobile-afrique-dakar-stage-stage-en-community-management/
Responsable du Développement Durable,Top Work,"Kédougou, Sénégal",CDD,2026-04-17,N/A,"Dans le cadre du développement de ses activités dans le secteur minier, un de notre client recrute un Responsable du Développement Durable.Secteur : MinierResponsabilitésÉlaborer et mettre à jour la stratégie de développement durable de l’entreprise en accord avec les objectifs commerciaux et les principes ESG.Gérer et renforcer les relations avec les communautés, les autorités et les principales parties prenantes en coordonnant les programmes. d’investissement social, de bon voisinage et de développement durable qui préservent la licence sociale de l’entreprise et renforcent sa réputation.Veiller au respect des réglementations environnementales, des licences environnementales, des permis en vigueur et des réglementations en matière de développement durable applicables aux activités de l’entreprise.Préparer le rapport ESG de l’entreprise en collectant, analysant et consolidant les informations environnementales, sociales et de gouvernance provenant des différents services de l’organisation.Rédiger des rapports de développement durable conformément aux normes internationales telles que celles de la Global Reporting Initiative (GRI) et du Sustainability Accounting Standards Board (SASB).Définir et suivre les indicateurs clés de développement durable (énergie, eau, déchets, émissions et indicateurs sociaux).Identifier les risques et les opportunités liés au développement durable et au changement climatique dans les opérations.Mener des initiatives liées à l’efficacité environnementale, à l’utilisation responsable des ressources et à l’amélioration opérationnelle.Diriger la mise en œuvre des politiques, des processus internes et des plans stratégiques liés au développement durable afin d’assurer la cohérence institutionnelle et de renforcer la culture organisationnelle en matière de questions ESG.Profil recherchéMaster et/ou spécialisation en développement durable, environnement, relations communautaires, gestion de haut niveau ou domaines connexes (obligatoire).Formations sur les normes internationales, telles que : Global Reporting Initiative (GRI), Sustainability Accounting Standards Board (SASB) et les systèmes de gestion : ISO 14001, ISO 45001, ISO 26000 ou ISO 3700110 ans d’expérience dans la direction d’équipes et la gestion de projets de développement durable, principalement dans le secteur minier.Pour postuler, merci d’envoyer votre CV à :cv@topwork.snen précisant en objet l’intitulé du poste.",https://www.emploidakar.com/offre-demploi/top-work-kedougou-senegal-cdd-cdi-responsable-du-developpement-durable/
Directeur Commercial,GPF,"Dakar, Sénégal",CDI,2026-04-17,N/A,"Pour accompagner un de ses clients, GPF recrute un Directeur Commercial H/F expérimenté (e) pour diriger sa stratégie commerciale au Sénégal. Un leader passionné, capable de piloter sa croissance tout en maîtrisant les aspects techniques de ses produits et solutions.MissionsÉlaborer et mettre en oeuvre la stratégie commerciale pour le marché sénégalais, en accord avec les objectifsDévelopper et diversifier le portefeuille clientsGérer et animer l’équipe commerciale pour atteindre les objectifs de ventes.Piloter la gestion de projets commerciaux complexes, impliquant des solutions techniques avancées, et coordonner avec les équipes internes pour assurer leur bonne exécution.Assurer une veille concurrentielle et analyser les tendances du marché pour ajuster la stratégie en conséquence.Travailler en étroite collaboration avec les équipes techniques et marketing pour proposer des solutions adaptées aux besoins des clients.Négocier et conclure des contrats avec des clients stratégiques, notamment pour des projets impliquant des solutions techniques innovantes.Suivre les indicateurs de performance (KPI) et assurer un reporting régulier auprès de la direction.ProfilFormation : Bac+4/5 en Commerce, Ingénierie, Gestion ou équivalentExpérience : Minimum 8 à 10 ans d’expérience dans des fonctions commerciales, dont une expérience confirmée à un poste de management (Directeur Commercial ou équivalent)Expérience avérée en environnement B2B, idéalement dans des secteurs techniques (traitement de l’eau, équipements industriels, solutions techniques…)Bonne compréhension des enjeux techniques et capacité à valoriser des solutions complexes auprès de clientsMaîtrise des techniques de vente, de négociation et de gestion de projetsLeadership avéré, capacité à structurer, piloter et fédérer des équipesForte orientation résultats et culture de la performanceExpérience dans un environnement international ou multiculturel appréciéeExcellente maîtrise du français et bon niveau en anglais",https://www.emploidakar.com/offre-demploi/gpf-dakar-senegal-cdi-directeur-commercial-h-f/
Délégué Médical,Elite RHCabinet de recrutement,"Dakar, Sénégal",Prestation de Services,2026-04-17,N/A,"Mission principalePromouvoir les produits de l’entreprise auprès des professionnels de santé, des institutions et des distributeurs, en mettant en avant leurs bénéfices nutritionnels et scientifiques. Contribuer au développement commercial et à l’image de marque de l’entreprise dans le secteur agroalimentaire.ResponsabilitésAssurer la promotion scientifique et technique des produits auprès des médecins, nutritionnistes, pharmaciens et autres prescripteurs.Développer et entretenir un réseau de partenaires dans le domaine médical et paramédical.Organiser et animer des réunions d’information, conférences et ateliers pour présenter les produits.Collecter et remonter les informations du terrain (besoins, tendances, retours clients) à la direction marketing et R&D.Participer à la veille scientifique et réglementaire sur les thématiques nutrition, santé et agroalimentaire.Contribuer à l’atteinte des objectifs commerciaux fixés par l’entreprise.Profil recherchéExpérience : minimum 2ans en tant que délégué médical ou dans une fonction similaire (santé, nutrition, agroalimentaire).Formation : Bac+3 à Bac+5 en en délégation médicaleAvoir un permis de conduire valideExcellentes compétences en communication et pédagogie.Capacité à vulgariser des données scientifiques pour différents publics.Sens de l’organisation, autonomie et esprit d’équipe.Maîtrise des outils informatiques et CRM.ConditionsPoste avec déplacements fréquents (visites médicales, salons, congrès).Envoyez votre candidature à l’adresseeliterhrecrutement@gmail.comen mettant en objet le poste.",https://www.emploidakar.com/offre-demploi/elite-rh-dakar-prestation-de-services-delegue-medical/
Développeur Full Stack (Java / Angular),Galimatech,"Dakar, Sénégal",CDI,2026-04-17,N/A,"Votre missionNous recherchons des ingénieurs logiciels Full Stack talentueux et expérimentés pour rejoindre notre équipe d’experts passionnés.Vous serez chargé(e) de concevoir, développer et maintenir des API et des applications web robustes, fiables, évolutives et performantes, en phase avec les besoins de nos clients et les volumes croissants de données. Vous évoluerez dans un environnement agile, collaboratif, et orienté qualité logicielle, tout en respectant les meilleures pratiques de développement et d’architecture.Compétences indispensablesBack-end :Java 17+Spring Boot, Spring Cloud, Spring Data, Spring SecuritySpring WebFlux, programmation réactiveArchitecture microservices et hexagonaleKubernetesActiveMQ, RabbitMQ ou KafkaSQL & NoSQLTests unitaires avec jUnit ou MockitoCI/CD avec GitLab ou JenkinsSupervision avec Grafana, Prometheus ou ELKGit / Git FlowFront-end :Angular (dernières versions)NgRx (gestion d’état)Compétences secondaires appréciéesQuarkusOptimisation mémoire et CPU en JavaGraalVMApache CamelShell scripting / LinuxMavenReactJSIonicProfil recherchéVous avez un diplôme Bac+5 en développement logicielVous êtes rigoureux(se), autonome et force de propositionVous aimez le clean code, la performance et le design logiciel bien penséVous avez une réelle capacité à travailler en équipe tout en étant indépendant(e) dans vos tâchesVous avez l’habitude de collaborer avec des DevOps, PO, QA et architectes dans des projets complexesPostulerEnvoyez votre CV actualisé àcontact@galima-group.comObjet : Candidature – Ingénieur Full Stack Java/Angular",https://www.emploidakar.com/offre-demploi/galimatech-dakar-cdi-prestation-de-services-developpeur-full-stack-java-angular/
Coordonnateur(trice) de portefeuille,KfW,"Dakar, Sénégal",CDD,2026-04-17,N/A,"La KfW (Banque allemande de développement), active au Sénégal pour le compte du Gouvernement fédéral allemand représenté par le Ministère Fédéral de la Coopération Economique et du Développement (BMZ), finance des projets d’investissements publics particuliers dans les secteurs de la bonne gouvernance, de la formation professionnelle, de l’énergie renouvelable, de la santé, de la mobilité urbaine, du développement du secteur privé et des systèmes financiers.Sous l’autorité de la direction du bureau de la KfW Dakar et sur la base d’un contrat régi par la législation du travail du Sénégal, le/la Coordonnateur(trice) de portefeuille sera basé(e) à Dakar et travaillera en collaboration directe avec les équipes du bureau de Dakar ainsi que celles basées au siège de la KfW à Francfort en Allemagne.Activités principales :Gestion de projet :Appuyer à la gestion et le suivi du portefeuille de la KfW au Sénégal, ainsi que la supervision et coordination d’études et de consultants, en étroite collaboration avec les équipes internes et partenaires externes ;Contribuer au développement du portefeuille notamment à l’identification et la préparation de nouveaux engagements de la coopération financière dans les secteurs d’activité ainsi que pour les autres filiales du groupe de la KfW (IPEX, DEG) ;Organiser et participer aux missions d’évaluation, de supervision, d’instruction et autres, et assurer leur documentation ;Appuyer à l’organisation des consultations et négociations inter-gouvernementales ;Assurer la relation client avec les partenaires gouvernementaux, le secteur privé et les organisations internationales représentés au Sénégal.Dialogue sectoriel :Suivre et analyser régulièrement les développements politico-socio-économiques et l’environnement des acteurs actifs dans les thématiques couverts et en rendre compte à la Direction du bureau de la KfW ainsi qu’aux équipes projets au siège ;Représenter la KfW dans le dialogue politique sectoriel avec le gouvernement en concertation avec les équipes internes, la GIZ et l’Ambassade de l’Allemagne au Sénégal.Autres :Contribuer à l’innovation continue dans les approches et les méthodes de travail ;Appuyer le bureau de la KfW à Dakar, les bureaux dans la région et le siège à Francfort en fonction des besoins de la KfW et de leur évolution.ProfilÊtre titulaire d’un Diplôme universitaire de niveau Master en Gestion de Projet, Economie, Droit, Sciences sociales, un diplôme d’Ingénieur ou un diplôme équivalentAvoir au moins 5 ans d’expérience professionnelle avérée dans un poste similaire, soit dans une organisation bilatérale/internationale, un cabinet de consultants, le secteur privé ou une institution étatiqueAvoir une expérience professionnelle en gestion et administration de projets, incluant la planification, la contractualisation, les procédures d’appels d’offres, le décaissement, le suivi etc.Avoir une bonne connaissance du cadre politique, institutionnel et réglementaire dans le domaine d’activité de la KfWAvoir une compréhension des objectifs et valeurs de la Coopération Allemande au Sénégal, et en Afrique en généralUn réseau relationnel solide constitue un atoutMaîtrise des outils informatiquesÊtre disponible à effectuer des missions sur le terrain au Sénégal et suivre des formations au siège de la KfW à FrancfortAvoir une très bonne maîtrise du français et une bonne pratique écrite et orale de l’allemand (de préférence) et/ou de l’anglaisSens d’initiative et esprit d’équipeDynamique et doté(e) d’un bon sens relationnelCapacité de synthèse et d’analyse.Composition du dossier de candidature :Lettre de MotivationCV pertinent (max. 3 pages) contenant des références les plus significatives de votre parcours professionnelCopies des diplômes et attestations de travail.",https://www.emploidakar.com/offre-demploi/kfw-dakar-senegal-cdd-coordonnateurtrice-de-portefeuille/
Office Manager (Français/Allemand/Anglais),KfW,"Dakar, Sénégal",CDD,2026-04-17,N/A,"La KfW recrute un(e) Office Manager chargé(e) d’assurer la gestion administrative, organisationnelle et logistique du bureau afin de garantir le bon fonctionnement de son bureau au Sénégal.Le/la Office Manager sera basé(e) à Dakar et travaillera sous l’autorité du Directeur du bureau de la KfW sur la base d’un contrat à durée déterminée de deux (02) ans avec possibilité de prolongation régi par la législation du travail du Sénégal. Le/la Office Manager travaillera en collaboration directe avec les équipes du Bureau de Dakar et celles basées au siège de la KfW à Francfort.Activités :Gestion administrative et organisationnelle :Assurer la gestion administrative du bureau, y compris la coordination administrative avec l’Ambassade de l’Allemagne ainsi que la GIZ ;Veiller à la bonne tenue et l’archivage des dossiers administratifs ainsi qu’à la bonne gestion des données :Superviser l’exécution des contrats administratifs (bail, maintenance, prestations de services) ;Exécuter l’acquisition de matériel bureautique et fournitures, le suivi des commandes administratives, la tenue du stock de fournitures de bureau et la mise à jour de l’inventaire ;Assurer la maintenance des équipements informatiques et mobiliers.Gestion financière et administrative :Contrôler les dépenses administratives (loyers, contrats de maintenance, fournitures, services) ;Gérer les paiements des factures liées au fonctionnement du Bureau ;Tenue de la comptabilité du Bureau : caisse, banque, chèques ;Faire le suivi de la relation avec le cabinet de conseil comptable, fiscal et juridique ;Préparer la documentation requise pour les audits internes et externes.Gestion logistique et des missions :Traitement de la paie et déclarations sociales conformément au droit sénégalais.Coordonner l’organisation logistique des missions, réunions, ateliers, évènements et visites officielles ;Appui aux collaborateurs du siège en visite au Sénégal ;Superviser la gestion des locaux, équipements, fournitures et véhicules ;Assurer la maintenance des équipements informatiques et mobiliers.Appui à la gestion du personnel du bureau :Gérer les dossiers administratifs du personnel du bureau ;Assurer le suivi des contrats, assurances et obligations sociales selon la législation sénégalaise ;Assurer l’intégration administrative des nouveaux employés et stagiaires.Conformité et sécurité :Veiller au respect des règles de conformité de la KfW (anti-corruption, prévention des conflits d’intérêt, protection des données) ;Assurer le respect des obligations légales locales (fiscales, sociales, administratives) ;Contribuer à la mise en œuvre des mesures de sécurité du bureau.Profil :Être titulaire d’un diplôme en Finance, Comptabilité, Gestion ou Administration.Avoir au minimum 3 ans d’expérience dans un poste similaire.Expérience souhaitée au sein d’une organisation de la coopération internationale, de préférence avec un bailleur européen ;Bonne connaissance des procédures administratives et réglementaires au Sénégal.Excellente maîtrise des outils bureautiques (MS Office) ;Bonne capacité rédactionnelle ;Connaissance des règles de conformité et d’audit ;Excellente maîtrise du français ; une bonne pratique écrite et orale de l´allemand (de préférence) et/ou de l´anglais sera un atout ;Sens de l’organisation et rigueur ;Discrétion et intégrité ;Capacité à travailler sous pression ;Esprit d’initiative et autonomie ;Personnalité ouverte, proactive et hautement motivée avec une grande facilité à travailler dans une équipe multidisciplinaire et dans un contexte international.Composition du dossier de candidature :Lettre de MotivationCV pertinent (max. 3 pages) contenant des références les plus significatives de votre parcours professionnelCopies des diplômes et attestations de travail.",https://www.emploidakar.com/offre-demploi/kfw-dakar-senegal-cdd-office-manager-francais-allemand-anglais/
Responsable Programme – Microfinance dans les chaines de valeur agricoles,Open Capital,"Dakar, Sénégal",CDD,2026-04-17,N/A,"Open Capital (OCA) est un cabinet de conseil en stratégie et en finance qui compte plus de 100 collaborateurs à temps plein repartis à travers 7 bureaux en Afrique. Notre objectif est de transformer les économies africaines et de former des générations de chefs d’entreprise. Nous conseillons les entreprises et les investisseurs les plus innovants qui stimulent la croissance sur le continent.Nous sommes fiers de ce que nous avons construit : depuis la création d’OCA en 2010, nous avons mené à bien plus de 2000 missions dans 35 pays d’Afrique et comptons d’anciens collaborateurs dans de nombreux fonds d’investissement majeurs à travers le continent. Nos clients ont transformé les industries locales dans les secteurs de l’agroalimentaire, de l’accès à l’énergie, des services financiers, de la santé, ainsi que de l’eau et de l’assainissement, entre autres. Nous avons levé plus de 2 milliards de dollars en Afrique et menons actuellement la conception d’une nouvelle génération de mécanismes de développement des marchés, notamment de nouveaux véhicules d’investissement, des PPP et bien d’autres encore.Aujourd’hui, notre équipe est une équipe diversifiée composée de personnes talentueuses de plus de 15 nationalités et nous sommes fiers d’avoir une forte représentation des deux sexes à tous les niveaux, de l’analyste au partenaire. Nous sommes un employeur de premier plan qui vise l’excellence dans tout ce que nous faisons ; nous avons construit une plateforme pour conduire le changement sur les marchés africains et recherchons des collaborateurs exceptionnels pour nous rejoindre à Abidjan et à Dakar.À propos du programmeLe programme d’autonomisation économique des femmes par la transformation de la noix de cajou (WEECAP) est une initiative quinquennale (2025-2029), financée par la Fondation Mastercard, qui couvre la Côte d’Ivoire, la Guinée-Bissau et le Sénégal. OCA assure la mise en œuvre du programme au sein d’un consortium avec Winrock International, GIZ et CARE. Le programme vise à toucher 330 000 jeunes actifs (jeunes femmes et hommes) et à renforcer les liens au sein de la chaîne de valeur pour plus de 200 micro et moyennes entreprises de transformation, prestataires de services et organisations de producteurs, afin d’accroître la transformation locale.  WEECAP s’articule autour de cinq piliers : la compétitivité, le renforcement de la chaîne d’approvisionnement, l’accès au financement (A2F), les politiques, le genre et la sauvegarde. Le pilier A2F, mis en œuvre conjointement par l’OCA et Winrock, comprend un fonds catalytique combinant des instruments de financement et de l’assistance technique pour attirer les investissements privés là où le financement traditionnel reste limité ou peu enclin à prendre des risques, en utilisant des instruments mixtes, tels que le cofinancement, la garantie, les subventions, le financement basé sur les résultats, etc.OCA dirige notamment la conception et la mise en œuvre du Fonds de garantie en partenariat avec des institutions financières sélectionnées.Pourquoi nous rejoindreNous sommes une équipe diversifiée et très motivée, animée par une double mission : faire progresser les économies africaines et former des générations de chefs d’entreprise. Notre culture nous permet d’obtenir des résultats exceptionnels pour nos clients et de nous soutenir mutuellement à mesure que nous devenons des leaders mondiaux. Nous aimons relever des défis ambitieux et complexes, et travailler avec des personnes exceptionnelles pour y parvenir !Le posteEn tant que Responsable/ Coordonnateur de Programme, vous contribuerez à la mise en œuvre des activités d’OCA dans le cadre du volet « Accès au financement » du programme WEECAP en Côte d’Ivoire et au Sénégal. Le poste se concentre sur le déploiement opérationnel et le suivi du Fonds de garantie WEECAP, conçu pour débloquer des financements destinés aux entreprises dirigées par des femmes et des jeunes dans la chaîne de valeur de la noix de cajou. Vous travaillerez en étroite collaboration avec l’équipe du programme d’OCA, les institutions financières et les partenaires du consortium afin de faciliter le déploiement et l’utilisation efficaces du mécanisme de garantie et de renforcer l’accès au financement pour les bénéficiaires ciblés. Le poste combine la gestion de programme, la coordination des parties prenantes et l’engagement du secteur financier. Cela inclut l’appui à la structuration, à la mise en œuvre et au suivi des partenariats avec les institutions financières (principalement des institutions de microfinance) participant au mécanisme de garantie.Type de contrat :contrat à durée déterminée d’un an, avec possibilité de renouvellement sous réserve des performances et des besoins du programme.Les principales responsabilités comprennent :Mise en œuvre et coordination du programmeSoutenir le déploiement opérationnel du Fonds de garantie WEECAP avec les institutions financières partenaires en Côte d’Ivoire et au SénégalCoordonner les activités de mise en œuvre dans le cadre du pilier « Accès au financement » en collaboration avec les partenaires du consortium et les responsables de pilierAider les institutions financières à comprendre les mécanismes de garantie, les critères d’éligibilité et les procédures opérationnellesContribuer à l’amélioration continue des processus opérationnels liés au déploiement des garantiesContribuer à l’élaboration de directives opérationnelles, d’accords de partenariat et d’outils de mise en œuvre liés au mécanisme de garantieSuivre les étapes clés, les livrables et les risques opérationnels associés au pilier « Accès au financement »Engagement des institutions financièresGérer les relations avec les institutions financières partenaires, notamment les IMF, les banques et d’autres partenaires financiers clés afin de suivre l’évolution du pipeline et les décaissements de prêts liés à la garantieSoutenir l’intégration de nouvelles institutions financières dans le programme de garantieAssurer la coordination avec les prestataires d’assistance technique afin de combler les lacunes en matière de capacités au sein des institutions financières partenairesCoordination des parties prenantesSoutenir le responsable du programme OCA dans la coordination entre l’équipe du programme OCA, les partenaires du consortium et les institutions financièresCollaborer avec les membres du consortium WEECAP et les responsables des piliers pour assurer la cohérence des activités et des rapportsSoutenir la collaboration avec la Fondation Mastercard et d’autres parties prenantes clés par le biais de mises à jour régulières et de la documentation du programmeAnimer des réunions, des ateliers et des sessions de coordination liés au pilier « Accès au financement »Suivi, reporting et gestion des connaissancesSuivre les performances du mécanisme de garantie, notamment les décaissements de prêts, la performance du portefeuille et la mobilisation de capitaux supplémentairesSuivre les progrès par rapport aux objectifs du programme, notamment le financement des entreprises dirigées par des femmes et des jeunes dans la chaîne de valeur de la noix de cajouPréparer des mises à jour périodiques du programme, des rapports de performance et des tableaux de bord à l’intention des services internes et des bailleurs de fondsTenir à jour une documentation structurée des activités du programme, y compris les registres d’actions, les suivis de décisions et les registres de mise en œuvreQui êtes-vous ?Vous avez…Un master en finance, économie, administration des affaires ou dans un domaine similaire5 à 7 ans d’expérience pertinente dans le développement du secteur financier, le financement du développement ou les programmes d’inclusion financièreUne expérience avérée de collaboration avec des institutions financières (institutions de microfinance et banques) et d’assistance technique/renforcement des capacités des IMFsUne expérience de travail sur des programmes financés par des bailleurs de fonds, de préférence au sein de grandes organisations internationales de développement ou de fondationsUne expérience dans la mise en œuvre des programmes d’accès au financementConnaissance des mécanismes de garantie, des dispositifs de partage des risques ou des instruments de financement mixteBonne compréhension des produits financiers destinés aux PME, du financement agricole, des opérations de microfinance et bancairesBonne compréhension des chaînes de valeur agricoles (notamment la chaîne de valeur de la noix de cajou)Solides compétences analytiques et capacité à interpréter les données financières et de portefeuilleExpérience dans la mise en œuvre de systèmes de suivi et d’évaluation pour l’inclusion financière ou les PMESolides compétences en gestion de projet, coordination de programmes multipartites, gestion des relations, et organisationCapacité à rédiger des rapports techniques, des présentations et de la documentation de programme clairsExcellentes compétences en communication écrite et orale en anglais et en françaisCapacité à travailler en Côte d’Ivoire et au Sénégal avec des équipes régionales et des partenairesSens de l’initiative, sens des responsabilités et capacité à travailler dans un environnement dynamique impliquant de multiples parties prenantes",https://www.emploidakar.com/offre-demploi/open-capital-dakar-senegal-cdd-cdi-responsable-programme-microfinance-dans-les-chaines-de-valeur-agricoles/
Développeur Fullstack Senior Java / React,Galimatech,"Dakar, Sénégal",CDI,2026-04-17,N/A,"Contexte du posteIntégré(e) aux équipes Core Infrastructure, le/la consultant(e) interviendra sur le développement et la maintenance d’applications back-end et front-end critiques.Vous évoluerez dans un environnement Java / Spring Boot / React, orienté microservices, avec de forts enjeux de scalabilité, performance et qualité logicielle, au sein d’équipes agiles pluridisciplinairesVos missionsConcevoir, développer et maintenir des applications back-end et front-end robustes et scalablesDévelopper des services Java / Spring Boot et des interfaces ReactParticiper à la conception d’architectures microservices et event-drivenImplémenter des API performantes et maintenablesTravailler sur des bases de données relationnelles et/ou orientées documentsParticiper à l’ensemble du cycle de vie applicatif : conception, développement, mise en production et runContribuer à l’amélioration continue de la qualité du code (tests, couverture, SOLID, YAGNI, Sonar, craftsmanship)Assurer la maintenance évolutive et corrective des applications existantesCollaborer étroitement avec les équipes front-end, produit et opérationsTravailler selon les méthodes Agile / ScrumContribuer à l’amélioration continue des pratiques de développementStack techniqueBack-end : Java, Spring BootFront-end : ReactArchitecture : Microservices, event-drivenBases de données : Relationnelles et/ou NoSQL (orientées documents)DevOps : CI/CD, principes DevOpsVersioning : GitQualité : Tests, Sonar, principes SOLID, craftsmanshipMéthodologie : Agile (Scrum, sprints, rituels agiles)Profil recherchéBac+5 en informatique / école d’ingénieur ou expérience équivalentePlus de 5 ans d’expérience en développement Java / ReactSolide expérience sur des environnements back-end complexesMaîtrise des architectures microservicesBonne compréhension des pratiques DevOps et CI/CDSensibilité forte à la qualité logicielle et au craftsmanshipCapacité d’analyse, esprit critique et amélioration continueExcellente communication écrite et orale en françaisAutonomie, rigueur et fort esprit d’équipeUne expérience dans le retail ou la grande distribution est un plusVeuillez envoyer votreCVà l’adressecontact@galima-group.com",https://www.emploidakar.com/offre-demploi/galimatech-dakar-cdi-prestation-de-services-developpeur-fullstack-senior-java-react/
Programme Policy Officer,Programme Alimentaire Mondial,"Dakar, Sénégal",CDD,2026-04-17,N/A,"Key accountabilitiesSupport COs in engaging with and supporting national social protection systems, ensuring alignment with WFP corporate policies and guidance, particularly in relation to nutrition, food security, and emergency preparedness.Provide programme and policy guidance to COs in the design and implementation of social protection projects and initiatives, including support to building policy dialogue with host governments.Contribute to regional strategic discussions with different actors to identify priorities and entry points for strengthening WFP’s engagement in social protection Support the development of the regional social protection strategy document, its implementation plan, and contribute to its operationalization.Collaborate with other WACARO programmatic units to foster coordinated programme support, positioning social protection within broader engagements such as climate action (including AA and micro and macro insurance), emergency response, nutrition, school feeding, gender and resilience.Actively participate in working groups and other relevant regional coordination for a to advance the social protection agenda.Contribute to the identification and management of partnerships (UN agencies, World Bank, donors, NGOs) leading to stronger social protection systems in the region.Contribute to research and analyses on social protection policies, strategies, and programmes across the 19 countries to inform evidence-based decision-making.Prepare accurate and timely reports on social protection activities to foster coordination and informed decision-making within the regional office.Ensure dissemination of timely analytical products, including normative guidance notes, regional studies, and global strategic documents.Undertake regular field visits to support ongoing initiatives and identify new opportunities for engagement in social protection at the country level.Support capacity strengthening activities for WFP staff, partners, and national governments by providing inputs for guidance materials and learning initiatives.Guide and supervise more junior staff, acting as a point of referral and assisting them with queries related to social protection.Any other relevant tasks, as required.Job requirementsAt least three (3) years of postgraduate professional experience in social protection, public policy, or international development.Proven track record in supporting national social protection systems or safety net programmes.Experience working within a regional context or providing technical support to multiple country offices.Demonstrated ability to engage with diverse partners including government ministries, UN agencies, and International Financial Institutions (IFIs), including in navigating high-level discussions with competing priorities.Experience in research, data analysis, and the preparation of policy briefs or strategy documents.Closing date: 29 April 2026",https://www.emploidakar.com/offre-demploi/programme-alimentaire-mondial-dakar-senegal-cdd-programme-policy-officer/
VAM Officer (Geospatial data analysis),Programme Alimentaire Mondial,"Dakar, Sénégal",CDD,2026-04-17,N/A,"What will you do in this position?You will analyze satellite imagery, to detect and quantify cropland change dynamics at the locality level in hard-to-reach/inaccessible areas across West and Central Africa (WCA), providing evidence of existing conflict-related hazards and vulnerabilities. He/she will produce an analysis focus on conflict-affected areas where access is limited, including the Liptako-Gourma area (border areas between Burkina Faso, Mali and Niger), the Lake Chad Basin (Northern Cameroon, Western Chad,South-Eastern Niger, North-Eastern Nigeria), the Central African Republic, parts of Chad and parts of Cameroon and in others costal countries as required.You will work in close collaboration with relevant partners and the taskforce POT (Produits d’Observation de la Terre), a regional task force gathering institutions involved in the EO domain in WCA, including ACF, CILSS, FAO, FEWSNET, JRC, Nigerian Space Agency, WFP,SERVIR etc. At the country level, you will implement capacity-building activities for national governments, local authorities as well as humanitarian partners. You will provide technical support to the Senegal country office, including VAM and geospatial data analysis, and assist with implementing the MOU with the Senegal Spatial Agency (ASES).What makes joining our team a great choice?This position is based in our Global HQ/ Regional office for Western Africa, in Dakar, Senegal. This Regional office covers a broad and very diverse set of countries in Western Africa and provides strategic guidance, policy/technical support and direction to WFP operations and activities in 19 countries in the region which is an amazing mix of cultures, people and diversity.Closing date: 29 April 2026",https://www.emploidakar.com/offre-demploi/programme-alimentaire-mondial-dakar-senegal-cdd-vam-officer/
Chauffeur,Nations Unies,"Dakar, Sénégal",CDD,2026-04-17,N/A,"MissionAssurer le transport sûr, ponctuel et fiable du personnel du bureau et/ou des marchandises, dans le strict respect des règles de sécurité. Garantir le confort pendant les trajets, permettre une arrivée efficace à destination et inspirer confiance et satisfaction.ResponsabilitésConduite fiable et sécuriséeConduire les véhicules de service pour le transport des hauts fonctionnaires, des visiteurs ainsi que du personnel, et faciliter les missions VIP.Assurer la livraison et la collecte du courrier, des documents et d’autres articles auprès des bureaux gouvernementaux, ambassades, établissements commerciaux et bureaux des Nations Unies.Accueillir le personnel officiel et les visiteurs à l’aéroport, y compris pour les formalités de visa et de douane si nécessaire.Veiller à ce que tous les passagers portent leur ceinture de sécurité à tout moment.Superviser et s’assurer que toutes les actions requises par les règles et règlements sont prises en cas d’accident.Respecter les directives et politiques spécifiques du UNOWAS et du CNMC, notamment la politique de gestion des véhicules.Veiller à ce que tous les véhicules respectent les Normes minimales de sécurité opérationnelle (MOSS).Utilisation appropriée du véhiculeContribuer à la réduction des coûts en adoptant une conduite responsable.Tenir à jour les journaux de bord quotidiens (kilométrage, consommation de carburant, vidanges, entretien, lubrification, réparations) et veiller à leur bonne tenue par les autres conducteurs.Préparer et maintenir à jour les plans et rapports d’entretien des véhicules.Entretien quotidien du véhicule assignéS’assurer que les véhicules sont propres et en bon état de fonctionnement.Effectuer les réparations mineures et organiser les réparations majeures.Vérifier régulièrement l’huile, les pneus, les phares, le klaxon, l’embrayage et les freins, et assurer le lavage du véhicule.Veiller au respect des Normes minimales de sécurité opérationnelle (MOSS).Gestion des documents et équipementsMaintenir et garantir la disponibilité de tous les documents et équipements requis : assurance du véhicule, journaux de bord, annuaire de bureau, carte de la ville/pays, trousse de premiers secours, pièces de rechange.S’assurer que toutes les actions requises par les règles et règlements sont prises en cas d’accident.Qualifications et expériencesÊtre titulaire du BFEM ou d’un diplôme de niveau équivalent et d’un permis de conduire.Un permis de conduire pour transport en commun sera un avantage.Une formation en conduite défensive aux Nations Unies sera un atout.Avoir au moins cinq années d’expérience professionnelle en qualité de chauffeur dans une structure administrative publique ou privée.Avoir une expérience en tant que chauffeur au sein d’une organisation internationale sera un atout.Date limite : 12 Mai 2026",https://www.emploidakar.com/offre-demploi/nations-unies-dakar-senegal-cdd-chauffeur/
Legal Counsel,Wave Mobile Money,"Dakar, Sénégal",CDD,2026-04-17,N/A,"As a Legal Counsel at Wave, you will play a key role in supporting our Senegal Legal Team, which strongly focuses on Marketing, Public Relations, and Corporate Governance. You will collaborate closely with operational and functional teams to help them reach their objectives, while actively managing legal risks and ensuring full regulatory compliance.In this role, you will provide clear, practical legal advice and implement strategies that protect the company’s interests and contribute to business success.You will report directly to the Head of Legal.In this role, you’ll:Marketing, Public Relations, and ProcurementsSupport Marketing and Payment – growth team in the implementation and launch of promotional activities by providing legal advice.Ensure all the Publics relations and Marketing communications are compliant with legal requirements.Review all contracts and legal documents related to marketing and public relations to ensure alignment with the company’s interests and regulations.Draft and review supplier contracts in accordance with the company’s Procurement scope.Ensure that the procurement follows internal procedures and regulatory obligations.Draft contract templates for the company’s needs when necessary.Engage with external stakeholders (e.g., the regulator) to build strong relationships and facilitate follow-up on some of Wave’s files.Obtain authorization from competent authorities when necessary.Provide legal support for marketing and PR matters.General support:Develop, implement, and communicate policies, processes, and procedures.Recommend process improvements for the existing tools.Provide legal advice for questions related to the regulation applicable to the company’s activity (specific regulation related to E-money, commercial regulation, labor law; civil and penal law, etc.).Work with the Head of Legal to develop case strategies to prevent or mitigate risks.Key detailsLocation: You’ll work from our office in Senegal.This is a permanent position.Our salaries are competitive and calculated using a transparent formula.We offer generous health insurance for yourself and your dependents.We support working parents – we offer generous parental leave policies (26 weeks for mothers and 4 weeks for fathers) and subsidized child care when you return to work.We help you live your fullest life now – we subsidize gym memberships and fitness classes.Airtime reimbursement.RequirementsMaster’s degree in law.5+ years of legal experience, preferably in mobile money, banking, or other financial sectors.Proficiency in both written and spoken French and English.Demonstrated expertise in planning and preparing for board and shareholder meetings.Solid understanding of legal requirements related to advertising.You might be a good fit if youEfficiently and quickly apply instructions from your lead, and proactively identify and report problems or blockers.Excel in both teamwork and independent work.Are proficient in drafting and reviewing contracts in English and French.Demonstrate tenacity and a commitment to completing tasks.Possess a strong analytical approach to problem-solving.Are highly organized and detail-oriented, with a clear and accurate legal approach.Have excellent writing, listening, and communication skills, consistently striving for excellence in all endeavors.",https://www.emploidakar.com/offre-demploi/wave-mobile-money-dakar-senegal-cdd-legal-counsel/
Chef d’Équipe Logistique,Africa Global Logistics,"Dakar, Sénégal",CDI,2026-04-17,N/A,"MissionsOrganisation & PlanificationRecevoir du VLM la liste des tâches et priorités quotidiennesÉlaborer un plan de travail journalier structuré (ressources, priorités, séquencement)Anticiper les contraintes opérationnelles (flux, co-activité, délais)Management & Animation d’ÉquipeEncadrer et coordonner l’équipe logistique terrain (manutentionnaires, caristes, gestionnaires de stock,)Affecter les tâches et assurer le suivi quotidien de leur exécutionAnimer les toolbox meetings quotidiens (brief opérationnel + sécurité)Assurer la discipline, la motivation et la performance des équipesExécution des Opérations LogistiquesSuperviser les opérations de réception, stockage, distribution et manutentionPiloter les opérations durant les phases Bump-In, Games Time et Bump-OutGarantir la bonne utilisation des engins de manutention (MHE) et le respect des consignes de sécuritéContrôler la conformité des livraisons et assurer leur enregistrementSécurité & QHSECoordonner avec les équipes QHSE sur siteVeiller au port des EPI et au respect des procédures de sécuritéParticiper et animer les briefings sécurité quotidiensRemonter immédiatement tout incident ou situation à risque au QHSE ET VLMSuivi & ReportingSuivre l’exécution des activités en temps réelIdentifier et gérer les écarts, imprévus et incidentsRendre compte au VLM (avancement, risques, besoins)Proposer des actions correctives et retours d’expérienceProfil recherchéBac+2 minimum en logistique, supply chain, gestion des opérations ou équivalentMinimum 3 ans d’expérience en gestion d’équipes logistiques terrainExpérience en environnement événementiel, sportif ou industriel fortement souhaitéeMaîtrise des opérations logistiques terrain (flux physiques, gestion de stock)Connaissance des engins de manutention (MHE) et des règles de sécurité associéesNotions solides en QHSE et procédures de sécuritéBonne maîtrise des outils bureautiques (Excel, reporting, outils de suivi)Leadership terrain et capacité à encadrer une équipe en conditions exigeantesOrganisation, rigueur et gestion des flux logistiquesRéactivité et aptitude à résoudre les imprévusCommunication claire, directive et efficaceSens des responsabilités et forte orientation sécuritéMaîtrise du français — obligatoireConnaissance de l’anglais — souhaitée",https://www.emploidakar.com/offre-demploi/africa-global-logistics-dakar-senegal-cdi-chef-dequipe-logistique/
Responsable QHSE,Africa Global Logistics,"Dakar, Sénégal",CDI,2026-04-17,N/A,"ResponsabilitésGouvernance & Pilotage QHSE Multi-SitesDéfinir, déployer et maintenir la politique QHSE adaptée au contexte des JOJ sur l’ensemble des sites de compétition et hors compétition sous sa responsabilité.Réaliser les assessments QHSE (audit initial, évaluation des risques, grille de conformité) et établir un plan d’actions prioritaires.Conseiller et appuyer le VLM sur toutes les décisions à dimension QHSE.Produire des reportings réguliers (tableaux de bord, indicateurs de performance QHSE) à destination du management.Assurer la veille réglementaire (normes locales sénégalaises, standards CIO/IPC, directives FIFA / World Athletics applicables).Mise aux Normes des Entrepôts & VenuesPiloter la mise en conformité QHSE de l’entrepôt et des opérations des sites de compétition : signalisation, éclairage de sécurité, issues de secours, contrôle des EPI, matériel incendie.Valider les plans d’aménagement des zones de stockage, de manutention et de circulation (piétons / engins).Vérifier la conformité des engins de manutention (chariots élévateurs, transpalettes, etc.) et des installations techniques.Établir et tenir à jour le Document Unique d’Évaluation des Risques Professionnels (DUERP) par site.S’assurer du respect des normes environnementales (gestion des déchets, produits dangereux, impact énergétique).Déploiement des Outils QHSEMettre en place et animer le système de remontée des near misses (presque-accidents) : formulaires, circuit de validation, analyse causale.Organiser et animer les toolbox meetings (réunions de chantier sécurité) réguliers sur chaque site.Implémenter les rondes de sécurité et les check-lists de contrôle quotidien (Walk-the-Talk QHSE).Déployer les outils de suivi et de traitement des incidents : registre des accidents, tableaux de bord, plans d’actions correctives.Mettre en place une base documentaire QHSE accessible à toutes les équipes (procédures, fiches réflexes, plans d’urgence).Formation & Culture SécuritéConcevoir et dispenser les formations QHSE d’induction pour tous les collaborateurs logistiques (salariés, volontaires, prestataires).Former les équipes aux gestes et postures, à la gestion des produits dangereux, ainsi qu’aux procédures d’urgence et d’évacuation.Animer des campagnes de sensibilisation QHSE tout au long des JOJ (affiches, quiz, challenges sécurité).S’assurer de la bonne maîtrise et de l’utilisation effective des EPI par l’ensemble des intervenants sur site.Accompagner les prestataires logistiques dans la mise en conformité de leurs pratiques QHSE.Gestion des Incidents & ReportingAssurer la gestion immédiate des incidents QHSE : sécurisation, investigation, mesures conservatoires.Piloter l’analyse des causes racines (méthode des « 5 pourquoi », arbre des causes) et le déploiement des plans d’actions correctives.Assurer la communication des incidents vers le VLM et le FA Lead dans les délais requis.Qualifications et expérienceDiplôme Bac+3 minimum en QHSE,HSE, Sécurité au travail ou domaine équivalentMinimum 2 ans d’expérience dans un poste QHSE opérationnelExpérience en gestion multi-sites fortement souhaitéeExpérience dans un contexte événementiel ou de grands projets est un atout majeurCertifications NEBOSH, IOSH, ou certification QHSE équivalente appréciéeConnaissance de l’ISO 45001 (sécurité au travail) et ISO 14001 (environnement) souhaitée",https://www.emploidakar.com/offre-demploi/africa-global-logistics-dakar-senegal-cdi-responsable-qhse/
Head of Operational Cell 2,MSF,"Dakar, Sénégal",CDD,2026-04-17,N/A,"The Head of the Operational Cell is responsible for MSF OCBA missions, overseeing the different phases in the project cycle (opening, consolidation, re-orientation and closing) and ensures that quality standards are duly maintained and MSF’s humanitarian and deontological principles respected in his/her portfolio, within the framework of the OCBA Strategic Plan (2026 – 2031), operations orientations, and annual plans in order to perform relevant, high-impact operations. MSF OCBA works in contexts characterised by conflict and violence and has a very strong emergency mind-set.S/he reports hierarchically to the Operational Director. S/he leads the Operational Cell 2, which is composed of a matrix-like team set-up, integrating staff members from different job families as the basis for direct support and guidance to the missions within the cell’s portfolio. Cell 2 is made up of one Head of Operational Cell (RECO), two Deputy Head of Operational Cell (Deputy RECO, one of which is 50% dedicated the cell), one Health Advisor (TESACO), one Health Advisor Support (TESACO Support), one Logistics Advisor (TELOCO), one Human Resources Advisor (REHUCO), one Human Resources Advisor Support (REHUCO Support), and one Financial Controller (FINOCO). The Cell is also supported by a Communications Advisor (CA) and a Humanitarian Affairs Advisor (HAA).The Operational Cell 2 currently manages MSF-OCBA operations in Burkina Faso, Mali, and Niger.Responsibilities ans tasks1. Participate in the MSF OCBA organisational strategyEnsure the reflection on positioning and the role of MSF OCBA regarding humanitarian crises and related dilemmas, protection issues and operational strategies within his / her portfolio and contribute to this process for the wider OCBA operations portfolio.Provide operational input to contribute to the definition of the strategies with the rest of the Departments, and take into account their contributions where pertinent when defining Operational plans to strengthen transversal planning and boost integration.Identify and communicate situations in which the implementation of OCBA policies and procedures is not viable or may hinder the achievement of operational objectives, propose adaptations and exceptions to these in the appropriate forum, and apply the exceptions when necessary, as long as they are justified.Adheres to the priorities articulated by the Direction of Operations and ensures adequate adherence of these along the operational management line and in the missions in his / her portfolio.Hold himself/herself accountable for the relevance and quality of interventions in his / her portfolio and is transparent regarding his/her responsibilities at an operational and managerial level.Hold services accountable for the quality of their support, proactively monitor / analyse policy implementation / adaptation, raise issues in a timely manner, and be accountable for the implementation of MSF OCBA strategies and policies.2. Contribute to the definition of MSF OCBA operational strategyContribute to the definition of the OCBA operational vision by articulating the needs and realities in his / her portfolio.Contribute to the planning of the Operations Department and to the achievement of its transversal objectives.Contribute to reviewing the objectives of the operations department, as well as those framed in MSF OCBA’s Strategic Plan and annual operational orientations, based on evaluation of the implementation of the operational plan and the analysis of evolution of humanitarian challenges in the assigned portfolio.Ensure coherence between OCBA annual planning, operational orientations and assigned portfolio’s annual plan.Contribute to the definition of MSF OCBA security plans and policies and ensure compliance to them.3. Define the strategic vision of missions within the assigned portfolioLead the reflection on positioning and the role of MSF OCBA in relation to the OCBA Strategic Plan and the humanitarian crises in the missions within the assigned portfolio.Ensure regular critical review and analysis of contexts and humanitarian situations in the assigned portfolio in order to guarantee that operational response is adapted to meet population’s needs.Define missions, projects and interventions in the assigned portfolio, guaranteeing their pertinence and compliance with the MSF OCBA Strategic Plan and operational priorities.Ensure the promotion and participation in the proposal, planning and follow-up of exploratory missions and all phases of the project cycle (design of project proposal, monitoring and evaluation, project re-orientation, expansion or closure).Ensure that the results of relevance/impact project evaluations feed overall analyses, in order to maintain the relevance of the missions and the overall MSF OCBA portfolio.4. Oversee the planning and budgeting of missionsReview the annual plan and budget of missions within the assigned portfolio and define strategic changes within the missions under his / her responsibility in coordination with the Director of Operations.Carry out budget analysis of missions and ensure corrective measures if necessary.Ensure coherence between OCBA annual planning, operational orientations and assigned portfolio’s annual plan.5. Supervise, analyse and support programme implementationEnsure the implementation of the annual plan in the missions within the portfolio, according to quality standards and to MSF’s humanitarian and deontological principles, with the primary objective to meet population’s needs.Ensure that MSF’s role on humanitarian action and advocacy is effectively executed by identifying related medical-humanitarian dilemmas, defining lobbying, advocacy messaging and communication strategies, and allocating extra resources accordingly, for missions within portfolio.Ensure support and supervision for all aspects of management of the missions, projects, exploratory missions and interventions in the assigned portfolio, based on the annual operational orientations.Ensure that MSF’s role on humanitarian action and “témoignage” is effectively executed by identifying related medical-humanitarian dilemmas, defining lobbying, advocacy and communication strategies, and allocating extra resources accordingly, for missions within the assigned portfolio.Support the implementation of strategies in relation to context analysis, acceptance, networking and engagement, positioning, advocacy and communicationEnsure adequate security management through supervision for portfolio’s missions, projects and interventions in line with the security policy, rules and guidelines of MSF OCBA.Ensure implementation of the safeguarding framework at projects and mission level.Analyse the fulfilment of operational objectives and carry out analysis to improve MSF OCBA’s operational response in the assigned portfolio.6. Reinforce emergency preparedness and response capacity in the assigned portfolioEnsure the effective emergency preparedness and response of the missions.Instil an emergency mindset in the staff under his / her management.Ensure the missions in the portfolio have an effective alert detection system and a well-defined emergency preparedness and response plan is in place and regularly updated.Ensure a robust emergency response capacity in each mission within the assigned portfolio.Conduct and contribute to after-action reviews of emergency responses and ensure adequate dissemination of the lessons learnt in the relevant mission and in the rest of his/her portfolio as needed.7. Lead, support, manage and guide teamsEnsure that the people running the interventions in his/ her portfolio are being supported adequately by the support functions in the capital, cell and rest of the house.Identify and implement reasonable measures to ensure the well-being and retention of staff in his/ her portfolio, both locally hired and internationally mobile staff.Lead, support, and coach the cell team and the heads of missions in their functioning and decision-making process, to ensure that objectives are achieved.Ensure that cell team members and heads of missions assume their respective responsibilities and the timely implementation of their tasks.Participate in the selection process of the cell team (taking the final decision on selection of candidates), set their objectives, provide feedback, and carry out their follow-up and evaluation, in order to support their performance, coverage of their training needs and future development.Review and update the job profiles of cell members as needed, in collaboration with HR and the relevant technical department.Follow the MSF OCBA performance management system (PMS) with the heads missions, including objective setting, check-ins, progress checks, and final reflections / development recommendations. Ensure the PMS is being implemented through the operational management line in each of the missions in his / her portfolio.Ensure all managerial and behavioural issues are investigated and followed up (at mission or cell level).8. Promote effective knowledge management and ensure optimal internal communication flowEnsure adequate information and workflow between cell and services, other cells, and field, for issues that affect the assigned portfolio.Contribute to operational learning for up-and-coming staff, including courses, inductions, briefings, debriefings, etc.Ensure that knowledge management policies / systems are implemented at his/her level of responsibility.9. Represent MSF OCBA in different forumsEngage with external actors (international organisations, NGOs, institutions, donor agencies, diaspora, civil society and the media) and represent MSF OCBA for the missions of the assigned portfolio, on humanitarian crises, inter-agency operational coordination, and for fundraising.Represents MSF OCBA at MSF international level for the missions of the assigned portfolio (intersectional desk platform).Job requirementsUniversity degree in a relevant field such as Medicine, Nursing, Biomedical Sciences, Social Sciences, Political Sciences, Economics, Law, or a related discipline.Minimum of 5 years of operational management experience with MSF is required.Previous professional experience in the Sahel region, with a strong understanding of its context, is required.Strong knowledge of and interest in the international humanitarian context and MSF principles.Fluent in French and English (both written and spoken) is required.Availability and willingness to travel frequently and at short notice.Flexibility to adapt to demanding working conditions and irregular working hours.ConditionsPosition based in Dakar with travel to the projects at least 25-30% of the time.Full-time position.Annual Gross Salary: level HQ-6 level (subject to MSF-OCBA Rewards Policy of the OCBA HUB where the position is based – Dakar ).Duration: Mandated position with minimum 3-year moral commitment, with a maximum term of 6 years.Starting date: mid/end of June 2026Closing date: 5th May 2026, 23:59",https://www.emploidakar.com/offre-demploi/msf-dakar-senegal-cdd-head-of-operational-cell-2/
Développeur Full-stack (Marketing Digital & IA),Multinationnale de la place,"VDN, Dakar",CDI,2026-04-17,N/A,"On cherche un profil senior, capable de construire, optimiser et scaler des produits digitaux à fort impact.Ta mission (si tu l’acceptes)Concevoir des plateformes web performantes (front + back)Intégrer des solutions basées sur l’IA (automatisation, agents, APIs…)Booster les performances marketing (funnels, tracking, conversion)Travailler directement sur des projets à ROI mesurableÊtre force de proposition (tech + business)Ici, ton code génère du chiffre. Pas juste des features.Profil recherché (pas négociable)Expérience solide en Fullstack (React, Node.js ou équivalent)Très bonne compréhension du marketing digital (funnels, ads, data)Expérience ou forte appétence pour l’IA (OpenAI, automatisation, scraping…)Capacité à travailler vite, bien, et avec impactMentalité “problem solver”, orientée résultatsCe qui fera la différenceTu as déjà généré du business grâce à tes devsTu comprends le lien entre tech + acquisition + conversionTu es à l’aise avec les outils no-code / automationTu es capable de challenger les décisions produitCe qu’on t’offreSalaire attractif (selon ton niveau réel, pas ton CV)Projets concrets, zéro bullshitLiberté technique + prise d’initiativeÉvolution rapide (lead tech / produit)Environnement ambitieux et orienté performanceImportantOn ne cherche pas quelqu’un qui exécute.On cherche quelqu’un qui comprend, construit et fait gagner de l’argent.Postule maintenantEnvoie :Ton CVTes projets concrets (obligatoire)Et surtout : ce que tu as déjà réellement accomplià l’adressecontact@calloffshore.fr",https://www.emploidakar.com/offre-demploi/multinationnale-dakar-vdn-cipres-cdi-on-recrute-un-top-developpeur-fullstack-marketing-digital-ia/
Business Development Director – Senegal,VISA,"Dakar, Sénégal",CDI,2026-04-17,N/A,"Visa is a world leader in payments technology, facilitating transactions between consumers, merchants, financial institutions and government entities across more than 200 countries and territories, dedicated to uplifting everyone, everywhere by being the best way to pay and be paid.At Visa, you’ll have the opportunity to create impact at scale — tackling meaningful challenges, growing your skills and seeing your contributions impact lives around the world. Join Visa and do work that matters — to you, to your community, and to the world.Progress starts with you.Team SummaryVisa’s Central Europe, Middle East & Africa (CEMEA) team drives growth and innovation across one of the most diverse regions globally. We partner with clients, governments, and regulators to expand digital payments, strengthen acceptance networks, and deliver secure, scalable solutions that meet the needs of consumers and businesses. Combining global capabilities with local expertise, CEMEA plays a critical role in advancing Visa’s mission to enable commerce everywhere.Visa’s Senegal team in Central Africa is a dedicated group of professionals committed to driving the company’s growth and innovation in this vital market. Comprised of experts in sales, marketing, product, consulting, regulatory affairs and customer support, the team works collaboratively to tailor Visa’s global strategies to the local context. This role will report to the Head of Cluster – Western and Central Africa Francophone & Lusophone.What a Director, BD – Senegal does at Visa:As Visa’s senior representative in Senegal, the Director, BD will lead the country’s strategic agenda, deepen client and regulatory engagement and oversee Visa’s operations and performance across the country.Market & Strategic LeadershipDefine and execute Senegal’s specific strategy aligned with CEMEA region priorities‑specific strategy aligned with CEMEA region prioritiesRepresent Visa with regulators (BoM), media, government bodies, and key ecosystem stakeholdersShape the local digital payments landscape by identifying growth drivers and removing operational and regulatory barriersMonitor evolving market dynamics, competitive activity, and regulatory changes to drive proactive strategic responsesResponsible for full P&L management, including setting and managing budgets, revenue targets, account receivables, operating expenses, forecasts and delivery of agreed profitability KPI’sClient & Ecosystem EngagementServe as the primary point of contact for issuers, acquirers, merchants, fintech, PSPs, and government partnersLead sales, new business development and complex commercial negotiations as well as senior‑level (C‑suite) engagementDrive revenue growth across core products, value‑added services and commercial money movement solutions (e.g., B2B, remittances, government payments)Expand acceptance across the country by accelerating the adoption of secure, frictionless digital payment solutions and strengthening partnerships across the payments ecosystemBuild, strengthen, and execute strategic account plans ensuring sustainable share growth and client partnership expansionRegulatory & Government AffairsStrong understanding of UEMOA regulatory and payments environments.Build and maintain strong relationships with BoM, key ministries, and national programSupport the Country’s national digital transformation and financial sector development agendas under Vision 2030Represent Visa in government led initiatives, working groups, and industry forums‑led initiatives, working groups, and industry forumsTeam & Site LeadershipFoster a culture of collaboration, accountability, leadership excellence, and customer obsession, engaging with colleagues across Visa, endeavoring to provide guidance and support with complex negotiations and ensure the business is appropriately involved and informed about client matters, delivering solutions as one team.Ensure operational rigor, compliance, and an excellent employee experience across the Riyadh siteServe as the senior executive face of Visa in the Country, managing day today market leadership responsibilities‑to‑day market leadership responsibilitiesThis is a hybrid position. Expectations of days in office will be confirmed by your hiring manager.Why this is important to VisaThe Director, BD is a senior leader in one of Visa’s CEMEA region’s largest, fastest‑growing and most strategically important markets. This role plays a pivotal part in advancing Country’s Vision 2030 digital payments agenda, steering market‑level P&L performance and strengthening Visa’s presence amid the Country’s expanding role as a regional hub for digital transformation.QualificationsWhat you will need:10+ years in payments, financial services, fintech, consulting, or related industriesStrong understanding of UEMOA regulatory and payments environments.Proven track record in senior leadership roles and managing strategic external relationshipsExperience operating in Eastern Africa (Indian Ocean Islands) markets (Country experience strongly preferred)Demonstrated success in complex commercial environments, competitive markets, and high impact dealmakingA strong track record of sales leadership, developing and leading executive-level client relationships and new business opportunities with key partners, leveraging Visa’s products and services to build broader payments solutions.Strong B2B2C experience with knowledge of expanding into new customer distribution channels.The ability to navigate ambiguity, innovate, and lead businesses in capturing, expanding, extending, and retaining client relationships.Commercially astute with proven success in growing a business in a high-growth, fast-paced environment, meeting challenging financial and business targets.A track record of establishing strong connections with government representatives and regulators.Robust decision-making and analytical skills, with a strong command of financial, market, and consumer data, and the ability to grasp complex and detailed issues.Financially literate with an excellent understanding of risk management.Experience working in a global matrix organization with the ability to navigate complex structures and empower local decision-making.Experience leading change programs within a business and building and leading high-performing teams through cultural and transformational change.Creative and resourceful in overcoming barriers and unexpected roadblocks.An authentic leader who intuitively fosters an inclusive environment.Takes a hands-on approach to all activities with real passion and high levels of energy.Excellent communication skills.A minimum degree-level qualification, with an MBA considered valuable.Fluent in English strongly preferred.",https://www.emploidakar.com/offre-demploi/visa-dakar-senegal-cdi-business-development-director-senegal-2/
Commercial(e) Sénior Agroalimentaire,E.B.S,"Dakar, Sénégal",CDD,2026-04-17,N/A,"Dans le cadre du développement de ses activités et de son ambition de contribuer durablement à la souveraineté alimentaire, une entreprise de la place recrute un(e) Commercial(e) Senior en agroalimentaire pour accompagner la structuration et la croissance de ses marchés.À travers ses initiatives, l’entreprise œuvre au développement de chaînes de valeur performantes, à la modernisation des exploitations agricoles et à la mise en marché de produits agricoles compétitifs, répondant aux exigences locales et internationales.En tant que Commercial(e) Senior, vous jouerez un rôle clé dans :le développement et la gestion d’un portefeuille clients (B2B, distributeurs, partenaires stratégiques)la définition et le déploiement de la stratégie commercialel’identification et la conquête de nouvelles opportunités de marchéla valorisation des produits issus des filières agricoles localesla contribution à la croissance durable des activités agroalimentairesVeuillez envoyer votre candidature à l’adresseagenceebs@outlook.fr",https://www.emploidakar.com/offre-demploi/e-b-s-dakar-cdd-cdi-commerciale-senior-agroalimentaire/
Electricien,Sunda InternationalFaire de grandes réalisations sur la vaste plate-forme mondiale.,"Sindia, Thiès",CDD,2026-04-16,N/A,"Mission principaleL’électricien installe, entretient et répare les systèmes électriques afin d’assurer leur bon fonctionnement et la sécurité des installations.Activités principalesInstaller les équipements électriquesLire et interpréter les plans et schémas électriquesAssurer la maintenance préventive et correctiveDiagnostiquer les pannes et effectuer les réparationsMettre en conformité les installations selon les normes en vigueurTester et vérifier les installations électriquesCompétences requisesMaîtrise des installations électriques basse et/ou haute tensionLecture de plans et schémas techniquesConnaissance des normes de sécurité électriqueCapacité à utiliser les outils de mesure (multimètre, testeur, etc.)Esprit d’analyse et de diagnosticQualités personnellesRigueur et précisionSens des responsabilitésAutonomieRéactivitéBonne condition physiqueFormationCAP / BEP / Bac professionnel en électricité ou électrotechnique",https://www.emploidakar.com/offre-demploi/sunda-international-sindia-thies-cdd-electricien/
Mécanicien,Sunda InternationalFaire de grandes réalisations sur la vaste plate-forme mondiale.,"Sindia, Thiès",CDD,2026-04-16,N/A,"Sunda international recrute un Mécanicien poste basé à SINDIA dans la région de Thiès.Missions et responsabilitésInspecter les systèmes et les composants mécaniques pour détecter les problèmes et déterminer les solutions appropriées.Utiliser des outils de diagnostic et des machines à mesurer pour vérifier le fonctionnement des systèmes mécaniques.Réparer ou remplacer les pièces défectueuses et les composants mécaniques.Démonter, dégager et réassembler les pièces mécaniques.Lire et interpréter les plans et les dessins techniques.Faire fonctionner les systèmes mécaniques pour tester leurs performances.Entretenir et réparer les systèmes mécaniques.Utiliser des systèmes informatiques pour effectuer des réparations et des analyses.Maintenir et améliorer les systèmes mécaniques.Assurer la sécurité des employés et des clients.Qualités et compétencesBTS / CAP/ BAC Mécanique / Maintenance des équipements industriels / ElectromécaniqueAvoir au moins 6 mois d’expérience en industrie.Bonne connaissance des matériaux et des techniques de fabricationComprendre les schémas techniques et les plans de fabricationMaîtriser les outils et machines de fabricationMaitriser les normes et procédures de sécuritéBonne capacité d’analyse et de résolution de problèmesBonne capacité d’adaptationSens de l’initiative et de la responsabilitéAptitude au travail en équipeIntérêt pour les technologies et la mécaniqueBonne présentation et communication.",https://www.emploidakar.com/offre-demploi/sunda-international-sindia-thies-cdd-mecanicien/
Superviseur commercial expérimenté dans le domaine FMCG,Sunda InternationalFaire de grandes réalisations sur la vaste plate-forme mondiale.,"Dakar, Sénégal",CDD,2026-04-16,N/A,"Objectif du posteMaximiser l’atteinte des objectifs de performance et constituer un moteur clé de la croissance durable de l’entreprise.Gestion des clients et exécution commercialeAssurer le suivi et la réalisation des objectifs de performance individuels de l’équipe.Être responsable des ventes quotidiennes, de la gestion des commandes et du recouvrement des créances clients dans les canaux de distribution de gros de la zone attribuée.Mettre en œuvre un plan de visites clients régulières, maintenir et renforcer les relations clients, et améliorer la satisfaction ainsi que la fidélité des clients.Veille marché et analyse de la concurrenceCollecter et analyser de manière systématique les informations sur les dynamiques du marché et les actions des concurrents, et assurer un retour d’information rapide.Formuler des recommandations pertinentes sur la base des analyses du marché.Piloter les plans d’actions et garantir leur mise en œuvre efficace afin de consolider et d’élargir la part de marché.Gestion des clients stratégiquesAssurer un suivi approfondi des principaux clients grossistes et des points de vente clés de la zone.Entretenir des relations stratégiques et résoudre les problématiques commerciales majeures.Profil requisNiveau d’études : Licence (Bac+3) minimumExpérience professionnelleAu moins 3 ans d’expérience en venteExpérience dans le secteur des biens de grande consommation (FMCG), notamment dans les canaux de gros ou le commerce traditionnelCompétences linguistiquesMaîtrise du français et des langues locales pour les échanges professionnelsCompétences techniquesBonne maîtrise des outils bureautiques Microsoft Office et des outils d’analyse de donnéesAtouts appréciésExpérience professionnelle au sein d’entreprises FMCG locales.",https://www.emploidakar.com/offre-demploi/sunda-international-dakar-senegal-cdd-superviseur-commercial-experimente-dans-le-domaine-fmcg/
Volontaires,Mercy Sénégal,"Pikine, Dakar",Prestation de Services,2026-04-16,N/A,"Mercy Sénégal, centre socioculturel pour encadrer les enfants de familles démunies cherche volontaires pour nous aider dans nos activités.Contact : smolbiggi@gmail.com",https://www.emploidakar.com/offre-demploi/mercy-senegal-pikine-prestation-de-services-centre-pour-les-enfants-cherche-volontaire/
Responsable Lots Techniques,Top Work,"Dakar, Sénégal",CDD,2026-04-16,N/A,"Pour le compte d’un de nos clients, acteur mondial reconnu dans les projets d’infrastructures, des projets immobiliers complexes, nous recrutons : Responsable des Lots TechniquesResponsabilitésExaminez les exigences contractuelles et définissez les critères d’interface et d’acceptation pour toutes les œuvres MEP.Coordonnez tous les travaux mécaniques, électriques, de plomberie, de drainage et de relevage en accord avec les activités civiles et structurelles.Inspecter les travaux en cours du MEP et surveiller les activités de test et de mise en service afin d’assurer la conformité aux exigences approuvées.Faites régulièrement rapport au chef de projet et au responsable de la construction des progrès, des problèmes, des changements, des risques et des activités quotidiennes sur le chantier.ProfilLicence (BSc) en génie mécanique ou génie électrique.15 ans d’expérience en coordination MEP dans des projets de construction à grande échelle.Bonne compréhension des processus de test, de mise en service et de transfert MEP.Pour postuler, merci d’envoyer votre CV à :cv@topwork.snen précisant en objet l’intitulé du poste.",https://www.emploidakar.com/offre-demploi/top-work-dakar-senegal-cdd-cdi-responsable-lots-techniques/
Chef cuisinier,Sen Intérim,"Dakar, Sénégal",CDD,2026-04-16,N/A,Nous recrutons un chef cuisinier qui habite à Dakar.Missions :Élaborer des menus adaptés aux habitudes localesSuperviser la production culinaireEncadrer et former une équipeGérer les approvisionnements et les stocks –Suivre les coûts et optimiser les budgetsGarantir le respect des normes HACCPProfil recherchéFormation en cuisine (CAP à BTS) avec  5 ans d’expérience minimumExpérience en managementMaîtrise des normes HACCPCandidature Envoyer CV + lettre de motivation à l’adresserecrutement@seninterim.sn,https://www.emploidakar.com/offre-demploi/sen-interim-dakar-senegal-cdd-chef-cuisinier/
Caissier,Sen Intérim,"Touba, Sénégal",CDD,2026-04-16,N/A,"Nous recrutons un caissier qui habite à Touba.Missions :Accueil : Accueillir les clients avec courtoisie, renseigner et orienter.Gestion de Caisse : Vérifier le fond de caisse avant, pendant et à la fermeture.Compétences et QualitésMaîtrise des techniques de vente et des outils informatiques/caisses.Grande capacité de concentration et de vigilance.Excellent sens du relationnel et du service client.Rapidité d’exécution et résistance à la pression.Candidature EnvoyerCV+ lettre de motivation à l’adresserecrutement@seninterim.sn",https://www.emploidakar.com/offre-demploi/sen-interim-dakar-senegal-cdd-caissier/
04 Menuisiers,AMD Corporate,"Dakar, Sénégal",CDD,2026-04-16,N/A,"AMD Corporate recrute pour le compte de l’un de ses clients et vous offre l’opportunité de rejoindre une équipe dynamique et engagée.Vous êtes motivé(e), rigoureux (se) et prêt(e) à relever de nouveaux défis ? Cette opportunité est faite pour vous !Envoyez votreCVdès maintenant à :cv@amdcorporate.net",https://www.emploidakar.com/offre-demploi/amd-corporate-dakar-senegal-cdd-04-menuisiers/
15 Monteurs chapiteaux,AMD Corporate,"Dakar, Sénégal",CDD,2026-04-16,N/A,"AMD Corporate recrute pour le compte de l’un de ses clients et vous offre l’opportunité de rejoindre une équipe dynamique et engagée.Vous êtes motivé(e), rigoureux (se) et prêt(e) à relever de nouveaux défis ? Cette opportunité est faite pour vous !Envoyez votreCVdès maintenant à :cv@amdcorporate.net",https://www.emploidakar.com/offre-demploi/amd-corporate-dakar-senegal-cdd-15-monteurs-chapiteaux/
04 Agents de climatisation,AMD Corporate,"Dakar, Sénégal",CDD,2026-04-16,N/A,"AMD Corporate recrute pour le compte de l’un de ses clients et vous offre l’opportunité de rejoindre une équipe dynamique et engagée.Vous êtes motivé(e), rigoureux (se) et prêt(e) à relever de nouveaux défis ? Cette opportunité est faite pour vous !Envoyez votreCVdès maintenant à :cv@amdcorporate.net",https://www.emploidakar.com/offre-demploi/amd-corporate-dakar-senegal-cdd-04-agents-de-climatisation/
Assistant aux opérations financières,Ria Money Transfer,"Dakar, Sénégal",CDD,2026-04-16,N/A,"A Finance Operations Clerk is primarily responsible for posting various financial transactions to the general ledger and reconciling accounts.  In addition, the Finance Operations Clerk will prepare various reports by codifying and cleaning data reports to then post these Journal Entries into the system.  This position will also be required to assist with different Finance Operations tasks from time to time.Expectations:Self-drivenPossess a desire to learn and be challengedMaintain a positive attitude and be able to adapt to changesStrong work ethic and detail oriented.Job Duties:Posting Financial Transactions to the general ledgersValidate Deposits images based on provided guidelines and provide provisional ad hocsObtain documentation to support the posting of financial transactionsPrepare various posting reports as requiredCross train on other accounting duties and provide backup to all team functionsSupport special projects as assignedJob RequirementsKnowledge:Bachelor’s degree in accounting or 1+ years accounting experience is requiredMust understand how to use a general ledgerUnderstanding banking processes is a plusSkills:Excellent verbal and written communication skillsStrong time management skills with the ability to multi-taskMust be detail orientedDemonstrated proficiency in Word and Excel 80% or higherAbility to interact with all levels of employees within the CompanyAbility to quickly learn new systemsBilingual – English/SpanishExperiences:1+ years of experience in financial accounting as well as a good level of expertise inMicrosoft Excelin creating Pivot Table, Dashboards and Scorecards, working with Formulas etc. its required",https://www.emploidakar.com/offre-demploi/ria-money-transfer-dakar-senegal-cdd-cdi-assistant-aux-operations-financieres/
Support Quality & Training Lead,Wave,"Dakar, Sénégal",CDI,2026-04-16,N/A,"We’re making Africa the first cashless continent.In 2017, over half the population in Sub-Saharan Africa had no bank account. That’s for good reason—the fees are too high, the closest branch can be miles away, and nobody takes cards. Without access to financial institutions, people are forced to keep their savings under the mattress. Small business owners rely on lenders who charge extortionate rates. Parents spend hours waiting in line to pay school fees in cash.We’re solving this by building financial services that just work: no account fees, instantly available, and accepted everywhere. In places where electricity, water and roads don’t always work, you can still send money with Wave. In 2017, we launched a mobile app in Senegal for cash deposit, withdrawal, and peer-to-peer and business payments. Now, we have millions of users across 9 countries and are growing fast.Our goal is to make Africa the first cashless continent and that’s where you come in…How you’ll help us achieve itAre you passionate about developing people with an obsession to offer world-class customer experience? We are going through a fascinating period of growth in the Customer Support team and are looking for a Support Quality & Training Lead to join our thrilling journey ahead.You will be responsible for managing a team of more than 15 Support Quality & Training Officers, focusing on the Customer Service department processes. Your goal is to ensure that all customer contacts align with our values and deliver the best customer experience.In this role, you’ll:Manage and update knowledge management systems in line with quality standards, protocols, product, and process changes.Document and provide guidance on new and existing processes and standards within the Customer Service department.Create and deliver training materials, ensuring materials are recorded and accessible.Develop analytical reports linking quality performance with customer satisfaction, complementing regular reporting and sharing insights with relevant managers.Collaborate across departments for projects and training initiatives.Execute the Quality Framework alongside Quality & Training Officers, ensuring quality results meet expectations.Lead, support, guide, and develop the Quality & Training Officers reporting to you.Key detailsLocation: Dakar.Contract type: Permanent.Work authorization in Senegal is required.Our salaries are competitive and calculated using a transparent formula. We run performance reviews twice a year and award bonuses to strong performers who have been with the company for more than 6 months.We offer generous health insurance for yourself and your dependents.We support working parents – we offer generous parental leave policies (26 weeks for mothers and 4 weeks for fathers) and subsidized child care when you return to work.We help you live your fullest life now! We subsidize gym memberships and fitness classes.Airtime reimbursement.Free food and a beautiful office space.RequirementsFluency in French and English.A Bachelor’s degree.5 years of experience in customer service or call centre operations, with at least 3 years of experience in a leadership coaching position.Strong knowledge of customer service processes.You might be a good fit if youYou can discern priority tasks.Demonstrate tenacity and a willingness to go the distance to get something done.Are comfortable defaulting to over-communication and overreaching in coordination.Are excessively detail-oriented and seek to achieve excellence in everything you do.Are client-oriented and have strong interpersonal skills.Ability to schedule training sessions via Zoom or Google Meet tools.Are a diplomatic speaker.Have a teamwork spirit.Are available every day of the week, including weekends, if necessary.You have significant experience training large teams.",https://www.emploidakar.com/offre-demploi/wave-dakar-senegal-cdi-support-quality-training-lead/
36 Agents Distributeurs,Sama Mbey (myAgro),Sénégal,Prestation de Services,2026-04-16,N/A,"Réf : TDR 005.AD/SAMA MBEY/2026A propos de nous :Sama Mbey SUARLest une entreprise sociale évoluant dans le domaine agricole. Nous intervenons dans de nombreuses régions du Sénégal. Sama Mbey vise à améliorer les conditions de vie des petits producteurs en milieu rural et veut les aider à sortir de la pauvreté. Chez SamaMbey les petits agriculteurs peuvent se financer s’ils ont le bon outil pour payer petit à petit en avance pour les intrants.Notre vision et objectif à travers notre Étoile polaire sont de travailler avec 1 million de petits producteurs à l’horizon 2026.En plus, SamaMbey Suarl s’engage dans le domaine du développement communautaire en menant des actions de sensibilisation en nutrition, santé et hygiène.Localisation :La prestation se déroulera enmilieu rural, dans les zones d’intervention de Sama Mbey, réparties sur trois régions administratives du Sénégal :Matam, Bakel, Hamady Ounare, ThilogneKolda, Dabo, Bourocco,Kounkane, Médina Yoro Foula, Tanaff, VélingaraSédhiou, Ziguinchor Bignona, Bounkiling, Diattacounda, Marsassoum, Médina WandifaNombre de postes :36ConditionsRémunération prévue : 110 000 FCFA brutTransport : 50 000 FCFAType de contrat : Prestation de serviceRôles  et responsabilitésLes agents Distributeur auront pour missions :1. Vente & mobilisationDéveloppement commercialAssister l’équipe de vente dans l’atteinte des objectifs de paquets finisRéviser l’outil « Constitution de paquet 2026 » pour le maîtriserOrganiser les intrants selon l’outil de déchargement/chargementPréparer des lots de paquets en avanceAssister à la formation distributeur organisée par le FC de la zoneExpliquer le contenu de chaque paquet au clientS’assurer que chaque client confirme avoir reçu 100 % des éléments inclus dans son paquet livréOrganiser les intrants restants pour assurer le chargement rapide du camionAppuyer le chargement des intrants restantsProspecter activement de nouveaux clients et fidéliser les producteurs existants2. Livraison & suivi logistiqueGestion opérationnelle des livraisonsÊtre présent sur le site de livraison du début à la clôture.Remplir les bordereaux de livraison.Effectuer le décompte des paquets en début et fin de journée, et reporter les chiffres sur le bordereau.Cette liste n’est pas exhaustive, ces activités peuvent être adaptées aux besoins spécifiques de Sama Mbey, ainsi qu’aux objectifs et ressources disponiblesCompétences requises1. Savoir-faire (Compétences techniques)Expérience en vente et mobilisation communautaire en milieu rural.Maîtrise des outils de reporting (Excel, logiciels de suivi comme Express).Capacité à gérer des opérations logistiques (décomptes, bordereaux).Connaissance du secteur av (un atout).2. Savoir-être (Qualités personnelles)Force de persuasion : Capacité à convaincre les producteurs et motiver les VEs.Rigueur et organisation : Respect strict des procédures de livraison et de reporting.Autonomie et réactivité : Capacité à travailler en zone rurale avec des contraintes logistiques.Esprit d’équipe : Collaboration étroite avec les VEs et le staff Sama Mbey.Autres compétences souhaitées:Flexible : Sama Mbey est une organisation en pleine croissance qui se caractérise par des changements réguliers;Humble : la personne est capable de partager ses connaissances tout en étant à l’écoute des défis des producteurs;Efficace et proactif: la personne sait faire preuve d’autonomie et de créativité afin d’organiser ses activités;Orienté vers l’action : la personne sait analyser les données et interpréter les chiffres afin de proposer et de développer des actions;Ouvert aux retours constructifs.Le candidat idéal doit:Avoir    une    expérience    professionnelle    antérieure    dans    le    domaine    du coaching/développement des compétences;Être originaire de la zone pour laquelle il postule (myAgro recrute à travers plusieurszones);Profil recherchéMinimum niveau Bac avec une expérience probante en agronomie, en développement communautaire ou dans un autre domaine connexe;1an d’expérience prouvée et vérifiée en tant que agent de terrain;Capacité à se focaliser sur l’atteinte des résultats;Excellentes compétences en communication et en travail d’équipe,Maîtrise orale et écrite, en français et wolof, mandingue, poular (selon la zone)La connaissance d’autres langues locales est considérée un atoutMaîtrise de l’outil informatiqueSama Mbeyest un employeur garantissant l’égalité des chances. Nous célébrons la diversité et nous nous engageons à créer un espace inclusif permettant à tous les employés de se sentir valorisés pour leurs compétences, leurs expériences et leur point de vue unique. Sama Mbey offre des opportunités d’emploi égales à tous les employés et candidats sans distinction de race, de couleur, de religion, d’orientation sexuelle, de statut matrimonial/parental, d’origine nationale, d’âge, de handicap, d’opinion politique, de statut social, de statut d’ancien combattant, de génétique ou de toute autre base protégée par la loi applicable.Si vous croyez être la personne que nous recherchons, merci de remplir le formulaire suivant :LienDernier délai : 30 avril 2026 à 17H 30mnN.B. :Seul(e)s les candidat/es présélectionné/es seront contacté(e)s pour les prochaines étapes.Les dossiers de candidatures jugés incomplets ou non conformes au profil recherché ne seront pas examinés.Sama Mbey se réserve le droit de traiter les candidatures progressivement et d’écourter la durée de l’offre dès qu’il aura trouvé le/la candidat(e) idéal (e).Sama Mbey se réserve le droit de demander les copies légalisées des diplômes et attestations ou certificats de travail, le casier judiciaire, la pièce d’identité et le certificat d’aptitude médicale du/de la candidat (e) retenu(e).« Les candidatures féminines sont fortement encouragées ».NB:Merci de postuler uniquement pour votre  zone de résidence car le logement est à la charge du distributeur.",https://www.emploidakar.com/offre-demploi/sama-mbey-myagro-senegal-prestation-de-services-36-agents-distributeurs/
Assistante Direction,Une entreprise de la place,"Centre ville, Dakar",CDD,2026-04-16,N/A,"Dans le cadre du renforcement de notre équipe, nous recrutons une Assistante de Direction.Missions principales :Assurer la coordination entre les différents servicesGérer l’agenda et les priorités de la directionOrganiser les réunions et assurer le suivi des dossiersRédiger des comptes rendus et documents administratifsFaciliter la communication interne et externeProfil recherché :Minimum 5 ans d’expérience à un poste similaireExcellentes capacités organisationnelles et de coordinationTrès bonne maîtrise des outils bureautiquesExcellente maîtrise du français, à l’oral comme à l’écrit (élocution irréprochable)Sens de la discrétion, rigueur et professionnalismeQualités requises :AutonomieRéactivitéBon relationnelPour postuler : merci d’envoyer votre CV àmedipartfatoumata@gmail.com",https://www.emploidakar.com/offre-demploi/une-entreprise-de-la-place-centre-ville-cdd-assistante-direction/
Télévendeurs en conquête mobile/marché français,"SHY Performance SénégalYour Call, Our All!","Mermoz Ancienne Piste, Dakar",CDD,2026-04-16,N/A,"Désormais solidement implanté au Sénégal, Shy-Performance, afin de consolider son effectif et passer à d’autres projets, recrute les profils avec:Une expérience en télévente (appels sortants – au moins 6 mois dans la conquête)Une parfaite maîtrise de la langue française, avec une bonne capacité communicationnelle et d’écoute activeUne bonne maitrise des techniques de vente et de traitement des objections?Un goût du challenge et du dépassement des défisUne bonne capacité à travailler en équipeVous bénéficierez entre autres:D’un CDD d’emblée! Pas de prestation de services à SHY PerformanceD’un salaire TRES attractif et compétitif!D’une perspective d’évolution priorisée en interne!!!D’une prime de performance déplafonnée!!!!Sans compter une couverture maladie pour vous et vos proches à hauteur de 80% même durant votre période de formation!!!!!Alors, vous attendez quoi?Envoyez de suite vosCVà l’adresserecrutement.sn@shy-performance.comavec en objet, la mention « Télévendeurs-Mobile» et rejoignez la structure qui révolutionne la carrière en centre d’appel au Sénégal!Nous vous attendons…",https://www.emploidakar.com/offre-demploi/televendeurs-en-conquete-mobile-marche-francais/
Community Manager / Infographiste,AMD Corporate,"Dakar, Sénégal",CDD,2026-04-16,N/A,AMD Corporate recrute un Community Manager / Infographiste.Veuillez envoyer votre CV àcv@amdcorporate.neten mentionnant le titre du poste en objet de votre mail.,https://www.emploidakar.com/offre-demploi/amd-corporate-dakar-senegal-cdd-community-manager-infographiste/
Stagiaire infographe,Kpay,"Dakar, Sénégal",Stage,2026-04-16,N/A,"Kpay recrute un(e) stagiaire infographe !Tu es créatif(ve), rigoureux(se) et passionné(e) par le design ?Rejoins notre équipe et travaille sur des projets concrets (cartes PVC, supports visuels, branding…).Envoie ton CV + portfolio à :recrutement@quickpay.snPortfolio obligatoire",https://www.emploidakar.com/offre-demploi/kpay-dakar-senegal-stage-stagiaire-infographe/
Commercial – Markerting,AFRIOCEAN SARL,"Diamniadio, Sénégal",CDD,2026-04-16,N/A,"Dans le cadre du développement de ses activités, La société AFRIOCEAN SARL spécialisée dans transformation et l’exportation des produits halieutique, recrute un commercial marketing.Missions :Développer la présence des produits en grande distribution (supermarchés, supérettes)Prospecter et intégrer de nouveaux points de vente dans les réseaux traditionnels (boutiques, marchés, revendeurs)Assurer le suivi des clients et fidéliser le portefeuille existantNégocier les conditions commerciales et référencements produitsVeiller à la bonne visibilité des produits en rayon (merchandising)Suivre les ventes, remonter les informations terrain et proposer des actions d’amélioration.Profil recherché :Homme dynamique, rigoureuse et orientée résultatsExpérience en vente terrain, idéalement en agroalimentaire ou grande distributionTrès bon sens de la négociation et relationnel clientAutonome, organisée avec un esprit d’initiativeBonne connaissance des circuits de distribution à DakarConditions :BTS (bac+2) et/ou Licence (bac+3) en Marketing/Commerce/Gestion d’entreprise ou dans tout autre domaine similaire.2 à 4 ans d’expérience dans le domaineAvoir un permis de conduireVeuillez envoyer votre CV à l’adresseaimee.afriocean@gmail.com",https://www.emploidakar.com/offre-demploi/afriocean-sarl-km-0-5-route-de-sebiponty-diamniadio-dakar-senegal-cdd-commercial-marketing/
Conjoncturiste,BCEAO,"Dakar, Sénégal",CDI,2026-04-16,N/A,"MissionsChargé de la stratégie de la politique monétaire : Assurer la collecte et l’analyse des informations nécessaires à la définition de la politique monétaire par le Comité de Politique Monétaire.Chargé de la mise en œuvre de la politique monétaire : Assurer la collecte et l’analyse des données en vue de la formulation des propositions de mesures de régulation de la liquidité bancaire.Chargé du suivi des programmes économiques des Etats : Assurer le suivi des programmes économiques et financiers des Etats, en particulier le suivi de l’exécution des programmes économiques et financiers appuyés par les Institutions de Bretton Woods.Chargé des centrales d’information : Identifier et analyser les risques bancaires, à travers la gestion des centrales d’informations.Chargé des secteurs monétaire et finances publiques : Assurer la production et l’analyse des statistiques monétaires ainsi que celles des finances publiques et de la dette.Conjoncturiste : Suivre et analyser la conjoncture économique et les prix, en vue de réaliser des notes et études sur la situation et les perspectives économiques.Critères d’éligibilitéEtre ressortissant d’un Etat membre de l’UMOA ;Jouir de ses droits civiques et être de bonne moralité ;Etre âgé de 18 ans au moins et de 40 ans au plus.Profil requisÊtre titulaire d’un diplôme de niveau BAC+5 en Économie, Statistique ou Économétrie ;Avoir au minimum 2 ans d’expérience professionnelle pertinente dans des Structures privées, étatiques ou internationales, à des postes en lien avec le domaine de l’économie ou de la statistique.Pour postuler, les candidats doivent produire un curriculum vitae (CV) indiquant notamment :la date de naissance ;la nationalité ;les périodes exactes des expériences professionnelles (date début et date fin) ainsi qu’un résumé des activités prises en charge ;le type de contrat pour chaque expérience (CDD, CDI, Consultance, Stage, etc.) ;la liste de tous les diplômes y compris le Baccalauréat, en précisant la date d’obtention, l’établissement de formation et la spécialité de chaque diplôme.Après avoir téléchargé son CV, le candidat doit obligatoirement renseigner le questionnaire qui lui est automatiquement soumis.Date de clôture des candidatures : 27 avril 2026",https://www.emploidakar.com/offre-demploi/bcea-dakar-senegal-cdi-conjoncturiste/
Health and Safety Adviser,International Staffing Company,"Saint Louis, Senegal",CDD,2026-04-16,N/A,"Summary :To continuously monitor behaviour/actions against the Risk Assessment and Rules, and to apply “Educate to Improve” Internal Process to :Observe and challenge non-compliant behaviour (an “Incident”) in a positive mannerEducate staff on the required compliant behaviour (the “Rule”)Address non-compliant behaviour against the Risk Assessment and Rules.To report any observed behaviour that may result in harm that is not currently included in the Risk Assessment and Rules to both the Senior Managers and the Health and Safety Manager (an “Incident”) so that the Risk Assessment Rules can be updated and staff trained.To praise staff (a “Safe Observation”) who are observed complying with the Risk Assessment and Rules.Manage the working conditions of staff within both Senegalese law and company policyTo ensure compliance with the company safe working procedure and risk assessmentsTo provide advice to managers providing the technical information/solution has been agreed and confirmed with the Health and Safety Manager.Comply with Senegalese legislation and UK best practise in health and safetyObjectives :Achieve the highest standards of Health & Safety within all operationsTo complete operations in a timely, efficient manner and to program within our health and safety standardDrive Team Work and development,Communicate effectively with the team through safety conversationMaximise efficiency of resources by reducing the risk and minimize risks for accidentUpdate risk assessment and safe working procedures making sure all up to dateOther responsibilities :Lead by example to ensure good co-ordination and co-operation between teams around a strong and focussed health and safety cultureField inspection and checks on all business operations and ensure compliance with health and safety proceduresSupport an understanding and philosophy amongst staff in achievement of high standards of health and safety and working in a safe mannerDevelop good relations with the local community and show due regard for all staff issues",https://www.emploidakar.com/offre-demploi/international-staffing-company-saint-louis-senegal-cdd-health-and-safety-adviser/
Commis de Cuisine,GPF,"Dakar, Sénégal",CDD,2026-04-16,N/A,"Nous recrutons un commis de cuisine pour un groupe de deux restaurants bien établis et constituant des lieux emblématiques à Dakar. Il ou elle sera rattaché(e) au chef cuisinier.Missions :Sous la supervision du Chef de cuisine, vous serez en charge de :Assister à la préparation des plats dans le respect des standards de qualitéPréparer les ingrédients (lavage, découpe, pesée)Participer à la préparation de la pâte à pizzaGarnir les pizzas selon les recettes établiesParticiper à la mise en place (préparations, dressage, organisation du poste)Veiller au respect des recettes et des fiches techniquesContribuer au bon déroulement du service en cuisineAssurer la propreté et l’hygiène du poste de travailRespecter les normes d’hygiène et de sécurité alimentaireParticiper à la réception et au stockage des marchandisesAider au nettoyage avant et après le serviceProfil :Formation en cuisine (CAP / BEP ou équivalent souhaité)Expérience en tant que commis de cuisine exigéeExpérience en préparation de pizzas (pizzaiolo)Bonne connaissance des techniques culinaires de baseMaîtrise des normes d’hygiène et de sécurité alimentaireRapidité et efficacitéRigueur et sens de l’organisationEsprit d’équipeCapacité à travailler sous pressionDynamisme et motivation",https://www.emploidakar.com/offre-demploi/gpf-dakar-senegal-cdd-commis-de-cuisine/
Assistant entrepôt bilingue,Sunda InternationalFaire de grandes réalisations sur la vaste plate-forme mondiale.,"Sindia, Thiès",CDD,2026-04-16,N/A,"TDR – Assistant Entrepôt Bilingue (H/F)Lieu : SINDIAType de contrat : CDD avec une période d’essaiRattachement hiérarchique : Responsable Entrepôt1. Mission principaleL’Assistant Entrepôt Bilingue appuie le Responsable Entrepôt dans la gestion quotidienne des opérations de stockage, de réception et d’expédition des marchandises, tout en assurant la coordination et la communication.2. Responsabilités principalesGestion opérationnelle de l’entrepôtAssister dans la réception, le contrôle et le stockage des marchandises.Participer au suivi des entrées et sorties de stock.Veiller à la bonne organisation de l’entrepôt (rangement, propreté, sécurité).Aider à la préparation et à l’expédition des commandes.Mettre à jour les registres, tableaux de suivi et systèmes de gestion des stocks.Support administratifPréparer les documents liés à l’entrepôt (bons de livraison, bons de sortie, rapports journaliers).Classer et archiver les documents physiques et numériques.Appuyer la remontée des informations au Responsable Entrepôt.Communication et coordination bilingueAssurer la traduction orale et écrite des échanges professionnels (instructions, rapports, consignes).Faciliter la communication entre le personnel local et les responsables étrangers.Participer aux réunions opérationnelles et transmettre fidèlement les informations.3. Profil recherchéFormation : Bac +2 minimum en logistique, transport, gestion, administration ou domaine équivalent.Expérience : Minimum 1 à 2 ans d’expérience dans un poste similaire (entrepôt, logistique, magasin).Compétences techniquesConnaissances de base en gestion des stocks et logistique.Maîtrise des outils bureautiques (Excel, Word).Une expérience avec un logiciel de gestion de stock est un atout.Compétences linguistiquesFrançais : courant.Anglais : bon niveau professionnel (oral et écrit).4. Qualités requisesSens de l’organisation et rigueur.Réactivité et capacité à travailler sous pression.Bon relationnel et esprit d’équipe.Discrétion et sens des responsabilités.Capacité d’adaptation dans un environnement multiculturel.5. Conditions de travailPoste basé à Diamniadio.Horaires selon l’organisation de l’entrepôt.Rémunération : à définir selon profil et expérience.",https://www.emploidakar.com/offre-demploi/sunda-international-sindia-thies-cdd-assistant-entrepot-bilingue/
Spécialiste des documents,Sunda InternationalFaire de grandes réalisations sur la vaste plate-forme mondiale.,"Sindia, Thiès",CDD,2026-04-16,N/A,"ResponsabilitésResponsable de l’enregistrement de tous les bons de transport, détails et autres opérations d’entrepôt dans les systèmes WS, SPMs, etc., et de garantir la soumission correcte dans SAP.Responsable de la demande d’OA pour les frais d’exploitation de l’entrepôt et les documents associés, ainsi que de l’organisation du paiement des salaires approuvés via OA pour tous les employés de l’entrepôt.Responsable de la préparation et de l’envoi des rapports quotidiens, hebdomadaires et mensuels des opérations de l’entrepôt par e-mail ou via WeCom.Responsable de l’organisation et de l’archivage de tous les documents de l’entrepôt.Responsable du contrôle, de la maintenance, de la demande, de l’organisation et du recyclage de toutes les ressources de bureau.Responsable de la gestion 5S de la zone de bureau.Responsable du signalement immédiat de tout problème survenant dans la zone de bureau.Responsable des autres missions confiées par le responsable d’entrepôt ou la direction supérieureCompétencesEsprit clair, forte capacité pratique, bonne compréhension, meilleure communication avec le responsable chinois, bonne exécution.Consciencieux et responsable, actif, travailleur et capable de se conformer aux dispositions de l’organisation.Trois ans d’expérience professionnelle ou plus, un an d’expérience en informatique ou plus, un an d’expérience avec Microsoft Excel ou plus.",https://www.emploidakar.com/offre-demploi/sunda-international-sindia-thies-cdd-specialiste-des-documents/
Coordinateur Pays (H/F),LIFE ONG,"Sacré-cœur 2, Dakar",CDI,2026-04-15,N/A,"ContexteAu sein de l’antenne située à Dakar, au Sénégal Pôle Opérations, le/la Coordinateur·trice PaysAu sein du pôle des Opérations, sous la supervision du/de la Responsable Desk, le/la Coordinateur.trice pays est chargé.e de représenter LIFE et développer ses programmes dans les pays dont il/elle a la responsabilité. Il./Elle a pour mission de coordonner les projets du Desk en collaboration avec les équipes internes et les partenaires dans les pays d’interventionMissions principales1. Développement et mise en œuvre de la stratégie paysAnalyser le contexte socio-économique et géopolitique des pays d’interventionIdentifier les acteurs de développement et les mécanismes de coordination existantsÉlaborer la stratégie pays et les plans d’actions annuelsIdentifier les opportunités de financementMettre en place une veille stratégique (analyse PESTEL)Renforcer les capacités des partenaires locauxReprésenter LIFE lors d’événements nationaux et internationaux2. Gestion du cycle de projetCo-construire les propositions de projets avec les parties prenantesRédiger et diffuser les appels à projets et à partenariatsAnalyser les propositions reçuesAssurer le suivi des projets via les outils internesMettre en place des dispositifs MEAL (suivi, évaluation, redevabilité)Définir et suivre les stratégies de gestion des risquesRéaliser des missions terrain (pré-projet, suivi, évaluation)Rédiger les rapports (suivi, évaluation, audit, campagnes, etc.3. Coordination et communication interneFaciliter la communication entre les équipesOrganiser et diffuser l’information via les outils internesPlanifier et coordonner les missions terrainProfilrecherchéTitulaire d’une formation supérieure en gestion de projet, sciences politiques, sciences sociales, relations internationales ou dans un domaine équivalent, vous justifiez d’une expérience d’au moins 2 ans en gestion de projet.Une expérience à l’international constitue un atout, tout comme une connaissance du secteur humanitaire et des dispositifs MEAL.Vous disposez des compétences suivantes :Maîtrise du cycle de gestion de projetBonne maîtrise des outils informatiques et logiciels de suivi de projetExcellentes capacités d’analyse et de synthèseSolides compétences rédactionnellesMaîtrise professionnelle de l’anglais indispensableLa maîtrise de l’arabe est fortement appréciéeLa maîtrise de l’espagnol constitue un plusVous vous distinguez également par :Votre autonomie, votre rigueur et votre réactivitéVotre capacité à travailler aussi bien en équipe qu’en autonomieVotre aisance dans un environnement de travail à distanceVotre sensibilité pour le secteur associatif et les enjeux de solidarité internationaleInformations contractuellesModalitésType de contrat : CDIDate de démarrage : Dès que possibleLocalisation : poste basé à Dakar, au Sénégal avec déplacements terrain réguliersZone d’intervention : À définir selon les pays suivis",https://www.emploidakar.com/offre-demploi/life-ong-dakar-sacre-coeur-2-cdi-coordinateur-pays-h-f/
Commerciaux Physiques,Santé plus Sénégal,"Castors, Dakar",Prestation de Services,2026-04-15,N/A,"Dans le cadre de notre expansion, Santé Plus Sénégal plateforme de protection sociale recrute des commerciaux terrains dynamiquesMissionsProspecter activement sur le terrainPrésenter et vendre les cartes WerouwaySensibiliser les populations à l’importance de la protection socialeAcquérir de nouveaux clientsAtteindre et dépasser les objectifs de vente journaliers /mensuelsProfil recherchéBac / Bac + 2 en marketing, force supplétive de venteExpérience commerciale souhaitée (terrain, vente directe, assurance…)Excellente capacité de communication et de persuasionDynamique, autonome et orienté résultatsBonne présentation/posture et sens du relationnelPersévérance et discipline sur le terrain.Rémunérations et avantagesCommissions rémunérées sous 48h (non plafonnées)Salaire de Base au prorataPrimes de performancePossibilité d’évolution (superviseur, manager régional)Formation complète assuréeOutils et accompagnement terrain fournisEnvoyez votre candidature (Nom + Prénom +CV:recrutementsanteplussenegal@gmail.comou par WhatsApp 77 547 98 90",https://www.emploidakar.com/offre-demploi/sante-plus-senegal-dakar-castors-prestation-de-services-recrutement-de-commerciaux-physiques/
Manager,Omnilink,"Yoff, Darkar",CDD,2026-04-15,N/A,"MissionsRecrutement et intégration : Mener les processus de recrutement (définition des profils, publication des offres, entretiens, sélection des candidats), coordonner l’intégration des nouveaux collaborateurs pour garantir une prise en charge efficace et un bon accueil.Gestion du personnel : Gérer les contrats de travail (embauche, renouvellement, rupture, congés), assurer la tenue des dossiers RH conformes à la législation, gérer les salaires et les primes (en collaboration avec la comptabilité).Développement des compétences : Identifier les besoins de formation des collaborateurs et des équipes, concevoir et mettre en œuvre des plans de formation, suivre l’évolution des compétences et évaluer l’efficacité des formations.Relation professionnelle : Encadrer et animer les relations sociales au sein de l’entreprise, gérer les conflits et les litiges, assurer la communication entre la direction et les collaborateurs, promouvoir un climat de travail positif.Culture d’entreprise : Proposer et mettre en place des initiatives pour renforcer la culture d’entreprise (événements d’équipe, reconnaissance des performances, politique d’inclusion), suivre l’engagement des collaborateurs et proposer des améliorations.Conformité légale : Veiller au respect de la législation du travail (code du travail, conventions collectives, normes sociales), mettre à jour les politiques RH en fonction des évolutions juridiques, assurer les déclarations obligatoires (URSSAF, etc.).Reporting RH : Établir des rapports réguliers sur les indicateurs RH (taux de rotation, taux de recrutement, satisfaction des collaborateurs), analyser les données et proposer des actions correctives ou d’amélioration.Veuillez envoyer votreCVà l’adresseevanxi322@gmail.com",https://www.emploidakar.com/offre-demploi/omnilink-yoff-darkar-cdd-manager/
Chargée de communication,Mas des Cocotiers,"Toubab Dialaw, Sénégal",Prestation de Services,2026-04-15,N/A,"Recherche un  agent  de  développement  ou étudiante en gestion, tourisme, marketing , communication pour le mas des cocotiers, résidence d hôtes de prestige située à Toubab Dialaw.Mission : En étroite collaboration avec le responsable de l établissement, elle /il coordonnerait les activités de communication, des réservations, de prospection pour location de l espace ( mariage, anniversaire, baptêmes. evenemments professionnels) ainsi qu un suivi administratif et budgétaire.Taches :Communication sur réseaux sociaux.Gestion de l’ agenda des réservations et synchronisations des différentes plateformes ( booking, air and b, homexchange,…)Prospecter de nouvelles collaborations.Centraliser le matériel de communication : photos, vidéo, textes,Création et gestion du site internet.Description Profil :Connaissance du secteur tourisme sénégalais.Connaissance des réseaux sociaux.Connaissance des différentes plateformes de réservation hôtelière.Techniques de communication adaptés au public cible.Maîtrise des outils bureautiques ( word, traitement image)Aptitudes personnellesDynamique, proactif, autonome, tres bonne aptitude relationnelle. d’ organisation, de coopération, de creativite.ConditionsTemps : de 4h a 8H par semaines ;Renumération : Commission sur réservations abouties ET offre de nuitée au mas des cocotiersComment postuler : Envoi du cv et lettre de motivationdocteur.andre13@gmail.com:ou Whats App , sans fichier joint : 0033 6 13 42 97 84",https://www.emploidakar.com/offre-demploi/mas-des-cocotiers-toubab-dialaw-prestation-de-services-chargee-de-communication-2/
Vendeur/se en boutique de luxe,SODILUXE,"Dakar, Sénégal",CDD,2026-04-15,N/A,"Notre établissement réunit une parfumerie de niche et un store multimarque de luxe. Nous sélectionnons avec exigence des maisons confidentielles et des créateurs reconnus pour une clientèle avertie, en quête d’authenticité, de rareté et d’expérience sensorielle unique.La Conseillère de Vente est l’incarnation vivante de notre univers : elle est ambassadrice de marques, guide olfactive, experte produit et gardienne de la relation client. Son rôle va bien au-delà de la transaction — elle crée du désir, fidélise et génère de la valeur.Missions2.1 Excellence commerciale & performance venteAtteindre et dépasser les objectifs de chiffre d’affaires individuels et collectifs fixés mensuellementPratiquer la vente conseil personnalisée en identifiant les besoins, préférences et profil de chaque clientMaîtriser et mettre en oeuvre les techniques de cross-selling, up-selling et vente additionnelleSuivre ses indicateurs de performance quotidiennement (panier moyen, taux de transformation, nb. articles/ticket)Contribuer activement aux challenges et animations commerciales de la boutique2.2 Expertise produit & conseil olfactifDévelopper une connaissance approfondie de chaque maison de parfumerie référencée (histoire, ADN, notes, accords)Guider le client dans une expérience olfactive structurée : diagnostic, exploration, sélectionMaîtriser le vocabulaire de la parfumerie (familles olfactives, pyramides, matières premières d’exception)Conseiller avec expertise les produits des marques multimarques (prêt-à-porter, accessoires, cosmétiques) en mode lifestyleSe tenir informée des nouveautés, lancements et tendances du marché du luxe et de la niche2.3 Expérience client &amp; fidélisationOffrir à chaque visiteur une expérience immersive et mémorable, conforme aux codes du service de luxeAccueillir chaleureusement et personnaliser l’interaction dès le premier contactIdentifier et enregistrer les clients dans le CRM, enrichir les fiches avec préférences et historiques d’achatRelancer les clients de manière proactive : anniversaires, nouvelles arrivées, événements privésGérer avec soin les réclamations et situations délicates en préservant la relation2.4 Animation & vie du point de venteAssurer le merchandising et la mise en valeur des produits en respectant les guidelines visuelles des marquesParticiper à la réception, au contrôle et à la mise en rayon des marchandisesFiche de Poste Confidentielle | Conseillère de Vente LuxeContribuer aux inventaires et au suivi des niveaux de stockParticiper à l’organisation des événements boutique : lancements, soirées privées, ateliers olfactifsMaintenir un espace de vente irréprochable (propreté, rangement, atmosphère)2.5 Travail en équipe & développement personnelPartager les bonnes pratiques, retours clients et insights marché avec l’équipeParticiper activement aux formations internes et aux briefs des maisons partenairesContribuer à l’onboarding et au partage de connaissances avec les nouvelles recruesÊtre force de proposition sur les améliorations du service client et des processus boutique3. Indicateurs de performanceLa performance est évaluée mensuellement sur la base des indicateurs suivants :Chiffre d’affaires individuel 100% du quota mensuel Rapport POS quotidienPanier moyen > [montant cible €] Rapport hebdomadaireTaux de transformation > 40% des entrées boutique Comptage entrées / ticketsNombre d’articles / ticket > 2,5 articles en moyenne Analyse ticket moyenTaux de fidélisation > 60% clients en CRM Taux d’enregistrement CRMNet Promoter Score (NPS) > 8/10 en satisfaction client Enquêtes &amp; avis clientsConnaissance produit > 90% aux évaluations internes Tests trimestrielsParticipation formations 100% des formations suivies Suivi RHProfil recherchéFormation Bac+2 minimum : BTS MUC, NRC, Management Commercial ou équivalentExpérience de 2 ans minimum en vente dans l’univers du luxe, de la parfumerie ou du retail haut de gammeUne expérience en parfumerie de niche ou en maison de luxe est un atout majeurLa connaissance des grandes maisons de parfumerie (Diptyque, Byredo, Le Labo, Serge Lutens, MFK, etc.) est appréciéeCompétences Techniques (Hard Skills)Techniques de vente premium et closing en environnement luxeMaîtrise des familles olfactives et du vocabulaire de la parfumerieUtilisation d’outils CRM et logiciels de caisse (connaissance d’un outil POS = atout)Langues : Français courant indispensable — Anglais professionnel exigé — 3ème langue appréciéeCompétences en merchandising visuel et mise en scène produitQualités Personnelles (Soft Skills)Présentation irréprochable et sens aigu des codes du luxePassion sincère pour la parfumerie, la mode et l’univers des maisons d’exceptionSens de l’écoute active et intelligence émotionnelle élevéeProactivité commerciale : aime conclure, fidéliser et dépasser ses objectifsDiscrétion, fiabilité et capacité à gérer une clientèle exigeante et internationaleEsprit d’équipe et goût pour le partage des connaissances.Curiosité, soif d’apprendre et d’évoluer dans un environnement exigeant5. Évaluation & suivi de la performanceEntretien de prise de poste à 1 mois : fixation des objectifs individualisés, plan de formation et intégrationPoint mensuel avec le/la responsable de boutique : revue des KPIs, plan d’actions correctives si nécessaireEntretien annuel de performance : bilan global, évolution salariale, perspectives de progression et formationAccès à un tableau de bord individuel permettant un suivi en temps réel de ses indicateursVeuillez envoyer votre CV à l’adressecandidatureg2invest@gmail.com",https://www.emploidakar.com/offre-demploi/sodiluxe-dakar-cdd-vendeur-se-en-boutique-de-luxe-2/
Superviseur des Visas et Administration,Sunda InternationalFaire de grandes réalisations sur la vaste plate-forme mondiale.,"Dakar, Sénégal",CDD,2026-04-15,N/A,"Poste : Superviseur des Visas et AdministrationLieu : Dakar, SénégalType de contrat : CDD avec une période d’essai  de trois mois1. Mission principaleLe Responsable des Visas et Administration est chargé de gérer les procédures liées aux invitations et aux visas, tout en assurant certaines tâches administratives nécessaires au bon fonctionnement du bureau.2. Responsabilités principalesGestion des visas et des invitationsPréparer et gérer les lettres d’invitation officielles pour les partenaires, visiteurs ou collaborateurs étrangers.Assurer le suivi des procédures de visa auprès des autorités compétentes.Vérifier la conformité des documents nécessaires aux demandes de visa.Assurer la coordination avec les partenaires, ambassades et administrations concernées.Suivre l’évolution des dossiers jusqu’à l’obtention des visas.Administration et gestion du bureauAssurer la gestion des tâches administratives quotidiennes du bureau.Organiser et archiver les documents administratifs.Assister la direction dans certaines tâches administratives.Participer à la coordination logistique liée à l’accueil des visiteurs.3. Profil recherchéNiveau minimum : Bac +2 / Bac +3 en administration, gestion, relations internationales ou domaine similaire.Expérience professionnelle souhaitée dans un poste administratif ou dans la gestion de dossiers de visa.Bonne connaissance des procédures administratives et documentaires.Bonne capacité d’organisation et de gestion des priorités.Maîtrise des outils informatiques (Word, Excel, email).La connaissance de l’anglais ou du chinois serait un atout.4. Compétences requisesRigueur et sens de l’organisationDiscrétion et professionnalismeBonne communicationCapacité à gérer plusieurs dossiers simultanément5. ConditionsPoste basé à DakarContrat : CDD avec une période d’essai de trois moisPrise de fonction : immédiate ou selon disponibilité",https://www.emploidakar.com/offre-demploi/sunda-international-dakar-cdd-superviseur-des-visas-et-administration/
Directeur Général,"Phoenix Consulting Group SNWith PCG AFRICA, you 'll never work alone","Dakar, Sénégal",CDD,2026-04-15,N/A,"Missions principalesLe titulaire du poste est chargé de :Stratégie : Definir et piloter la strategie globale de l’organisationFinance &amp; Conformite : Garantir la solidite financière et le respect des réglementations (Code CIMA, OHADA).Performance: Assurer le developpement durable et la performance operationnelle des activites.Représentation : Incarner l’organisation aupres des instances nationales et internationales.Profil recherchéLes candidats doivent répondre à l’un des critères suivants :Option Assurance/Actuariat : Bac+4 minimum en assurance ou actuariat + 5 ans d’experience en encadrement superieur dans le secteur des assurances.Option Économique/Juridique : Bac+4 minimum + 5 ans d’experience en fonctions de direction dans une entreprise à caractère financier.Option Autre Diplôme : Bac+3 minimum + 10 ans d’expérience en direction (secteur financier ou administration de contrôle).Option Spécifique Agricole : Ingénieur agronome ou agroéconomiste + 10 ans d’expérience dans l’assurance agricole.Veuillez envoyer votre CV à l’adresserecrutementpcgsn@phoenixcga.com",https://www.emploidakar.com/offre-demploi/phoenix-consulting-group-sn-dakar-senegal-cdd-directeur-general-dg/
Commerciale Grande Distribution & Réseaux Traditionnels,"La Cuisine de Mame SokhnaGaaw, Nekh té Noppalé","Point E, Dakar",CDD,2026-04-15,N/A,"Dans le cadre du développement de ses activités, La Cuisine de Mame Sokhna, spécialisée dans les produits locaux prêt-à-l’emploi, recrute une Commerciale Grande Distribution & Réseaux Traditionnels.Missions :Développer la présence des produits en grande distribution (supermarchés, supérettes)Prospecter et intégrer de nouveaux points de vente dans les réseaux traditionnels (boutiques, marchés, revendeurs)Assurer le suivi des clients et fidéliser le portefeuille existantNégocier les conditions commerciales et référencements produitsVeiller à la bonne visibilité des produits en rayon (merchandising)Suivre les ventes, remonter les informations terrain et proposer des actions d’améliorationProfil recherché :Femme dynamique, rigoureuse et orientée résultatsExpérience en vente terrain, idéalement en agroalimentaire ou grande distributionTrès bon sens de la négociation et relationnel clientAutonome, organisée avec un esprit d’initiativeBonne connaissance des circuits de distribution à DakarConditions :Poste basé à DakarRémunération attractive (fixe + commissions sur objectifs)Possibilités d’évolutionCandidature :Envoyez votre CV par email :cmprotein@mail.comRejoignez une marque locale en pleine croissance et participez à la valorisation des produits du terroir !",https://www.emploidakar.com/offre-demploi/la-cuisine-de-mame-sokhna-point-e-dakar-cdd-commerciale-grande-distribution-reseaux-traditionnels/
Responsable maintenance freelance,Verti Africa,"Cambérène, Dakar",Prestation de Services,2026-04-15,N/A,"Responsable Maintenance Freelance – Fermes urbaines (Dakar)Localisation : Dakar – interventions sur 2 sites (Fayçal et autre Fabrik)Type de contrat : Freelance / prestation de servicesÀ propos d’EdenlyEdenly développe un réseau de fermes urbaines en Afrique produisant des légumes frais, locaux et prêts à consommer grâce à des technologies hydroponiques innovantes.Nos fermes (“Fabrik”) sont des environnements techniques intégrant :systèmes de climatisationirrigation automatiséeéclairage LED horticoletraitement de l’eau (osmose inverse)capteurs et outils de monitoringMission principaleGarantir le bon fonctionnement technique des fermes et assurer la continuité de production.Objectif clé : zéro arrêt de production lié à un problème techniqueMissions1. Maintenance préventiveRéaliser des visites régulières (1 journée par semaine)Vérifier les équipements :climatisation / froidsystèmes d’irrigation et pompeséclairage LEDqualité de l’eau (RO, circuits)Mettre en place et suivre un plan de maintenance2. Maintenance curativeDiagnostiquer rapidement les pannesIntervenir en cas d’urgenceAssurer la remise en fonctionnement dans les meilleurs délais3. Suivi techniqueIdentifier les équipements critiquesAnticiper les besoins en pièces de rechangeProposer des améliorations techniques simples4. Support aux équipesFormer les opérateurs aux gestes de baseDonner des consignes simples pour éviter les pannes5. ReportingCompte rendu simple après chaque passageSuivi des interventions et incidents (WhatsApp ou fichier partagé)Profil recherchéCompétences techniquesMaintenance industrielle / électromécanique / froidBon niveau en :électricité (basse tension)systèmes hydrauliques (pompes, circuits d’eau)climatisation / froidExpérienceMinimum 3 ans en maintenance techniqueExpérience terrain indispensableQualités personnellesAutonomie et débrouillardiseDisponibilité en cas d’urgence (astreinte légère)Sens pratique (capacité à résoudre rapidement les problèmes)FiabilitéDiversHabite à proximité des fermesReste sur Dakar en permanenceVeuillez envoyer votre CV à l’adresserh@edenlyfood.com",https://www.emploidakar.com/offre-demploi/verti-africa-camberene-prestation-de-services-responsable-maintenance-freelance-2/
Specialiste Santé,World Vision,"Tambacounda, Sénégal",CDD,2026-04-15,N/A,"ResponsabilitésDéfendre et promouvoir les pratiques organisationnelles de protection et participation de l’enfant, rapporter les cas d’abus faits par des membres du personnel ou d’autres personnes, assurer une prise en charge adéquate des enfants, surtout des enfants vulnérables, par les différents acteurs locales (parents, autorités, institutions) etc.Travailler étroitement avec le Programs Manager, le Zonal health & Nutrition coordinateur et autres) dans la définition des stratégies adaptées au contexte des populations cibles afin de maximiser l’efficience, l’impact et l’intégration.Appuyer les institutions locales partenaires, les collectivités locales et les techniciens de santé exerçant dans sa zone de responsabilité dans la planification des activités en rapport avec les interventions définies dans le cadre des projets de santé, la collecte, l’analyse et l’interprétation des données sanitaires.Collecter les données de santé afin qu’elles soient intégrées dans le système de gestion des donnés de WV. Trianguler les données du suivi administratif des enfants dans le programme avec ces informations de la santé/nutrition ; partager, analyser et exploiter ces données pour informer les programmes pour accroitre l’impact.En collaboration avec les partenaires communautaires et le Community Engagement Sponsorship, Programme (CESP) specialist, assurer le suivi administratif des enfants dans le programme (des standards du business process du parrainage) dans les délais avec la qualité requisePromouvoir l’utilisation de l’approche ‘CVA’ pour l’analyse des défis, l’établissement d’un plan d’action et le suivi de la mise en œuvre de ce plan. Impliquer toutes les parties prenantes (stakeholders) dans ce processus, y inclus les enfants.Assurer le soutien, l’accompagnement, le renforcement des capacités organisationnelles, des acteurs sanitaires communautaires (ARC, comité de gestion, cadre de concertation dans la gestion (le monitoring, la gestion administrative et financière) du système de santé communautaire local dans le cadre de la mise en œuvre des projets de santéAppuyer les programs managers dans la planification, le suivi, le rapportage, et la capitalisation des interventions définies dans le cadre des projets de santé des ADPsTravailler en étroite collaboration avec les responsables de la santé à travers la participation aux réunions de suivi de la mise en œuvre (réunion de coordination du district, rencontre AEC/BER, CRS du PRN) des activités de santé, etc.Identifier des problématiques nécessitant l’élaboration de nouveaux projets de santé/nutrition en collaboration avec le Programs Manager pour l’acquisition de fondsAccompagner les OBF et églises dans les activités relatives à la formation spirituelle des enfants, renforcer les activités de réseautage entre les leaders religieux pour le bien-être de l’enfant et renseigner les rapports mensuels des programmes sur les activités de partenariat avec les églises & OBF.Qualifications et expérienceBac+2 en santé publique /communautaire ou diplôme équivalent (infirmier d’Etat/sage-femme d’Etat) avec de solides compétences en nutritionExpérience de 2 ans dans un programme de santé ou projet de nutritionExpérience d’élaboration de matériels de formationBonnes compétences en matière de communication (écrite et orale), capacités relationnellesBonne maîtrise de la langue locale et niveau fonctionnel en anglaisTrès bonne capacité d’adaptation en milieu rural et compétences en facilitation communautaire.Date limite : 28 Avril 2026",https://www.emploidakar.com/offre-demploi/world-vision-tambacounda-senegal-cdd-specialiste-sante/
Chef de Projet,Wave Mobile Money,"Dakar, Sénégal",CDD,2026-04-15,N/A,"We’re making Africa the first cashless continent.In 2017, over half the population in Sub-Saharan Africa had no bank account. That’s for good reason—the fees are too high, the closest branch can be miles away, and nobody takes cards. Without access to financial institutions, people are forced to keep their savings under the mattress. Small business owners rely on lenders who charge extortionate rates. Parents spend hours waiting in line to pay school fees in cash.We’re solving this by building financial services that just work: no account fees, instantly available, and accepted everywhere. In places where electricity, water and roads don’t always work, you can still send money with Wave. In 2017, we launched a mobile app in Senegal for cash deposit, withdrawal, and peer-to-peer and business payments. Now, we have millions of users across 9 countries and are growing fast.Our goal is to make Africa the first cashless continent and that’s where you come in…How you’ll help us achieve itTo achieve our mission, Wave partners with a range of organizations to enable seamless payments for essential services. As a Payments Projects Lead, you’ll play a central role in driving large, complex, cross-functional initiatives at the intersection of Product and Payments. This includes owning end-to-end delivery of strategic projects, such as B2B initiatives, while collaborating closely with internal teams and working extensively with both field and corporate partners.In this role, you’ll;Own the end-to-end management of complex, cross-functional ops project to scale payments for new products and partners .Take complete ownership of critical ops projects, making sure we communicate and address every blocker we encounter.Drive these projects fast, through close collaboration and great communication with our product teams and our corporate and informal merchant facing ops teams.Take great notes and keep project docs live and up to date at all times, so we can work asynchronously and across borders without delay.Talk to users, corporate partners and informal merchants in the field, asking probing questions to get insights and clarify blockers.Be a problem solver, think out of the box and be proactive.Key detailsLocation: You’ll work from our office in Dakar and may travel to field locations.Work authorization in Senegal.This is a permanent position.Our salaries are competitive and calculated using a transparent formula.We offer generous health insurance for yourself and your dependents.We support working parents – we offer 26 weeks of parental leave for mothers and 4 weeks for fathers, in addition to subsidized child care when they return to work.Airtime reimbursement.Free food and a beautiful office space.Requirements5+ years of experience in retail sectors and/or FMCG, ideally with a background in project management or consulting.Bachelor’s or Master’s degree in Project Management, Business Administration, or a related field, with strong knowledge of fintech, mobile money, banking, or payments.Proven experience managing large, complex and cross-functional projects.Strong communication skills in English and French, with experience collaborating across internal teams and external partners.Highly organized and detail-oriented, able to track multiple projects in a fast-changing environment.Proactive problem solver, able to identify risks, raise blockers, and drive projects to completion.Analytics skills.You might be a good fit if youEnjoy collaborating and communicating with multiple stakeholders.Have strong interpersonal skills as you will interact with a variety of stakeholders, both internal and external.Love owning projects end-to-end, you work autonomously but know when to escalate issues to internal teams or external partners.Are skilled at managing multiple projects simultaneously and keeping track of shifting priorities,Adapt quickly to changing conditions and priorities.Are resourceful and curious, finding ways to make things work.Ask questions proactively, request clarifications, and follow up regularly to ensure progress.Are data-driven and a critical thinker with basic technical aptitude.",https://www.emploidakar.com/offre-demploi/wave-mobile-money-dakar-senegal-cdd-project-lead/
Brand Communications Manager,Wave Mobile Money,"Dakar, Sénégal",CDD,2026-04-15,N/A,"We’re making Africa the first cashless continent.In 2017, over half the population in Sub-Saharan Africa had no bank account. That’s for good reason—the fees are too high, the closest branch can be miles away, and nobody takes cards. Without access to financial institutions, people are forced to keep their savings under the mattress. Small business owners rely on lenders who charge extortionate rates. Parents spend hours waiting in line to pay school fees in cash.We’re solving this by building financial services that just work: no account fees, instantly available, and accepted everywhere. In places where electricity, water and roads don’t always work, you can still send money with Wave. In 2017, we launched a mobile app in Senegal for cash deposit, withdrawal, and peer-to-peer and business payments. Now, we have millions of users across 9 countries and are growing fast.Our goal is to make Africa the first cashless continent and that’s where you come in…How you’ll help us achieve itDo you want to participate in shaping a brand that’s transforming access to financial services? We’re seeking a strategic Brand Communications Manager to help bring Wave’s mission to life by crafting meaningful brand experiences that resonate with our users. Through compelling storytelling, strong partnerships, and exceptional execution, you’ll ensure our brand reflects our values, builds trust, and advances our goal of making financial services accessible to everyone as we continue to grow in Senegal.In this role, you’ll;Drive the end-to-end execution of high-impact brand and community initiatives, ensuring they are strategically grounded, insight-led, and fully aligned with Wave’s mission and values.Participate in shaping and evolving Wave’s brand identity, messaging frameworks, and tone of voice, and ensure your department empowers teams to communicate with clarity and consistency across all markets and channels.Lead creative development process for campaigns and brand programs, partnering with agencies and internal creative teams to deliver compelling content and world-class assets that meet strategic objectives.Partner closely with PR, People, and other stakeholder teams to craft internal and external narratives—including events, content, and storytelling—that authentically reflect Wave’s values and deepen trust with our audiences.Key detailsLocation: You will work from Dakar and may be relocated to other cities based on business needs.Work authorization in Senegal is required.This is a permanent position.Our salaries are competitive and calculated using a transparent formula.We offer generous health insurance for yourself and your dependents.We support working parents – we offer 26 weeks of parental leave for mothers and 4 weeks for fathers, in addition to subsidized child care when they return to work.Airtime reimbursement.Free food and a beautiful office space.Requirements7+ years of experience in brand marketing, communications, or a similar role, preferably in FinTech, telecommunications, or an international organisation.Bachelor’s degree in marketing, business, communications, or a related field.Demonstrated experience leading cross-functional projects and proficiency in project management.Strong understanding of storytelling and brand strategy trends, content production, and social media.Languages: Fluent in French and English (written and spoken).Preferred Experience:Familiarity with the Senegal market.Experience working in multicultural and dynamic environments.",https://www.emploidakar.com/offre-demploi/wave-mobile-money-dakar-senegal-cdd-brand-communications-manager/
Spécialiste en Finance et Comptabilité,IFAD,"Dakar, Sénégal",CDD,2026-04-15,N/A,"Key Functions and ResultsThe Finance and Accounting Specialist supports the fiduciary administration of all programmes and works under the supervision of the Programme Manager (SD3C & 1Sahel Coordinator), with close collaboration with the Senior Regional Financial Management Officer for WCA.The Finance and Accounting Specialist supports the fiduciary administration of both programmes and works under the general supervision of the One Sahel -SD3C programme manager with close engagement Senior Programme Coordinators of AICRM and IGREENFIN I and the FMD Senior Officer for WCA.In this context, the Finance and Accounting Specialist’s core duties/responsibilities will include the following:1. Contribution to management of programmes:The Finance and Accounting Specialist organizes, animates, carries out the controls necessary for a standardized management in a permanent and exhaustive, objective and relevant, reliable and useful way.As such, the Finance and Accounting Specialist will have to ensure in particular:the regular and adequate application of procedures in the implementation of all operations.the organization of the planning of administrative, financial and accounting work to guarantee the correct and exhaustive keeping of the accounts of the Programmes, in compliance with the deadlines set.technical support to the management units in the countries participating in the programmes for the correct and exhaustive keeping of the accounts of the Programme at their level and their contribution to the regional planning of administrative, financial and accounting work.the consistency of the cash flow and the effectiveness of the mobilization of internal resources (counterpart of the States participating in the programme) and external (IFAD and others). As such, he/she draws up cash plans to ensure the resources necessary for the implementation of activities at all times. Finally, he/she ensures that resources are put in place in accordance with funding agreements; (e) Safeguarding the Programme’s heritage.2. Financial ManagementThe Finance and Accounting Specialist is accountable for the correct implementation of the financial management information systems, the security of the tools that make it up (software and hardware) and the backup of applications and files.the organization of work plans allowing the proper performance of administrative, financial and accounting work.participation in determining guidelines for the development of activity forecasts and budgets.the implementation of all necessary elements and take all sufficient measures for the preparation, elaboration, submission, examination by the Steering Committees of Programmes of activities and budgets.budget monitoring.monitoring and updating the chart of accounts.supervision of the preparation and control of accounting reports.proper execution of treasury and financing procedures. In particular, ensure compliance with the obligations to justify expenses imposed by Donors and Governments in order to have the resources necessary for the operation of the Programme.follow-up of VAT and customs duty exemption documents.the technical quality of accounting work: accounting entries, automatic controls, accuracy of balances, reliability and consistency of financial statements.the validity of the supporting documents underlying the transactions (form and funds), and carry out any timely, regular or unannounced checks to establish the reality of the payments and their consistency.3. Administrative managementThe Finance and Accounting Specialist is managing the procurement process for regional activities; In addition, S/he is responsible forexecution of the staff training plans.the preparation of missions and the necessary assistance during their stay.the establishment of action plans to follow up on the recommendations and the monitoring of their execution.preparation of periodic and annual Programme reports.the preparation of audits and evaluation of the Programmes and the execution of the recommendations.the response to the findings of the auditors on administrative and financial issues,Archiving of accounting and administrative documents and documents.consolidation of the Programmes- financial and budget monitoring statements, interim and annual, in collaboration with the national coordination units.carrying out any other task assigned by the Regional Coordination Unit.4. Agent of changeThe incumbent understands and applies the principles of change management and proactively serves as a role model for transformation and capacity for acceptance of change.The incumbent uses a seasoned knowledge of results-based management and budgeting, enterprise resource planning (ERP) and other information technology to develop, analyze and promote acceptance of new methods of work and automated workflows.The incumbent manages change through consultations with finance colleagues and outreach to internal and external stakeholders to build understanding of and to ensure open and regular communications pertaining to current and planned changes in the Fund’s financial standards, regulations and rules.5. Managerial functionsThe Finance and Accounting Specialist is accountable for integrity, transparency, and equity in the management of IFAD resourcesWorking RelationshipsThe Regional Coordination Unit (RCU) will be in charge of the overall coordination performance and monitoring of the programmes, reporting of results and impacts, knowledge management with the GGW, and south-south exchanges between countries.The selected candidate will be engaged in a 6-year programme based in Dakar, operating within the Regional Coordination Unit. The successful candidate will report to the Programme Manager of the IFAD one Sahel initiative and will work in close coordination with the AICRM and IGREENFIN-1 coordinators.Job Profile RequirementsEducation:Education includes Advanced university degree from an accredited institution listed on https://whed.net/home.php in Business Administration, Finance, Banking or related field is requiredNote: For internal candidates, this requirement will be assessed in line with the provisions set forth in IFAD’s Human Resources Implementing Procedures.Experience:At least five (5) years’ of progressively relevant sound international professional experience in private or public sector financial management in rural development programme (accounting, auditing, finance, economics, financial analysis, business administration and in project administration).-Perfect mastery of procedures in terms of fiduciary management, and specifically in terms of internal control and audit, procurement, request for withdrawal of funds and budget monitoring, etc.In-depth knowledge of the SISCOHADA accounting framework.Proven experience in consolidating financial statements from multiple implementation units.A good knowledge of the management of contractual procedures and the legislation in force in the 6 countries participating in the programme.Working knowledge of procedures for mobilizing counterpart funds.A perfect command of computer programmes for financial and accounting management, in particular mastery of the TOMPRO software would be a decisive asset.Knowledge of the usual computer tools and software: Word/Excel/PowerPoint.Knowledge of IFAD procedures will be an asset.Experience with an international financial institution, audit firm, NGO with global outreach or other relevant institution would be an asset.Languages and other skillsEnglish and French are required. (Excellent, 4)Deadline: 12 May 2026",https://www.emploidakar.com/offre-demploi/ifad-dakar-senegal-cdd-call-for-interest-finance-and-accounting-specialist/
Enfileur,Dangote Cement Senegal,"Dakar, Sénégal",CDD,2026-04-15,N/A,Description du PosteExploiter efficacement le roto-packer pour garantir le respect des objectifs de chargement prédéfinis.Activités et Responsabilités clésAssurez-vous que le poids du sac de ciment est dans la limite d’erreur requise et remplissez-le au poids désiré si nécessaire.Veiller à ce qu’un nombre suffisant de sacs soit disponible pour le conditionnement du ciment à chaque moment et demander des sacs supplémentaires au personnel concerné si nécessaire.Surveiller la machine de conditionnement rotatif pendant les quarts de travail.Nettoyez le roto packer à l’air comprimé pendant et à la fin de chaque quart.Assurer sa sécurité en faisant fonctionner le roto packer conformément aux procédures d’exploitation standard.Effectuer toutes les tâches demandées par le supérieur hiérarchiqueQualifications et Expérience ProfessionnelleDiplôme dans tous les domaines.Un minimum de deux (2) ans d’expérience professionnelle pertinenteAptitudes et compétencesConnaissances de base sur le processus de fabrication du cimentBonne connaissance des machines d’emballage du ciment / des fonctions et des procéduresConnaissance approfondie des pièces de roto-packer et de leurs fonctionsBonnes compétences en matière de gestion des relationsCompétences HSE liées au posteSavoir utiliser les moyens de lutte contre l’incendie ;Connaître les pictogrammes de danger ;Savoir dispenser les gestes de premiers secours ;Connaître les risques SST liés à ses activités ainsi que les dispositions de maîtrise ;Connaître les aspects et impacts environnementaux liés à ses activités ainsi que les dispositions de maîtrise ;Connaître les bons gestes et postures liés à la manutention de charges ;Connaître les dispositions relatives à la gestion des déchets,https://www.emploidakar.com/offre-demploi/dangote-cement-senegal-dakar-senegal-cdd-cdi-enfileur/
Responsable du Pôle Énergie,Comité d'Organisation des Jeux Olympiques de la Jeunesse Dakar 2026,"Dakar, Sénégal",CDD,2026-04-15,N/A,"Missions et ResponsabilitésLa direction de la technologie a pour mission principale :De livrer et d’opérer les services technologiques et électriques nécessaires pour la réussite des jeux (tout système informatique nécessaire pour la préparation et l’opération des jeux, la planification des ressources nécessaires, la gestion opérationnelle de la technologie et de l’électricité des sites, la gestion de l’acquisition des services technologiques et électriques ainsi que la coordination des différents fournisseurs de services, etc.)De gérer et d’accompagner le Comité des jeux autrement dit être un support aux autres directions et leurfournir tous les outils technologiques nécessaires à la réalisation de leurs tâches ;Innover et transmettre son savoir faire auprès des organisateurs d’événements sportifs, partage deconnaissance etc.Mission principale :Assurer la coordination, la supervision ope rationnelle, le suivi technique des installations et opérations énergétiques et la continuité de l’alimentation énergétique sur les sites de compétition et non-compétition de son périmètre, dans le respect des standards JOJ Dakar 2026.Rôle additionnel pendant Games Times :Durant cette période, le Cluster Manager assumera la fonction de Venue Energy Manager (VEM) pour un site spécifique de signe par l’organisation. Cette responsabilité inclut la supervision énergétique du site, la coordination avec les équipes locales et la gestion des incidents et des besoins énergétiques particuliers liés aux évènements.Il/Elle est en charge des activités suivantes  :Planification et Stratégie ÉnergétiqueMettre en œuvre la stratégie énergétique définie par le département Energie au niveau des sites du clusterCollecter, identifier, traiter et planifier les besoins énergétiques spécifiques de chaque site et des FAParticiper au dimensionnement des capacités Basse Tension et des solutions de secours.Suivre les calendriers de conception et d’installation avec le prestataire énergie et les équipes techniques.Supervision Opérationnelle et Suivi Basse TensionSuperviser les opérations quotidiennes d’approvisionnement et de distribution d’énergie sur les sites.Coordonner avec les VEM et les équipes techniques sur la mise en service, les tests et la maintenance deséquipements.Assurer le suivi des indicateurs de performance énergétique et la conformité avec les normes  établies.Vérifier que les conceptions et les schémas BT sont conformes aux normes en vigueur ainsi qu’aux exigencesrèglementaires et techniques applicables localementContrôler la qualité d’exécution des travaux jusqu’a la mise en service.Suivre essais, tests de charge et scenarios multi-sources.Identifier les écarts et proposer des actions correctives.Coordination et CommunicationServir de point focal énergie entre le département central NRG, les services internes, le prestataire, et les partenaires au niveau du clusterParticiper, organiser et animer les re unions de coordination avec toutes les parties prenantes.Assurer la remontée régulière d’informations, rapports et tableaux de bord énergétiques.Identifier les risques opérationnels liés à l’alimentation énergétique (pannes, surcharge, se curiste ).Mettre en œuvre les plans de contingence et assurer la disponibilité des solutions de secours.Suivre la gestion des incidents et contribuer à leur analyse post-intervention.Reporting technique, exploitation et LeadershipMaintenir une documentation complète : plans, schémas unifilaires, rapports d’inspection, PV de tests et tableaux de bord.Participer a la préparation des dossiers de conformité et de certification électrique.Superviser les VEM et les équipes techniques affectées aux sites du cluster.Former et encadrer les équipes locales sur les standards JOJ et les procédures énergies.Qualifications et compétences requises pour le posteFormation et Expériences professionnelles :Diplôme d’ingénieur en énergie, électricité, électrotechnique, électromécanique ou équivalent.Une spécialisation en distribution BT, réseaux ou installations temporaires est un atout.5 à 10 ans d’expérience en supervision de travaux électriques BT, suivi de prestataires et projets multisites.Expérience en environnement complexe ou événementiel appréciée.Compétences techniques :Solide compréhension des réseaux électriques, des systèmes d’alimentation temporaire, et des normes desécurité et de durabilité.Connaissance des procédures d’exploitation et de maintenance des installations électriquesSolide connaissance terrain et pratiques de chantier.Savoir être :Coordination multi-acteurs et gestion des priorités.Leadership, réactivité, sens de la décision.Rigueur documentaire et esprit d’analyse.Excellente communication en français et en anglais",https://www.emploidakar.com/offre-demploi/comite-dorganisation-des-jeux-olympiques-de-la-jeunesse-dakar-2026-dakar-senegal-cdd-responsable-du-pole-energie/
Responsable Energie,Comité d'Organisation des Jeux Olympiques de la Jeunesse Dakar 2026,"Dakar, Sénégal",CDD,2026-04-15,N/A,"La direction de la technologie a pour mission principale :De livrer et d’opérer les services technologiques et électriques nécessaires pour la réussite des jeux (tout système informatique nécessaire pour la préparation et l’opération des jeux, la planification des ressource nécessaires, la gestion opérationnelle de la technologie et de l’électricité des sites, la gestion de l’acquisition des services technologiques et électriques ainsi que la coordination des différents fournisseurs de services, etc.)De gérer et d’accompagner le Comité des jeux autrement dit être un support aux autres directions et leur fournir tous les outils technologiques nécessaires à la réalisation de leurs tâches ;Innover et transmettre son savoir faire auprès des organisateurs d’événements sportifs, partage deconnaissance etc.Mission principale :Assurer la gestion opérationnelle, le suivi technique et la continuité énergétique du site assigne, tout en apportant un support transverse au Cluster Manager sur les activités du cluster, dans le respect des standards JOJ Dakar 2026.ResponsabilitésGestion énergétique de la venueRecueillir, challenger et consolider les besoins énergétiques de toutes les fonctions de la venue.Assurer la cohérence entre les besoins des FA et les capacités disponibles.Participer au dimensionnement BT et a la de finition des solutions de secours de la venue.Veiller a la conformité des plans, schémas unifilaires et synoptiques électriques.Suivre les travaux d’installation électrique temporaire et permanente sur la venue.Contrôler la qualité d’exécution jusqu’a la mise en service.Préparation opérationnelle et readinessPiloter les essais, tests de charge, simulations de perte réseau et basculements multi-sources.Préparer les procédures de mise sous tension, exploitation et consignation.Assurer la disponibilité opérationnelle des groupes électrogènes, ATS, TGBT et re seaux BT.Identifier les vulnérabilités de la venue et proposer les actions correctives.Participer aux exercices de readiness et aux test eventsSupport au Cluster ManagerAssister le Cluster Manager dans le suivi des sujets multisites.Consolider les reporting terrain et tableaux de bord de son cluster.Assurer le relais des standards, procédures et décisions énergie au niveau des venues.Contribuer a l’identification des risques cluster et aux plans de mitigation.Participer aux re unions de coordination cluster et aux points avec le prestataire énergie.Assurer le back-up du Cluster Manager sur certains sujets opérationnelsCoordination et parties prenantesÊtre le point focal énergie principal de la venue.Coordonner avec les équipes EGM, EVI, TEC, OBS, SEC etc.Assurer l’interface quotidienne avec le prestataire énergie, les équipes techniques et les partenaires de livraison.Participer aux réunions site, inspections techniques et visites conjointes.Escalader rapidement tout risque critique au Cluster Manager.Exploitation Games Time et gestion des incidentsSuperviser les ope rations énergie de la venue.Assurer la continuité de service sur les charges critiques.Coordonner la réponse aux incidents, pertes de source, surcharge ou de faillance d’équipements.Contribuer aux analyses post-incident et au retour d’expérience.Garantir la traçabilité des évènements opérationnels et actions correctives.Qualifications et compétences requises pour le posteFormation et Expériences Professionnelles :Diplôme d’ingénieur en énergie, électricité, électrotechnique, électromécanique ou équivalent.Une spécialisation en distribution BT, réseaux ou installations temporaires est un atout.2 à 5 ans d’expérience en exploitation ou supervision d’installations électriques BT.Expérience sur site complexe, venue sportive, facility management ou grands événements appréciée.Compétences techniques :Bonne maîtrise des réseaux BT, TGBT, groupes électrogènes, ATS et systèmes de secours.Bonne lecture des schémas unifilaires et plans d’implantation.Connaissance des essais, tests de charge et procédures de basculement.Savoir être :Forte capacité de coordination terrain.Réactivité et gestion des priorités.Excellente communication avec les parties prenantes.Esprit d’analyse et orientation solution.Capacité à travailler sous pression avant et pendant Games Time.",https://www.emploidakar.com/offre-demploi/comite-dorganisation-des-jeux-olympiques-de-la-jeunesse-dakar-2026-dakar-senegal-cdd-responsable-energie/
Commercial Expérimenté,"Phoenix Consulting Group SNWith PCG AFRICA, you 'll never work alone","Dakar, Sénégal",CDD,2026-04-15,N/A,"Fonctions et Responsabilités1. Stratégie Commerciale et MarketingAnalyse du marché : Étudier les données du marché pétrolier africain pour identifier les opportunités et menaces.Planification : Définir les objectifs de vente et concevoir des campagnes promotionnelles adaptées au marché local.Performance : Mettre en place des indicateurs clés de performance (KPI) et proposer des actions correctives en cas de déviations.2. Gestion de la ClientèleDéveloppement : Identifier les segments de marché, organiser des présentations produites et négocier les contrats avec les nouveaux clients.Fidélisation : Assurer le suivi régulier de la satisfaction client, proposer des solutions adaptées à leurs besoins et gérer les réclamations.3. Management d’ÉquipeDéveloppement humain : Recruter, intégrer et organiser la formation des membres de l’équipe pour améliorer leurs compétences.Coordination : Répartir les missions, réaliser les évaluations de performance et animer des réunions de suivi régulières.Profil RecherchéFormation : Diplôme de niveau BAC+3 en commerce, marketing ou équivalent.Expérience : Minimum 03 ans à un poste à responsabilité (Marketing ou Business), idéalement dans le secteur pétrolier ou industriel avec une bonne expérience en hydrocarbure et lubrifiant.Compétences Techniques : Maîtrise des outils marketing (Google Analytics, réseaux sociaux) et excellentes capacités de communication écrite et orale.Qualités Personnelles :Créativité, esprit d’innovation et autonomie.Sens de l’analyse, de la stratégie et de l’organisation.Forte orientation client et capacité à travailler en équipe.Rigueur, attention aux détails et flexibilité face aux évolutions du marché.Veuillez envoyer votre CV à l’adresserecrutementpcgsn@phoenixcga.com",https://www.emploidakar.com/offre-demploi/phoenix-consulting-group-sn-dakar-cdd-commerciale-experimente-h-f/
02 Agents Administratifs (profil Comptable),BCEAO,"Dakar, Sénégal",CDI,2026-04-15,N/A,"MissionPrendre en charge des tâches administratives d’exécution nécessitant la connaissance et l’application de procédures de la Banque.Responsabilités du posteEffectue des travaux comportant la vérification, le contrôle et l’exploitation d’informations ;Réalise des tâches courantes de tri, de classement, de codification, d’enregistrement de documents et de mise à jour d’informations, en utilisant éventuellement un système informatique ;Suit les échéances sur des tableaux de suivi et avise la hiérarchie ;Traite, conformément à la procédure, le courrier qui lui est imputé ;Assure, en général, diverses tâches administratives et comptables et rend compte au responsable hiérarchique ;Compile des données, des statistiques et autres informations ;Opère des contrôles et vérifications de pièces administratives ou comptables pour s’assurer de la fiabilité de l’information fournie et diffusée ;Tient à jour des bases de données et veille à l’exhaustivité et la fiabilité des données enregistrées ;Réalise des tâches courantes de tri, de classement, de codification, d’enregistrement de documents et de mise à jour d’informations, en utilisant éventuellement un système informatique ;Suit les échéances sur des tableaux de suivi et avise la hiérarchie ;Effectue des travaux de saisie dans des applications informatiques.Critères d’éligibilitéEtre ressortissant d’un Etat membre de l’UMOA ;Jouir de ses droits civiques et être de bonne moralité ;Etre âgé de 18 ans au moins et de 40 ans au plus.Profil requisÊtre titulaire du diplôme de Baccalauréat (ou Brevet de Technicien) en Comptabilité ;Avoir au minimum deux (2) années d’expérience professionnelle pertinente en comptabilité.Pour postuler, les candidats doivent produire un curriculum vitae (CV) indiquant notamment :la date de naissance ;la nationalité ;les périodes exactes des expériences professionnelles (date début et date fin) ainsi qu’un résumé des activités prises en charge ;le type de contrat pour chaque expérience (CDD, CDI, Consultance, Stage, etc.) ;la liste de tous les diplômes y compris le Baccalauréat, en précisant la date d’obtention, l’établissement de formation et la spécialité.Après avoir téléchargé son CV, le candidat doit renseigner ou mettre à jour les informations le concernant dans l’espace candidat qui lui est automatiquement créé.Date de clôture des candidatures : 27 avril 2026",https://www.emploidakar.com/offre-demploi/bceao-dakar-senegal-cdi-02-agents-administratif-profil-comptable/
Chargé des centrales d’information,BCEAO,"Dakar, Sénégal",CDI,2026-04-15,N/A,"MissionsChargé de la stratégie de la politique monétaire : Assurer la collecte et l’analyse des informations nécessaires à la définition de la politique monétaire par le Comité de Politique Monétaire.Chargé de la mise en œuvre de la politique monétaire : Assurer la collecte et l’analyse des données en vue de la formulation des propositions de mesures de régulation de la liquidité bancaire.Chargé du suivi des programmes économiques des Etats : Assurer le suivi des programmes économiques et financiers des Etats, en particulier le suivi de l’exécution des programmes économiques et financiers appuyés par les Institutions de Bretton Woods.Chargé des centrales d’information : Identifier et analyser les risques bancaires, à travers la gestion des centrales d’informations.Chargé des secteurs monétaire et finances publiques : Assurer la production et l’analyse des statistiques monétaires ainsi que celles des finances publiques et de la dette.Conjoncturiste : Suivre et analyser la conjoncture économique et les prix, en vue de réaliser des notes et études sur la situation et les perspectives économiques.Critères d’éligibilitéEtre ressortissant d’un Etat membre de l’UMOA ;Jouir de ses droits civiques et être de bonne moralité ;Etre âgé de 18 ans au moins et de 40 ans au plus.Profil requisÊtre titulaire d’un diplôme de niveau BAC+5 en Économie, Statistique ou Économétrie ;Avoir au minimum 2 ans d’expérience professionnelle pertinente dans des Structures privées, étatiques ou internationales, à des postes en lien avec le domaine de l’économie ou de la statistique.Pour postuler, les candidats doivent produire un curriculum vitae (CV) indiquant notamment :la date de naissance ;la nationalité ;les périodes exactes des expériences professionnelles (date début et date fin) ainsi qu’un résumé des activités prises en charge ;le type de contrat pour chaque expérience (CDD, CDI, Consultance, Stage, etc.) ;la liste de tous les diplômes y compris le Baccalauréat, en précisant la date d’obtention, l’établissement de formation et la spécialité de chaque diplôme.Après avoir téléchargé son CV, le candidat doit obligatoirement renseigner le questionnaire qui lui est automatiquement soumis.Date de clôture des candidatures : 27 avril 2026",https://www.emploidakar.com/offre-demploi/bceao-dakar-senegal-cdi-charge-des-centrales-dinformation/
Chargé du suivi des programmes économiques des Etats,BCEAO,"Dakar, Sénégal",CDI,2026-04-15,N/A,"MissionsChargé de la stratégie de la politique monétaire : Assurer la collecte et l’analyse des informations nécessaires à la définition de la politique monétaire par le Comité de Politique Monétaire.Chargé de la mise en œuvre de la politique monétaire : Assurer la collecte et l’analyse des données en vue de la formulation des propositions de mesures de régulation de la liquidité bancaire.Chargé du suivi des programmes économiques des Etats : Assurer le suivi des programmes économiques et financiers des Etats, en particulier le suivi de l’exécution des programmes économiques et financiers appuyés par les Institutions de Bretton Woods.Chargé des centrales d’information : Identifier et analyser les risques bancaires, à travers la gestion des centrales d’informations.Chargé des secteurs monétaire et finances publiques : Assurer la production et l’analyse des statistiques monétaires ainsi que celles des finances publiques et de la dette.Conjoncturiste : Suivre et analyser la conjoncture économique et les prix, en vue de réaliser des notes et études sur la situation et les perspectives économiques.Critères d’éligibilitéEtre ressortissant d’un Etat membre de l’UMOA ;Jouir de ses droits civiques et être de bonne moralité ;Etre âgé de 18 ans au moins et de 40 ans au plus.Profil requisÊtre titulaire d’un diplôme de niveau BAC+5 en Économie, Statistique ou Économétrie ;Avoir au minimum 2 ans d’expérience professionnelle pertinente dans des Structures privées, étatiques ou internationales, à des postes en lien avec le domaine de l’économie ou de la statistique.Pour postuler, les candidats doivent produire un curriculum vitae (CV) indiquant notamment :la date de naissance ;la nationalité ;les périodes exactes des expériences professionnelles (date début et date fin) ainsi qu’un résumé des activités prises en charge ;le type de contrat pour chaque expérience (CDD, CDI, Consultance, Stage, etc.) ;la liste de tous les diplômes y compris le Baccalauréat, en précisant la date d’obtention, l’établissement de formation et la spécialité de chaque diplôme.Après avoir téléchargé son CV, le candidat doit obligatoirement renseigner le questionnaire qui lui est automatiquement soumis.Date de clôture des candidatures : 27 avril 2026",https://www.emploidakar.com/offre-demploi/bceao-dakar-senegal-cdi-charge-du-suivi-des-programmes-economiques-des-etats/
02 Chargés de la mise en œuvre de la politique monétaire,BCEAO,"Dakar, Sénégal",CDI,2026-04-15,N/A,"MissionsChargé de la stratégie de la politique monétaire : Assurer la collecte et l’analyse des informations nécessaires à la définition de la politique monétaire par le Comité de Politique Monétaire.Chargé de la mise en œuvre de la politique monétaire : Assurer la collecte et l’analyse des données en vue de la formulation des propositions de mesures de régulation de la liquidité bancaire.Chargé du suivi des programmes économiques des Etats : Assurer le suivi des programmes économiques et financiers des Etats, en particulier le suivi de l’exécution des programmes économiques et financiers appuyés par les Institutions de Bretton Woods.Chargé des centrales d’information : Identifier et analyser les risques bancaires, à travers la gestion des centrales d’informations.Chargé des secteurs monétaire et finances publiques : Assurer la production et l’analyse des statistiques monétaires ainsi que celles des finances publiques et de la dette.Conjoncturiste : Suivre et analyser la conjoncture économique et les prix, en vue de réaliser des notes et études sur la situation et les perspectives économiques.Critères d’éligibilitéEtre ressortissant d’un Etat membre de l’UMOA ;Jouir de ses droits civiques et être de bonne moralité ;Etre âgé de 18 ans au moins et de 40 ans au plus.Profil requisÊtre titulaire d’un diplôme de niveau BAC+5 en Économie, Statistique ou Économétrie ;Avoir au minimum 2 ans d’expérience professionnelle pertinente dans des Structures privées, étatiques ou internationales, à des postes en lien avec le domaine de l’économie ou de la statistique.Pour postuler, les candidats doivent produire un curriculum vitae (CV) indiquant notamment :la date de naissance ;la nationalité ;les périodes exactes des expériences professionnelles (date début et date fin) ainsi qu’un résumé des activités prises en charge ;le type de contrat pour chaque expérience (CDD, CDI, Consultance, Stage, etc.) ;la liste de tous les diplômes y compris le Baccalauréat, en précisant la date d’obtention, l’établissement de formation et la spécialité de chaque diplôme.Après avoir téléchargé son CV, le candidat doit obligatoirement renseigner le questionnaire qui lui est automatiquement soumis.Date de clôture des candidatures : 27 avril 2026",https://www.emploidakar.com/offre-demploi/bceao-dakar-senegal-cdi-02-charges-de-la-mise-en-oeuvre-de-la-politique-monetaire/
02 Chargés de la stratégie de la politique monétaire,BCEAO,"Dakar, Sénégal",CDI,2026-04-15,N/A,"MissionsChargé de la stratégie de la politique monétaire : Assurer la collecte et l’analyse des informations nécessaires à la définition de la politique monétaire par le Comité de Politique Monétaire.Chargé de la mise en œuvre de la politique monétaire : Assurer la collecte et l’analyse des données en vue de la formulation des propositions de mesures de régulation de la liquidité bancaire.Chargé du suivi des programmes économiques des Etats : Assurer le suivi des programmes économiques et financiers des Etats, en particulier le suivi de l’exécution des programmes économiques et financiers appuyés par les Institutions de Bretton Woods.Chargé des centrales d’information : Identifier et analyser les risques bancaires, à travers la gestion des centrales d’informations.Chargé des secteurs monétaire et finances publiques : Assurer la production et l’analyse des statistiques monétaires ainsi que celles des finances publiques et de la dette.Conjoncturiste : Suivre et analyser la conjoncture économique et les prix, en vue de réaliser des notes et études sur la situation et les perspectives économiques.Critères d’éligibilitéEtre ressortissant d’un Etat membre de l’UMOA ;Jouir de ses droits civiques et être de bonne moralité ;Etre âgé de 18 ans au moins et de 40 ans au plus.Profil requisÊtre titulaire d’un diplôme de niveau BAC+5 en Économie, Statistique ou Économétrie ;Avoir au minimum 2 ans d’expérience professionnelle pertinente dans des Structures privées, étatiques ou internationales, à des postes en lien avec le domaine de l’économie ou de la statistique.Pour postuler, les candidats doivent produire un curriculum vitae (CV) indiquant notamment :la date de naissance ;la nationalité ;les périodes exactes des expériences professionnelles (date début et date fin) ainsi qu’un résumé des activités prises en charge ;le type de contrat pour chaque expérience (CDD, CDI, Consultance, Stage, etc.) ;la liste de tous les diplômes y compris le Baccalauréat, en précisant la date d’obtention, l’établissement de formation et la spécialité de chaque diplôme.Après avoir téléchargé son CV, le candidat doit obligatoirement renseigner le questionnaire qui lui est automatiquement soumis.Date de clôture des candidatures : 27 avril 2026",https://www.emploidakar.com/offre-demploi/bceao-dakar-senegal-cdi-2-charges-de-la-strategie-de-la-politique-monetaire/
Superviseur des institutions de microfinance,BCEAO,"Dakar, Sénégal",CDI,2026-04-15,N/A,"ResponsabilitésInstruit les demandes ou retraits d’agrément ainsi que celles d’autorisation préalable des Systèmes Financiers Décentralisés (SFD).Effectue des contrôles sur place ou sur pièces, pour s’assurer de la bonne application, par les SFD, des dispositions réglementaires ;Recueille et évalue l’état de mise en œuvre, par les SFD, des recommandations issues des contrôles sur place ou sur pièces ;S’assure de la mise en œuvre des recommandations issues des contrôles sur place ou sur pièces, lors des auditions des dirigeants des SFD ;Vérifie la cohérence des états financiers annuels ainsi que des indicateurs et états périodiques des SFD ;Gère la base de données des SFD ;Contribue à l’organisation des réunions périodiques avec la Structure Ministérielle de Suivi des SFD (SMS) et y participe ;Participe au suivi des projets et programmes d’appui dédiés au secteur de la microfinance ;Contrôle la gestion des stocks et la vente des publications spécifiques aux SFD (monographies des SFD, référentiel comptable des SFD) ;Élabore des rapports périodiques ainsi que des notes et statistiques diverses sur les SFD.Critères d’éligibilitéEtre ressortissant d’un Etat membre de l’UMOA ;Jouir de ses droits civiques et être de bonne moralité ;Etre âgé de 18 ans au moins et de 40 ans au plus.Profil requisÊtre titulaire d’un diplôme de niveau BAC + 5 en Banque, Finance, Analyse financière ou Microfinance ;Avoir au minimum 2 ans d’expérience professionnelle pertinente dans le domaine de la finance, des banques ou des Systèmes financiers décentralisés (SFD).Pour postuler, les candidats doivent produire un curriculum vitae (CV) indiquant notamment :la date de naissance ;la nationalité ;les périodes exactes des expériences professionnelles (date début et date fin) ainsi qu’un résumé des activités prises en charge ;le type de contrat pour chaque expérience (CDD, CDI, Consultance, Stage, etc.) ;la liste de tous les diplômes y compris le Baccalauréat, en précisant la date d’obtention, l’établissement de formation et la spécialité de chaque diplôme.Après avoir téléchargé son CV, le candidat doit obligatoirement renseigner le questionnaire qui lui est automatiquement soumis.Date de clôture des candidatures : 27 avril 2025",https://www.emploidakar.com/offre-demploi/bceao-dakar-senegal-cdi-superviseur-des-institutions-de-microfinance/
Superviseur Travaux Terrain,GPF,"Dakar, Sénégal",CDD,2026-04-15,N/A,"Nous recrutons un Superviseur Travaux Terrain pour un de nos clients évoluant dans le secteur de l’Oïl & Gaz et de l’ingénierie.Missions:Superviser l’exécution des travaux de génie civil sur site en garantissant le respect des normes techniques, HSE et des exigences contractuelles.Responsabilités principales:Superviser les travaux de construction sur siteS’assurer de la conformité des travaux aux plans et spécificationsContrôler la qualité des travaux réalisésVeiller au respect des normes HSECoordonner les activités des sous-traitantsAssurer le suivi de l’avancement des travauxIdentifier et remonter les anomalies ou risquesParticiper aux réunions de chantierAssurer le reporting quotidien/hebdomadaireProfilDiplôme en Génie CivilExpérience en supervision de chantier (BTP / Oil & Gas / infrastructures)Expérience terrain indispensableAnglais requis",https://www.emploidakar.com/offre-demploi/gpf-dakar-senegal-cdd-superviseur-travaux-terrain/
Chef Comptable,Dangote Cement Senegal,"Pout, Sénégal",CDI,2026-04-15,N/A,"Description du PosteTenir à jour les registres et comptes financiers DCS.Superviser la tenue des registres des immobilisations et veiller à la bonne comptabilisation.Activités et Responsabilités clésDiriger la mise en œuvre des politiques et des procédures financières.Gérer les activités comptables afin de garantir l’intégrité financièreGérer les comptes de dépenses de DCS.Gérer les écritures de journal sur SAPSuperviser et assurer à en temps voulu des activités mensuelles de clôtureApprouver les pièces justificatives pour la comptabilisationÉlaborer des rapports financiers périodiques pour fournir des informations financières précises, et pertinentes afin d’aider la direction à prendre des décisions.Préparer et soumettre au directeur financier des rapports d’activité périodiques sur lesactivités comptables.S’acquitter de toute autre tâche qui lui est confiée par le directeur financier.Qualifications et Expérience ProfessionnelleLicence ou son équivalent en finance ou en comptabilité.Un minimum de cinq (5) ans d’expérience professionnelle pertinente.Aptitudes et compétencesBonne compréhension des tendances, des défis, des opportunités, des réglementations et des législations relatives à l’industrie de la fabrication du ciment.Solides connaissances en finance et en comptabilité, y compris une expérience des normes internationales d’information financière (IFRS).Connaissance pratique des systèmes de comptabilité financière/ ERP pertinents, de préférence SAP.De bonnes compétences en matière de leadership et de gestion des personnes.Bonnes compétences en matière de communication et de réseautage.Bonnes compétences en matière de présentation et d’animation.Haute intégrité et normes éthiques.Capacité à gérer des priorités multiples.Une solide connaissance pratique de Microsoft Office.Compétences HSE liées au posteSavoir utiliser les moyens de lutte contre l’incendieSavoir dispenser les gestes de premiers secoursConnaître les risques SST liés à ses activités ainsi que les dispositions de maîtriseConnaître les aspects et impacts environnementaux liés à ses activités ainsi que les dispositions de maîtriseConnaître les dispositions relatives à la gestion des déchetsSavoir renseigner une FREI et une FNC",https://www.emploidakar.com/offre-demploi/dangote-cement-senegal-pout-senegal-cdi-chef-comptable/
Superviseur de Trésorerie et Relations Bancaires,Sunda InternationalFaire de grandes réalisations sur la vaste plate-forme mondiale.,"Dakar, Sénégal",CDD,2026-04-14,N/A,"Superviseur de Trésorerie et Relations Bancaires1. ContexteDans le cadre du déploiement international du système de gestion des fonds de l’entreprise, il est nécessaire de renforcer la gestion et la coordination des opérations de trésorerie à l’étranger. Le poste vise à assurer la promotion et l’utilisation efficace du système de règlement international, à garantir la standardisation des processus de paiement et de règlement, ainsi qu’à optimiser la collaboration avec les institutions bancaires partenaires.2. Objectif du posteLe/La Chargé(e) de Trésorerie et Relations Bancaires est responsable de la gestion opérationnelle des règlements internationaux, du suivi des paiements en devises étrangères, ainsi que de la gestion des relations avec les banques partenaires afin d’optimiser les coûts financiers et d’assurer la conformité des opérations de trésorerie.3. Responsabilités principales3.1 Gestion des relations bancaires et optimisation des coûtsServir de point de contact principal entre la fonction trésorerie de l’entreprise et les banques partenaires.Assurer la communication avec les banques concernant les taux de change, les frais bancaires et les conditions des services financiers.Négocier des conditions plus avantageuses pour les opérations de change et les règlements transfrontaliers.Optimiser les conditions de transfert et réduire les coûts liés aux transactions bancaires et aux règlements internationaux.3.2 Gestion des paiements en devises et exécution de la trésorerieCoordonner et suivre l’exécution des paiements en devises étrangères afin de garantir des transactions fluides, rapides et conformes aux réglementations en vigueur.Assurer la coordination entre les besoins opérationnels internes et les procédures bancaires.Identifier et résoudre les anomalies techniques ou les problèmes de conformité liés aux opérations de paiement.3.3 Mise en œuvre des politiques de trésorerieAssurer la mise en œuvre des politiques et procédures de gestion de trésorerie au sein de l’équipe locale.Contribuer à la communication interne et à la formation des équipes sur les procédures et outils de gestion de trésorerie.Participer à l’optimisation et à la standardisation des processus de gestion de trésorerie au Sénégal.3.4 Analyse et gestion des anomalies de règlementIdentifier et analyser les anomalies liées aux opérations de règlement.Mettre en place des mesures correctives afin d’améliorer l’efficacité et la sécurité des opérations de trésorerie.3.5 Autres missionsAssurer toute autre mission de gestion de trésorerie confiée par la hiérarchie.4. Profil recherchéFormation :Bac +3 à Bac +5 en Finance, Comptabilité, Gestion, Banque ou domaine connexe.Expérience :Minimum 2 à 5 ans d’expérience en trésorerie, finance d’entreprise ou relations bancaires.Une expérience dans les paiements internationaux ou la gestion des devises est un atout.Compétences techniques :Bonne connaissance des opérations bancaires et des paiements internationaux.Maîtrise des opérations de change et des transactions transfrontalières.Connaissance des systèmes de gestion de trésorerie et des procédures financières.Compétences comportementales :Excellentes capacités de négociation et de communication.Sens de l’analyse et de la résolution de problèmes.Rigueur, organisation et sens de la confidentialité.5. Lieu de travail :Dakar6. Supérieur hiérarchique :Le/La titulaire du poste sera placé(e) sous la supervision du Responsable Finance / Trésorerie.",https://www.emploidakar.com/offre-demploi/sunda-international-dakar-senegal-cdd-superviseur-de-tresorerie-et-relations-bancaires/
Responable Pays,PUM,"Dakar, Sénégal",CDD,2026-04-14,N/A,"As country manager in Senegal, you understand the crucial role strong business ecosystems play in driving economic growth, social inclusion, and sustainable development. You bring a solid local network of small and medium-sized enterprises (SMEs) and partners, combined with proven experience in programme management and team leadership. Do you thrive on building meaningful partnerships, leading a result-driven team, and creating lasting impact across your country? This is your opportunity!About PUMPUM is a unique organisation committed to making a positive impact on a global scale. With a network of 1,200 skilled voluntary experts, we collaborate with ambitious entrepreneurs in 26 countries and 12 programmes, sharing expertise to strengthen business ecosystems and create economic, social, and environmental value. We work closely with SMEs, as well as the organisations that support them. We believe in the power of collaboration and in the magic that happens when diverse perspectives come together; Together we grow!The roleYou will lead the country acquisition team in Senegal consisting of 6country representatives on a freelance basis who engage change-driven SMEs to participate in PUM’s impactful programmes. You hold end-to-end responsibility for client relationship management after acquisition, ensuring continuity, quality of engagement, and strategic alignment. You will be part of the Africa regional team, reporting to the head of region and collaborating closely with 15 other country managers in the region, 12 programme managers, as well as other departments such as recruitment and communications & partnerships. Your daily activities will be varied and challenging:You develop and implement the Country Impact Plan (CIP) in line with PUM’s mission, strategy, and organisational ambitions.You foster strategic partnerships with SMEs and stakeholders through proactive account management and ongoing engagement, building trust and long-term impact, while expanding PUM’s visibility, credibility and country influence.You build, lead, and coach the country representative team, safeguarding the quality and continuity of acquisition.You ensure team capacity, motivation, accountability, and performance through effective people management, including organising country team meetings (CTMs).You qualify new clients using assessment criteria that emphasise diversity, inclusion, and alignment with PUM’s green and social goals within business ecosystems.You approve project proposals, ensuring accurate and complete information so programme managers can identify the right expert match.You collaborate closely with programme managers to ensure alignment, shared goals, and successful projects. Occasionally, you will welcome and accompany visiting experts.You personally engage with clients after acquisition, ensuring continuity, quality of engagement, and strategic fit.You lead professional briefing and debriefing sessions to ensure quality assurance, data collection, and learning.You monitor performance and use data to share insights and improve results.You ensure compliance with organisational policies, quality standards, and project timelines.Who are you?As country manager, you combine strategic vision with operational excellence. You understand the challenges that local SMEs face and know how to translate entrepreneurial ambition into tangible impact. Does this sound like you?You are a proactive, hands-on and strategic thinker with a bachelor’s or master’s degree.You bring at least 10 years of experience in a coordinating role and leading a commercial or acquisition-focused team.You have a strong local SME network and a deep understanding of business ecosystem development in your country.You are familiar with European work culture and experienced in remote collaboration within international organisations.You demonstrate strong intercultural communication skills and collaborate effectively across departments and stakeholders.You have proven leadership and accountability skills, with experience in performance management and stakeholder engagement.You are experienced in managing a remote team operating across the country.You are willing to travel occasionally within Senegal for project development visits, partnership meetings, and country team meetings.You are strongly focused on impact, quality, and measurable results.You thrive in an organisation in growth and transition and enjoy contributing to further professionalisation.You are data-driven and comfortable using digital tools, including Microsoft 365.You have excellent command of English and speak French fluently; proficiency in Wolof is a plus.You are permanently based in Senegal and available for 30 hours (0.8 FTE) per week.What we offerFor this position, PUM collaborates with a local employment partner (Employer of Record). You will be formally employed and paid through this partner, in accordance with applicable local labour laws. We offer a salary aligned with local market standards, reflecting the responsibilities and scope of the position. Pre-screening is part of the selection process. At PUM, we celebrate diversity and inclusion as essential pillars of our organisation. We embrace the uniqueness of each individual, fostering an environment where everyone can thrive by being their authentic selves.Please note that in the case of a high volume of applications, we reserve the right to close the vacancy early and begin interviews before the deadline on 30 April 2026. Please submit your CV and motivation letter in English. Applying early is encouraged.",https://www.emploidakar.com/offre-demploi/pum-dakar-senegal-cdd-cdi-responable-pays/
Assistante Administrative et Financière,Analysis & Conseils,Point E,CDD,2026-04-14,N/A,"Dans le cadre du renforcement de notre équipe, nous recherchons une Assistante Administrative et Financière bilingue (français / anglais), dynamique et rigoureuse.Missions principales :Assurer la gestion administrative quotidienne (courriers, classement, suivi des dossiers)Gérer les opérations comptables de base (facturation, suivi des paiements, rapprochements)Participer à l’élaboration des rapports financiersAssurer la liaison avec les partenaires et fournisseursRédiger et traduire des documents en français et en anglaisAssurer l’organisation des réunions et la gestion des agendasProfil recherché :Bac +2 à Bac +5 en gestion, finance, comptabilité ou équivalentExpérience professionnelle de 2 à 5 ans minimum dans un poste similaireExcellente maîtrise du logiciel Sage SaariExcellente maîtrise du français et de l’anglais (oral et écrit)Bonne maîtrise des outils bureautiques (Excel, Word, etc.)Sens de l’organisation, discrétion et autonomieBon relationnel et capacité à travailler en équipeDisponibilité : ImmédiateVeuillez envoyer votreCVà l’adressecontact@analysisconseils.com",https://www.emploidakar.com/offre-demploi/analysis-conseils-point-e-cdd-assistante-administrative-et-financiere/
Conseillers Commerciaux Seniors (Télévente),FND Groupe,"Dakar, Sénégal",CDD,2026-04-14,N/A,"Vous êtes un expert de la force de vente ? Le téléphone est votre outil de prédilection ? Rejoignez une structure en pleine croissance à Dakar !Nous ne cherchons pas de simples exécutants, mais des closers capables de transformer chaque opportunité en succès. Dans un environnement stimulant, vous serez responsable du développement de notre portefeuille client.​Vos missions​Effectuer des appels sortants auprès d’une cible qualifiée (B2B ou B2C).​Détecter les besoins, argumenter et convaincre avec brio.​Conclure les ventes et assurer le suivi administratif des dossiers.​Atteindre (et dépasser) les objectifs de performance fixés.​Profil Recherché : L’Élite de la Télévente​Expérience confirmée : Minimum 2 ans en télévente (idéalement sur des marchés européens ou premium).​Maîtrise parfaite du français : Élocution impeccable, sans accent bloquant, et excellente capacité rédactionnelle.​Tempérament de chasseur : Vous avez le goût du défi et une résistance à toute épreuve face aux refus.​Culture du résultat : Vous êtes stimulé par les challenges et les primes à la performance.​Pourquoi nous rejoindre à Dakar ?​Salaire Motivante : Un package financier composé d’un fixe solide et de primes de vente très agressives (les meilleures du marché pour les profils performants).​Cadre de travail : Un plateau moderne, dynamique et équipé des meilleures technologies CRM.​Évolution : Des perspectives réelles de passer Team Leader ou Formateur pour les profils à fort potentiel.​Avantages : Prise en charge transport/santé (selon politique interne).​Prêt(e) à exploser vos compteurs ?​Ne nous envoyez pas juste un CV classique à l’adressendongfarba@gmail.comMontrez-nous votre talent !",https://www.emploidakar.com/offre-demploi/fnd-groupe-dakar-cdd-offre-demploi-conseillers-commerciaux-seniors-televente/
Responsable Qualité & Sécurité Alimentaire Adjoint,Hotel Terrou-Bi,"Dakar, Sénégal",CDD,2026-04-14,N/A,"Descriptif du posteSupport au Responsable Sécurité AlimentaireAssurer l’intérim ou la continuité du pilotage qualité en cas d’absence du titulaire.Participer aux réunions qualité et rédiger les comptes rendus de manière structurée.Contribuer à la planification des actions qualité mensuelles et hebdomadaires.Proposer des actions concrètes d’amélioration ou d’optimisation des pratiques.Participer aux réunions interservices pour représenter la fonction qualité.Suivi du Système ISO 22000Participer à la mise à jour régulière du système documentaire ISO 22000 (procédures, instructions, formulaires).Contrôler la bonne application des exigences HACCP, PRPo, BPH dans les différents secteurs.Coordonner la préparation des audits internes et externes (non-conformités, preuves, actions correctives).Classer et archiver les documents qualité selon les exigences de traçabilité.Collaborer avec les techniciens pour la collecte et la vérification des données de terrain.Contrôle Hygiène & Sécurité AlimentaireSuivre quotidiennement les rapports d’inspection transmis par les techniciens hygiène.Réaliser des vérifications de terrain complémentaires en cas de signalement.Assurer un suivi rigoureux des températures, péremptions, traçabilité des produits.Veiller au respect des protocoles de nettoyage, désinfection, désinsectisation.Coordonner les prélèvements microbiologiques (surfaces, eau, aliments) et exploiter les résultats.Formation & Sensibilisation du PersonnelParticiper à l’animation de sessions de formation sur l’hygiène, les pratiques ISO, le plan HACCP.Adapter les supports pédagogiques en lien avec les situations concrètes observées.Sensibiliser régulièrement les équipes aux bons gestes et aux erreurs à éviter.Vérifier l’appropriation des consignes à travers des quizz, tests ou observations.Collaborer avec le Responsable Formation pour inscrire les actions sur le plan annuel.Suivi des Non-Conformités & Actions CorrectivesParticiper à l’identification et à l’enregistrement des non-conformités terrain.Analyser les causes racines en collaboration avec les équipes concernées.Suivre l’efficacité des actions correctives et préventives engagées.Mettre à jour les tableaux de suivi des anomalies et plans d’action.Communiquer régulièrement sur les résultats auprès des responsables opérationnels.Suivi des Indicateurs QualitéMettre à jour les tableaux de bord qualité (audit, inspections, non-conformités…).Réaliser des analyses simples de tendances ou de causes fréquentes.Proposer des axes d’amélioration basés sur les données collectées.Participer aux réunions de revue qualité avec des éléments chiffrés.Diffuser les résultats aux équipes de façon pédagogique.Profil recherchéTitulaire d’un Bac +3 / Diplôme universitaire en QHSE, biologie ou chimie.Expérience : Minimum 3–5 ans préalable en hôtellerie ou dans un poste similaire.Autres exigences : travail de week-end, capacité à travailler sous pressionCompétences requisesAssister le Responsable Sécurité Alimentaire dans le pilotage du système ISO 22000Contrôler la mise en œuvre des procédures HACCPSuivre les audits internes et externesIdentifier et suivre les non-conformitésAssurer la traçabilité et la tenue des enregistrementsContrôler la conformité des pratiques terrainAgir avec exemplarité et exigenceValoriser la Teranga et l’identité du ResortProgresser et faire progresserAgir avec loyauté et discrétionCréer un climat de confiance et d’équitéCommuniquer avec pédagogie et diplomatieCandidatureEnvoyez votre CV, votre lettre de motivation à :recrutement@terroubi.comavant le 27 avril 2026.Mettre en objet le titre du poste à pourvoir.Exemple : (Objet : Responsable Qualité & Sécurité Alimentaire Adjoint)Seuls les dossiers correspondants aux critères seront contactés.",https://www.emploidakar.com/offre-demploi/hotel-terrou-bi-dakar-senegal-cdd-cdi-responsable-qualite-securite-alimentaire-adjoint/
"Conseiller(ère) politique, développement et diplomatie économique",Ambassade du Danemark à Dakar,"Dakar, Sénégal",CDD,2026-04-14,N/A,"L’Ambassade du Danemark à Dakar est une mission diplomatique récemment établie, chargée de renforcer l’engagement politique, économique et développement du Danemark au Sénégal et dans la région ouest-africaine.Dans le cadre du développement de ses activités, l’Ambassade recrute un(e) Conseiller(ère) politique, développement et diplomatie économique. Il ou elle sera chargé (e) de suivre les évolutions politiques et économiques au Sénégal, ainsi que dans les pays de la région couverts par l’Ambassade, notamment la Gambie, la Guinée-Bissau et le Cap-Vert.Le/la Conseiller(ère) contribuera également à la gestion de projets de coopération au développement au Sénégal et jouera un rôle central dans le développement des relations économiques et commerciales entre le Danemark et la région.Activités principales :Suivre et analyser les évolutions politiques, économiques et institutionnelles au Sénégal ainsi que dans les pays de la région couverts par l’Ambassade (Gambie, Guinée-Bissau et Cap-Vert) ;Préparer des analyses politiques et économiques, notes de briefing et rapports destinés au Ministère des Affaires étrangères du Danemark ;Conseiller l’Ambassade sur les dynamiques politiques et économiques dans la région ;Contribuer à la gestion et au suivi de projets de coopération au développement au Sénégal ;Soutenir les activités de diplomatie économique de l’Ambassade, notamment l’identification d’opportunités de coopération commerciale et d’investissement entre le Danemark et le Sénégal ;Contribuer à l’analyse de l’environnement économique et des conditions d’investissement au Sénégal ;Entretenir des relations avec les acteurs du secteur privé, les chambres de commerce, les organisations professionnelles et les institutions économiques ;Assister les entreprises et acteurs économiques danois intéressés par des opportunités au Sénégal et dans la région ;Contribuer à la coordination avec les partenaires internationaux, notamment l’Union européenne, les Nations Unies et d’autres bailleurs actifs dans la région.ProfilÊtre titulaire d’un Diplôme supérieur dans un domaine pertinent (science politique, relations internationales, économie, droit, études du développement ou équivalent)Avoir une expérience professionnelle dans l’analyse politique, la coopération au développement et/ou la diplomatie économiqueBonne connaissance du contexte politique et économique au Sénégal et dans la région ouest-africaineExpérience dans la gestion ou le suivi de projets de coopération au développement constitue un atoutExpérience ou forte compréhension des dynamiques économiques, du secteur privé et des relations économiques internationalesCapacité à dialoguer avec des acteurs publics et privés dans un contexte internationalExcellentes capacités analytiques et rédactionnellesExpérience de travail avec des organisations internationales, ONG, institutions publiques ou acteurs du secteur privé constitue un avantageSens élevé de l’intégrité, du professionnalisme et de la discrétionExcellente maîtrise de l’anglais (écrit et oral) indispensableBonne maîtrise du françaisConnaissance du portugais est un atout (notamment pour les relations avec le Cap-Vert et la Guinée-Bissau)La date limite de dépôt des candidatures est fixée au 04 mai 2026 à 9 heures GMT",https://www.emploidakar.com/offre-demploi/ambassade-du-danemark-a-dakar-dakar-senegal-cdd-conseillerere-politique-developpement-et-diplomatie-economique/
Responsable Administratif et Financier,Ambassade du Danemark à Dakar,"Dakar, Sénégal",CDD,2026-04-14,N/A,"L’Ambassade du Danemark à Dakar est une mission diplomatique récemment établie, chargée de renforcer l’engagement politique, économique et développement du Danemark au Sénégal et dans la région ouest-africaine.Dans le cadre du développement de son équipe locale, l’Ambassade recrute un Finance and Administration Officer. Ce poste offre une opportunité de contribuer à la mise en place des procédures financières et administratives d’une ambassade en phase d’installation, dans un environnement international et dynamique.Activités principales :Sous la supervision du Head of Administration, il ou elle sera chargé(e) de :La tenue de la comptabilité conformément aux procédures du Ministère des Affaires étrangères du Danemark ;Le suivi budgétaire, le reporting financier et l’analyse des dépenses ;La gestion des paiements, des relations bancaires et du suivi de trésorerie ;L’organisation et le traitement de la paie et des obligations sociales conformément à la législation sénégalaise ;L’appui aux procédures d’achats et à la gestion des contrats avec fournisseurs et prestataires ;La gestion des paiements liés aux activités administratives et visas ;La préparation des audits et le respect des règles financières et administratives ;L’appui aux tâches administratives générales de la mission, y compris la gestion documentaire, le suivi des contrats et le soutien aux procédures internes ;La contribution au développement et à l’amélioration des procédures financières et administratives de la mission.ProfilÊtre titulaire d’un Diplôme en Finance, Comptabilité, Gestion ou AdministrationAvoir au moins 5 à 8 ans d’expérience professionnelle dans gestion financière et administrativeAvoir une bonne connaissance du système fiscal et social sénégalaisAvoir une excellente maîtrise d’Excel et du reporting analytiqueCapacité à produire des rapports financiers en anglais (niveau C1 minimum)Sens de l’intégrité, rigueur et grande discrétionL’expérience dans une organisation internationale, une ambassade ou une mission diplomatique est un atout majeur.Maîtrise parfaite du françaisBonne maîtrise de l’anglais (écrit et oral)Connaissance du wolof est un atout.La date limite de dépôt des candidatures est fixée au 04 mai 2026 à 9 heures GMT.",https://www.emploidakar.com/offre-demploi/ambassade-du-danemark-a-dakar-dakar-senegal-cdd-responsable-administratif-et-financier/
Coordinateur.trice de base,Médecins du Monde – Espagne,"Kédougou, Sénégal",CDD,2026-04-14,N/A,"Médicos del Mundo Espagne (Médecins du Monde – Espagne) est une association de solidarité internationale indépendante, constituée en 1990. Elle promeut le développement humain à travers la défense du Droit fondamental à la santé et une vie digne pour toute personne sans distinction de race, de sexe, de nationalité ou d´appartenance politique ou religieuse. Médicos del Mundo est présent au Sénégal depuis 2003 et dispose de bureaux à Dakar et à Kedougou où sont développés des projets dans le secteur de la santé. Depuis lors, Médicos del Mundo est intervenu dans les régions de Dakar, Sédhiou, Kédougou, Matam, Saint Louis, Louga et Kolda dans le département de Vélingara.Couverture géographique de l’interventionLe poste est basé à Kedougou, avec des déplacements réguliers dans les zones d’intervention des projets et des programmes.Description du posteSous l’autorité du Coordinateur.trice Pays et en lien avec l’Administration Pays, le/la Coordinateur.trice de Base a pour mission principale d’assurer le bon fonctionnement de la base de Kédougou et l’implémentation des projets. Il/Elle sera responsable de la coordination des équipes et des biens de Médicos del Mundo, tout en représentant l’organisation dans la Région de Kédougou.ResponsabilitésCoordination et orientation stratégique dans le domaine d’interventionSuivre et analyser le contexte humanitaire, politique, culturel, social et économique.Proposer et développer une stratégie opérationnelle en accord avec les politiques de l’association, la stratégie du pays et les besoins de la population.Contribuer activement à la recherche de nouvelles possibilités de financement.Assurer un dialogue permanent avec les autorités nationales et les donateurs potentiels.Participer activement aux plateformes régionales, aux réunions de groupe et aux espaces réservés aux principales parties prenantes.Proposer de nouvelles orientations opérationnelles en fonction de l’évolution du contexte.Participer activement à la définition d’une stratégie programmatique dans le cadre de la stratégie nationale.Suivre le monitoring (indicateurs), et la capitalisation des Districtes Sanitaires de la région de Kedougou.Contribuer activement à la recherche de nouvelles possibilités de financement.Diriger l’identification, la formulation et la rédaction de nouvelles propositions conformément aux normes du ministère des finances et aux exigences des bailleurs de fonds potentiels.Programmation et mise en œuvreAssurer la planification stratégique et opérationnelle des projets en lien avec les cadres de l’équipe de Médicos del Mundo.Assurer la bonne implémentation des projets, le suivi des indicateurs et la mise en place des outils de collecte de données.Assurer les rapports techniques et financiers des projets.Elaboration des rapports et autres requis de la coordination pays et bailleurs.Impliquer l’équipe ou les partenaires directs dans l’élaboration des nouveaux projets, le suivi et les rapports des activités des projets.Communication et représentationGarantir une communication fluide et régulière avec les autorités locales, les partenaires des projets et PTF ainsi que les autres institutions d’intérêt pour Médicos del Mundo.Représenter Médicos del Mundo auprès des acteurs de la zone (autorités, partenaires, communautés)Organiser des réunions de suivi et de planification des activités avec les partenaires et autres groups de cooperation.Garantir le respect des échéances contractuelles et la qualité des rapports soumis aux bailleurs.Respecter les positionnements et politiques de MdM dans les actions de communication.Garantir la mise en œuvre de la documentation avec l’identité corporative de MdM en respectant leurs formats.Gestions financièresGarantir le respect des règles et des procédures administratives de Médicos del Mundo ainsi que des réglementations nationales applicables.Veiller à l’élaboration et à la transmission des budgets annuels, des propositions et des budgets à destination des bailleurs ainsi que des suivis budgétaires, en lien avec l’administration et la coordination pays.Assurer le suivi comptable et budgétaire de la base (demande mensuelled’approvisionnement, remontée de la comptabilité, respect des circuits de validation, etc.)Gestions de ressources humaines et de fonctionnementAssurer des réunions de coordination de l’équipe de Kédougou.Animer, organiser, superviser et évaluer les équipes du site.Veiller à maintenir une ambiance de travail positive et conviviale.Superviser le bon fonctionnement de la base de Médicos del Mundo à Kédougou.Garantir l’application des protocoles, normes de sécurité et procédures de Médicos del MundoAssurer la mise en place du règlement intérieur et veiller scrupuleusement à son respect.Garantir la bonne utilisation et l’entretien des biens et outils de Médicos del Mundo en lien avec la logistique et l’administration basée à Dakar (infrastructures, moyens de transport, équipements, etc.)Profil requisCondition requise :diplôme universitaire, de préférence en sciences de la santé ou dans d’autres disciplines sociales et/ou dans le domaine de la coopération internationale. Solide connaissance de la gestion du cycle de projet (cadre logique/gestion axée sur les résultats/théorie du changement), de la santé publique et des approches transversales.Souhaitable :formation en santé publique, santé communautaire et/ou santé sexuelle et reproductive, mobilité humaine, violence fondée sur le genre.Français (wolof/pular et autres langues nationales appréciées).Compétences en matière de bureautique et d’internet.Capacité d’adaptation aux besoins et contextes en évolution.Rigueur et autonomie dans le travailIdentification aux lignes de travail, valeurs et mission de Médicos del Mundo.ExpérienceAu moins cinq ans d’expérience dans la mise en œuvre de projets humanitaires/de développement, souhaitable dans le domaine de la santé.Expérience préalable en représentation institutionnelle.Expérience dans la coordination des projets d’aide humanitaire ou coopération au développement.Expérience en coordination d´équipesConditions d’emploiType de contrat : CDD de droit sénégalaisDurée du contrat : 12 mois renouvelables à la fin de l’annéePériode d’essai : 3 moisDate de prise de poste : Le plus tôt possibleLieu de travail : Région de KédougouLa rémunération est conforme au tableau des salaires pour le profil de coordinateur de base de Médicos del Mundo Espagne au Sénégal.CandidatureLe dossier de candidature doit comprendre.Une lettre de motivation adressée à la Coordination PaysUn Curriculum Vitae clair et compréhensible incluant le contact de deux personnes de références.Date limite de dépôt des candidatures le 30 avril 2026 y compris, par mail, avec la mention COORD. BASE Kedougou, à l’adresse:coordinacion.senegal@medicosdelmundo.org",https://www.emploidakar.com/offre-demploi/medecins-du-monde-espagne-kedougou-senegal-cdd-coordinateur-trice-de-base/
Responsable pédagogique,Institut français du Sénégal (IFS),"Saint-Louis, Sénégal",CDD,2026-04-14,N/A,"L’Institut français du Sénégal (IFS) recherche un(e) Responsable pédagogique pour son antenne du Centre de langues de Saint-Louis.Votre mission :Piloter les cours de langue (FLE, FOS, Alphabétisation), encadrer l’équipe enseignante, gérer les certifications DELF/DALF et contribuer au développement des publics et partenariats dans la région.Profil recherché :Bac+4/5 en FLEExpérience en ingénierie pédagogique et management d’équipeMaîtrise des outils numériques et des TICEHabilitation DELF/DALF appréciéeRigueur, autonomie et sens du service publicConditionsContrat : CDD 2 ansPrise de poste : 1er juin 2026Lieu : Antenne EAF – Saint-Louis, Sénégal",https://www.emploidakar.com/offre-demploi/institut-francais-du-senegal-ifs-saint-louis-senegal-cdd-responsable-pedagogique/
Carbon Finance Intern,Global Green Growth Institute (GGGI),"Dakar, Sénégal",Stage,2026-04-14,N/A,"The Global Green Growth Institute (GGGI) is a treaty-based international, inter-governmental organization dedicated to supporting and promoting strong, inclusive and sustainable economic growth in developing countries and emerging economies. To learn more please visit about GGGI web page.The Global Green Growth Institute (GGGI) internship program provides a unique learning opportunity for students and recent graduates from diverse academic backgrounds. The program is designed for talented and motivated individuals skilled in areas relevant to GGGI’s operations. The program allows selected candidates to gain insight into the work of the Institute and provides assistance and training in various professional fields in a multicultural environment. We encourage qualified young professionals with diverse academic and cultural backgrounds to apply.BackgroundThe GGGI supports developing countries in achieving inclusive green growth, including through the design and implementation of climate mitigation policies aligned with the Paris Agreement.Under Article 6 of the Paris Agreement, cooperative approaches and market-based mechanisms create opportunities to mobilize climate finance while ensuring environmental integrity, transparency, and sustainable development benefits. GGGI actively supports, promotes, and operationalizes best practices under Article 6 and contributes to the development of an equal and fair playing field in international carbon markets.GGGI serves as trustee of the Norwegian-assisted Climate Action (NACA) Fund on behalf of the Norwegian Ministry of Climate and Environment (NMCE). The NACA Fund aims to support the development of mitigation activities and to purchase Internationally Transferred Mitigation Outcomes (ITMOs) generated from such activities, in line with Article 6 of the Paris Agreement.Current OpportunityGGGI Senegal is seeking a motivated intern to support analytical, coordination, and knowledge-management work related to Article 6 implementation, carbon market instruments, and NACA Fund–supported activities.Under the supervision of the NACA Fund Program Lead for Senegal and in close coordination with the GGGI Senegal and HQ teams, the intern will support activities including, but not limited to:Supporting coordination with internal and external stakeholders, including meeting scheduling, agenda preparation, minute taking, and follow-up actions;Assisting with document management, version control, and archiving of technical and programmatic materials;Contributing to communication and promotional materials for NACA Fund–related activities in Senegal and partner countries;Supporting analytical and desk-based research on Article 6 of the Paris Agreement, including cooperative approaches, ITMOs, and the Article 6.4 mechanism;Supporting development of knowledge products, briefing notes, presentations, and summaries related to international carbon markets, Article 6 rules, and emerging PACM requirements;Monitoring and summarizing relevant updates from the UNFCCC, Gold Standard, and other carbon market institutions;The intern will work in a diverse, international, and professional environment and will benefit from mentorship, exposure to real-world carbon market operations, and day-to-day collaboration with GGGI technical teams.EligibilityApplicants to the GGGI Internship Program must meet one of the following criteria:Be enrolled in the final year of a Bachelor’s degree, or in a Master’s or PhD program, prior to internship commencement; or be a recent graduate (within the last 12 months) in a field relevant to GGGI’s work.Academic background or strong interest in climate change mitigation, carbon markets, environmental policy, economics, or sustainable development;Demonstrated enthusiasm for developing practical and long-lasting solutions to climate change challenges.Excellent command of English (working proficiency required).QualificationEducational background in sustainability, environmental economics, environmental engineering, public policy, climate finance, or environmental law;Solid understanding of the global climate regime, including the Paris Agreement and emerging Article 6 rules;Interest or prior exposure (academic or professional) to carbon markets, mitigation activities, or crediting mechanisms;Ability to understand complex technical concepts and translate them into clear and accessible written materials;Strong research, analytical, and organizational skills;Initiative, creativity, and a proactive attitude towards problem-solving and knowledge sharing;Strong written and verbal communication skills in English and French (native level);Ability to work effectively in multicultural and multidisciplinary teams.Selection ProcessGGGI evaluates applications based on eligibility requirements, relevance of academic study and work experience (if any); and the level of interest and motivation to contribute to development work.Due to the high volume of applications, only shortlisted candidates will be contacted.Applications submitted after the deadline will not be considered.Deadline: 27/04/2026",https://www.emploidakar.com/offre-demploi/global-green-growth-institute-gggi-dakar-senegal-stage-carbon-finance-intern/
Directeur Administratif et Financier,ONG RAES,"Dakar, Sénégal",CDD,2026-04-14,N/A,"Présentation du RAESCréée en 2004, RAES est une ONG sénégalaise créatrice de stratégies innovantes pour le changement de comportement en Afrique et qui agit comme un hub de mise en relation des partenaires et programmes internationaux, les médias et les sociétés civiles locales. L’ONG RAES forme, appuie et accompagne les acteurs locaux et les communautés à avoir accès à l’information et à mettre des solutions adaptées à leurs problèmes.Vision du RAESAvoir des communautés qui s’informent, se mobilisent et agissent sur leur avenir, individuellement et collectivement.Mission du RAESPromouvoir le changement social et un environnement propice à une prise de décision individuelle et collective éclairée, fondée sur une information libre, appropriée et complète.Mission et champs de responsabilité du posteLa personne titulaire du poste a pour principal mission d’élaborer des stratégies alignées sur la vision et les objectifs de l’organisations, afin d’assurer une bonne gestion administrative et financière de l’ONG. La personne recrutée devra effectuer la préparation des budgets, le suivi de la trésorerie et des indicateurs clés de performance, tout en respectant les exigences des bailleurs. Elle devra également structurer et piloter toute l’équipe administrative, achat et comptable en coordination le directeur exécutif adjoint.Fonction et TâchesAssister la Direction exécutive dans l’organisation, la coordination et le suivi des activités stratégiques et opérationnelles, afin de garantir la fluidité des processus décisionnels, la qualité des échanges internes et externes, et le respect des priorités et des échéances.Responsabilités et activités principalesA. Définir et piloter la stratégie financière de l’organisationÉlaborer et mettre en œuvre la stratégie financière et budgétaire de l’ONGAssurer la gestion administrative globale liée au fonctionnement de l’organisation et de ses projetsPiloter le déploiement et l’installation du logiciel comptable de l’organisation (Odoo)Actualiser les politiques, manuels et procédures administratives, comptables et financièresSuperviser la gestion de la trésorerie afin d’assurer une liquidité optimaleSuivre les indicateurs financiers clés et analyser les tendances budgétairesInformer régulièrement la Direction exécutive de la situation financière et des perspectives d’investissementVeiller à la conformité juridique, fiscale et réglementaire de l’ensemble des opérations financièresAccompagner les négociations financières avec les partenaires institutionnels (bailleurs, banques, auditeurs, autorités publiques)B. Superviser la gestion comptable et financièrePréparer et suivre le plan de trésorerie annuelSuperviser les opérations comptables afin de garantir la fiabilité et la conformité des transactionsMettre en place des tableaux de bord financiers permettant un suivi clair et régulier des performances financièresPrésenter les états financiers mensuels, trimestriels et annuels au Comité de direction et au Conseil d’administrationAssurer le reporting financier auprès de la Direction exécutive et de la Trésorière du BureauContribuer à la production des états financiers annuels avec le cabinet comptableOrganiser et superviser les missions d’audit interne et externeC. Superviser la gestion financière des subventions et projetsAssurer la supervision financière des projets financés par les bailleursVeiller au respect des règles et procédures financières des partenaires financiers (AFD, fondations internationales, coopérations bilatérales, etc.)Superviser la préparation des rapports financiers destinés aux bailleursAssurer la conformité des dépenses avec les budgets approuvés et les accords de financementD. Structurer l’architecture financière de l’écosystème RAESContribuer à la structuration financière de l’écosystème RAES incluant l’ONG, OASIS et RAES Prod 2.0Définir les mécanismes financiers et contractuels entre les différentes entitésMettre en place des systèmes de gestion des coûts partagés et de refacturation interneVeiller à la conformité fiscale et juridique des relations entre les différentes structuresAccompagner la Direction exécutive dans le développement d’un modèle économique hybride combinant subventions, prestations, co-productions et formationsE. Renforcer les systèmes de gestion des risques et de conformitéMettre en place un dispositif de gestion des risques financiers et opérationnelsDévelopper et renforcer les systèmes de contrôle interneIdentifier les risques liés aux opérations multi-pays et aux financements multi-bailleursAssurer la conformité avec les standards internationaux de gestion financière des ONGF. Coordonner la gestion administrative et logistiqueSuperviser les fonctions administratives nécessaires au bon fonctionnement de l’organisationVeiller à la gestion des locaux, équipements et infrastructures de l’organisationIdentifier les améliorations nécessaires dans les processus administratifs et logistiquesSuperviser la gestion des achats, contrats fournisseurs et prestations de servicesAssurer le respect des obligations administratives et réglementairesG. Gérer l’équipe du pôle administratif et financierStructurer et organiser l’équipe administrative, comptable, achats et logistiqueManager une équipe d’environ 10 personnesAssurer le suivi des performances et objectifs de l’équipeIdentifier les besoins de renforcement de capacitésFavoriser une collaboration efficace avec les autres directions de l’organisationPrincipales relations organisationnellesResponsable hiérarchique : Directrice exécutiveRelations fonctionnelles internes : RAF, Directeur de projetRelations fonctionnelles externes : bailleurs de fonds, partenaires financiers dans nos pays d’intervention, partenaires de terrain, cabinet d’expertise comptable, juridique, fiscal et les cabinets d’auditConditionsDurée : 1 an renouvelableConditions et avantages : budget à définir, Assurance maladie 100%Poste basé à DakarProfilConnaissance et expérienceMaster ou bac+5 en finances, comptabilité ou dans un domaine équivalent10 ans minimum d’expérience professionnelle avérée en tant que Directeur administratif et financier au sein d’une ONGConnaissance des règles et des procédures des bailleurs de fonds (Agence Française de développement, fondation américaines, Coopération LuxembourgeoiseCompétences techniquesExcellente maîtrise des logiciels de comptabilitéSolides connaissances dans l’analyse des données, la gestion des risques et les méthodes de prévisionExcellente maîtrise de Microsoft ExcelAptitudesCapacités analytiquesCapacité à expliquer les termes financiers dans un langage simpleBonnes connaissances sur la manière dont les organisations à but non lucratif sont structuréesBonne connaissance de la gestion des ressources humaines, et du développement de la culture d’entrepriseRespect des délaisAnticipation et organisation du travailRigueur et intégritéProfessionnalismeBonne capacité d’analyse des situationsBonne capacité à travailler dans un environnement multiculturelBonne capacité managérialeBonne maîtrise du français et de l’anglaisSoumission de candidatureLes candidats intéressés sont invités à soumettre :CvUne lettre de motivationLes dossiers de candidatures sont à envoyer à l’adresse suivante :recrutement@ongraes.orgDeadline : 27 Avril 2026Les candidatures féminines sont fortement encouragées. Seuls les candidat·es retenu·es seront contacté·es.Passé un délai de 30 jours après la date de clôture des candidatures, veuillez considérer que votre candidature n’a pas été retenue.“L’ONG RAES lutte contre toute forme d’exploitation, d’abus et de harcèlement sexuel ainsi que la maltraitance des enfants et des personnes vulnérables et accorde une importance capitale à l’égalité des chances”",https://www.emploidakar.com/offre-demploi/ong-raes-dakar-senegal-cdd-directeur-administratif-et-financier/
Auditeur Interne,GPF,"Dakar, Sénégal",CDI,2026-04-14,N/A,"GPF recrute un Auditeur Interne H/F pour un de ses clients du secteur industriel basé à Dakar.MissionsRattaché(e) à la Direction, vous intervenez dans l’analyse, le contrôle et l’optimisation des processus internes de l’entreprise.À ce titre, vos principales responsabilités seront de :1. Réalisation des auditsÉvaluer l’efficacité des dispositifs de contrôle interneAnalyser les processus, systèmes, données et documentsConduire des entretiens et observations sur le terrainIdentifier les écarts, anomalies et axes d’améliorationVérifier la conformité aux normes, procédures et réglementationsRédiger des rapports d’audit clairs et structurés2. Analyse et recommandationsProposer des actions correctives concrètes et prioriséesFormuler des recommandations opérationnelles et applicablesPrésenter les conclusions aux parties prenantesAssurer le suivi de la mise en oeuvre des plans d’actionsContribuer à l’amélioration continue des processus3. Compliance et sûretéAssurer le déploiement des politiques Compliance, Éthique et Sûreté/CybersécuritéVeiller à leur bonne application au sein des équipesAccompagner les opérationnels dans la gestion des risquesProfilFormationBac+5 (École de Commerce, Master Audit / Finance)ExpérienceMinimum 3 ans en cabinet d’audit ou en audit interneCompétences techniquesMaîtrise des méthodes et outils d’auditBonne culture comptable et financièreCapacité d’analyse de donnéesAisance avec les outils informatiques (Excel, ERP, bases de données, Power BI)Connaissance des normes (ISO, réglementations, procédures internes)Élaboration et suivi de plans d’auditQualités personnellesRigueur, méthode et sens de l’analyseEsprit critique et capacité de synthèseAisance relationnelle avec des interlocuteurs variésCapacité à convaincre et à porter des recommandationsSens de l’éthique, discrétion et professionnalisme",https://www.emploidakar.com/offre-demploi/gpf-dakar-senegal-cdi-auditeur-interne/
Livraison/ Vente moto,Jamesbiker,"Jet d'eau, Dakar",Prestation de Services,2026-04-14,N/A,"Moto mise à votre disposition. Vous travaillez et versez 2500fr /par jour sauf Dimanche.Nous vendons aussi des motos d’occasion, déjà immatriculées. Pour plus d’info, contactez nous au 76 662 47 80.",https://www.emploidakar.com/offre-demploi/jamesbiker-jet-deau-prestation-de-services-livraison-vente-moto/
Ingénieur Chef de Projet des travaux lots Techniques,Topwork,"Dakar, Sénégal",CDD,2026-04-14,N/A,"ResponsabilitésExaminez les exigences contractuelles et définissez les critères d’interface et d’acceptation pour toutes les œuvres MEP.Coordonnez tous les travaux mécaniques, électriques, de plomberie, de drainage et de relevage en accord avec les activités civiles et structurelles.Inspecter les travaux en cours du MEP et surveiller les activités de test et de mise en service afin d’assurer la conformité aux exigences approuvées.Faites régulièrement rapport au chef de projet et au responsable de la construction des progrès, des problèmes, des changements, des risques et des activités quotidiennes sur le chantier.Profil requisLicence (BSc) en génie mécanique ou génie électrique.Minimum 15 ans d’expérience en coordination MEP dans des projets de construction à grande échelle.Bonne compréhension des processus de test, de mise en service et de transfert MEPVeuillez envoyer votre CV à l’adressecv@topwork.sn",https://www.emploidakar.com/offre-demploi/topwork-dakar-senegal-cdd-cdi-ingenieur-chef-de-projet-des-travaux-lots-techniques/
Project Controller,GPF,"Dakar, Sénégal",CDD,2026-04-14,N/A,"Nous Recrutons un Project Controller pour un de nos clients évoluant dans le secteur de l’Oïl & Gaz et de l’ingénierie.MissionAssurer le suivi financier et opérationnel du projet en garantissant le respect des coûts, des délais et des engagements contractuels. Le poste joue un rôle clé dans le pilotage de la performance projet et l’optimisation des ressources.Responsabilités principalesSuivre les coûts du projet et analyser les écartsÉlaborer et suivre les budgets et prévisionsMettre en place et suivre les indicateurs de performance (KPI)Assurer le reporting financier régulierSuivre l’avancement physique vs financier du projetParticiper à la gestion des risques financiersContrôler les engagements contractuels et les dépensesCollaborer avec les équipes projet, finance et contract managementContribuer à l’optimisation des coûts et à la rentabilité du projetProfilBac +5 en finance, gestion, ingénierie ou équivalentExpérience en contrôle de projet / contrôle de gestion (idéalement Oil & Gas / BTP)Expérience en environnement international souhaitéeAnglais courant requis",https://www.emploidakar.com/offre-demploi/gpf-dakar-senegal-cdd-project-controller/
Commerciaux,KSD Consulting,"Dakar, Sénégal",Prestation de Services,2026-04-14,N/A,"Nous recrutons pour une société de la place évoluant dans les finances des Commerciaux Terrain.Dans le cadre du développement de notre réseau, nous recrutons des agents commerciaux terrains motivés pour développer notre communauté dans plusieurs quartiers de Dakar et sa banlieue.Mission :Présenter l’activité dans votre quartierInscrire de nouveaux membresSuivre votre communauté de clientsObjectifs recruter 5 clients minimum par jourNous recherchons des candidats dans les Zones suivantes :Parcelles, Guédiawaye, Pikine, Grand Yoff, Yoff, Ouakam, Keur Massar, Rufisque, Keur Mbaye Fall.ConditionsBonus pour les meilleurs commerciaux à la fin de chaque mois selon performanceSalaire net 100.000 à 150.000 par mois selon vos performances.Prime par jour 5000fr en raison de 1000fr par recrue + salaireUn smartphone sera mis à votre disposition + la connexionProfil recherché :Habiter dans la zone où vous allez travaillerÊtre dynamique motivé et avoir le contact facileSavoir lire et écrireSi vous êtes sérieux, motivé et que vous aimez le terrain, rejoignez une équipe en pleine croissance.pour rejoindre l’équipe Envoyez votre CV avec photo en précisant votre quartier et numéro de téléphone au :ksd.consulting.sn@gmail.com",https://www.emploidakar.com/offre-demploi/ksd-consulting-dakar-prestation-de-services-recrute-commerciaux/
Human Resources & Administration Assistant,KOICAPeople Peace Prosperity Planet Partnership,"Route de Ouakam, Dakar",CDD,2026-04-13,N/A,"Job AnnouncementKorea International Cooperation Agency (KOICA) is the primary Official Development Assistance (ODA) agency of the Government of the Republic of Korea. Since its founding in 1991, KOICA’s mission is to, through the implementation of bilateral grant aid programs, work towards sustainable socio-economic development in partner developing countries, leading to the eradication of poverty and the betterment of people’s lives.We are currently looking for Senegal nationals for the Human Resources & Administration Assistant to join the dynamic KOICA office team. Interested candidates can send their application to the following email address:recrutementkoica.sn@gmail.comno later than May 8, 2026 at 17:00 and must include the following documents written in English (Failing that, the file will not be examined): (i) a detailed and updated CV of 2 pages maximum (ii) a cover letter (iii) copies of work certificates.I. Basic InformationNo. of Vacancy: One(1)Job Location: Ouakam, DakarJob Function: HR / Administration / OperationsPosition Title: Human Resources & Administration Assistant – * Depending on the candidate’s experience, the position may be offered at the Officer levelEmployment Type: Fixed-term Contract (CDD)Contract Duration: 1 year (renewable upon evaluation)Probation Period: 1 monthII. Recruitment ScheduleApplication Deadline: May 8, 2026, 17:00Written Examination: May 18, 2026Interview: May 21, 2026Expected Start Date: June 1, 2026III. Job Description1. HR SupportPreparation of payroll statements and management of payroll-related dataHandling of income tax and social insurance reporting, and management of related legal complianceSupport for recruitment processes, including job postings, interviews, and onboardingSupport for employee welfare and benefits programsHandling HR-related administrative tasks, including responses to labor issues and insurance mattersExecution of year-end tax settlement for employees2. Administrative SupportPerform general office administrative tasks and support internal operationsDrafting, managing, classifying, and archiving official and administrative documentsSupport for meeting and event arrangements, including booking venues and vehiclesPurchasing office supplies and necessary materials, and managing vendors3. Accounting SupportSupport overall office financial operations and coordinate with banks and related institutionsPrepare official documents related to fund management and support financial transactions4. Asset & Facility Management SupportSupport office lease agreements and facility operation/managementManage office vehicles, fuel expenses, and related recordsHandle administrative tasks related to vehicle maintenance and inspections, and coordinate with relevant organizationsRespond to and report on office and vehicle-related incidents5. MiscellaneousPerform other duties assigned by supervisorsProvide backup support for other departments during employee absencesIV. Qualifications1.  RequirementsMinimum of University Degree level (Administrative or HR Certificate /Diploma or related)At least 5 years of relevant work experienceExperience with IPRES, CSS, and CPR calculationsExcellent knowledge of written and spoken English, French2.  Preferred QualificationsGood communication and reporting skills.Experience working with the Government of Senegal, international NGOs, or other agenciesAbility to handle multiple tasks simultaneouslyA proactive and problem-solving mindset is essentialComputer literacy (Word, Excel, PowerPoint) in both English and French.V. Remarks1 year fixed-term contract renewable after evaluationOnly shortlisted candidates will be contacted for further proceduresApplications received after the deadline will not be consideredKOICA Senegal Office reserves all rights for the recruitmentSalary and benefits will be in accordance with KOICA Senegal Office policiesFailure to issue supporting documents like diplomas, professional experiences and information on the CV, before signing the contract, will result in the cancellation of the applicationApplicants should submit their applications directly to KOICA via email (recrutementkoica.sn@gmail.com) with the subject line as follows:– [HR/Admin]_your nameTo learn more about our activities, visit our website– http://www.koica.go.kr– Facebook: https://www.facebook.com/senegal.koica",https://www.emploidakar.com/offre-demploi/koica-route-de-ouakam-immeuble-atrym-center-2eme-etage-dakar-senegal-cdd-human-resources-administration-assistant/
Opérateur Turbine,Dangote Cement Senegal,"Pout, Sénégal",CDI,2026-04-13,N/A,"Description du PosteEst responsable des opérations et de la maintenance de la Centrale ElectriqueConduit les opérations et s’assurent qu’elles sont menées dans les règlesActivités et Responsabilités clésRégler les commandes pour produire la puissance électrique spécifiée ou pour réguler le flux d’énergie entre les centrales et les sous-stations.Contrôler la production du générateur afin d’assurer la concordance de la phase, de la fréquence et de la tension de l’électricité fournie aux panneaux.Surveiller et inspecter les équipements et indicateurs de la centrale afin de détecter des signes de dysfonctionnement.Faire fonctionner ou contrôler les équipements de production d’énergie, notamment les chaudières, turbines, générateurs et réacteurs, à l’aide de tableaux de contrôle ou d’équipements semi-automatiques.Mettre en service les générateurs électriques de secours en cas d’urgence et surveiller la température, la production et la lubrification du système.Réguler le fonctionnement et les conditions des équipements, tels que les niveaux d’eau, en se basant sur les données provenant des instruments d’enregistrement et d’indication ou des ordinateurs.Démarrer ou arrêter les générateurs, les équipements de pompage auxiliaires, les turbines et autres équipements de la centrale, et connecter ou déconnecter les équipements des circuits.La séquence de démarrage de la turbine doit être suivie conformément à la procédure opérationnelle standard (SOP).Aider au dépannage et à l’inspection des automates programmables, des systèmes de contrôle de la centrale et des systèmes de contrôle distribués, y compris le remplacement des cartes de contrôle et les terminaisons de câblage.Maintenir la propreté de toutes les zones de la centrale et de la salle de contrôle.Effectuer toute autre tâche qui pourrait être assignée par l’ingénieur de la salle de contrôle, selon les besoins.Qualifications et Expérience ProfessionnelleUn diplôme de licence ou l’équivalent en génie mécanique ou dans une discipline connexe.Un minimum de cinq (5) ans d’expérience pertinente dans le domaine des centrales électriquesAptitudes et compétencesExcellentes aptitudes analytiques et de résolution de problèmesExcellentes compétences en communication orale et écriteMaîtrise des outils Microsoft Office.Compétences HSE liées au posteSavoir utiliser les moyens de lutte contre l’incendie ;Connaître les pictogrammes de danger ;Savoir dispenser les gestes de premiers secours ;Connaître les risques SST liés à ses activités ainsi que les dispositions de maîtrise ;Connaître les aspects et impacts environnementaux liés à ses activités ainsi que les dispositions de maîtrise ;Connaître les bons gestes et postures liés à la manutention de charges ;Connaître les dispositions relatives à la gestion des déchets.",https://www.emploidakar.com/offre-demploi/dangote-cement-senegal-pout-senegal-cdi-operateur-turbine/
Chef de section électrotechnique,Africa Global Logistics,"Dakar, Sénégal",CDI,2026-04-13,N/A,"Le Chef de section électrotechnique est chargé de gérer et coordonner les activités de maintenance du parc qui lui est rattaché. Il dirige les équipes placées sous sa responsabilité, en accord avec son n+1. Il veille au respect des règles et procédures en matière d’hygiène, de sécurité et de conditions de travail en vigueur.Il a également pour obligation de participer activement à la démarche Qualité, Hygiène, Sécurité et Environnement (QHSE) du Groupe, et de se conformer aux règles et procédures en vigueur dans l’exécution des tâches, notamment une application stricte des dispositions du code de bonne conduite. Ledit code étant transmis à chaque salarié.ResponsabilitésPérimètre des responsabilités : parc des groupes électrogènes, silos et outillage vrac (trémies, sauterelles, convoyeurs, ensacheuses), équipements froid et climatisation, équipements de production d’énergie photovoltaïque, travaux d’ordre électrique sur l’ensemble du parc ;Organiser les opérations de maintenance préventive et curative du périmètre,Distribuer et superviser les tâches correspondantes ;Faire le reporting des opérations effectuées et en rendre compte à son n+1 ;Veiller au maintien et à l’amélioration de la compétence technique de ses équipes, par l’évaluation et la formation ;Proposer des solutions techniques d’amélioration des équipements et installations ;Participer à la définition technique des nouvelles installations (Investissements) ;Exécuter toute tâche connexe à la demande de son supérieur hiérarchique.ProfilÊtre titulaire d’un diplôme de niveau Bac +2 en maintenance ou domaine équivalent ou justifier d’une expérience professionnelle significative dans le domaine ;Avoir une expérience en management d’équipes ;Être ordonné, rigoureux, réactif et capable de travailler sous pression.",https://www.emploidakar.com/offre-demploi/africa-global-logistics-dakar-senegal-cdi-chef-de-section-electrotechnique/
Magasinier,Africa Global Logistics,"Dakar, Sénégal",CDI,2026-04-13,N/A,"Le magasinier s’occupe de la gestion des hangars et à ce titre organise la réception, le stockage et la livraison de la cargaison.Il a également pour obligation de participer activement à la démarche Qualité, Hygiène, Sécurité et Environnement (QHSE) du Groupe, et de se conformer aux règles et procédures en vigueur dans l’exécution des tâches, notamment une application stricte des dispositions du code de bonne conduite. Ledit code étant transmis à chaque salarié.ResponsabilitésLe magasinier s’occupe de la marchandise qui entre et sort du magasin et assure une gestion optimisée du magasin ;Il reçoit des camions et vérifie que les biens qui entrent correspondent à la documentation de transport qui les accompagne ;Il inspecte la marchandise afin de s’assurer qu’elle est intègre et établit des réserves au besoin ;Le magasinier signe les bordereaux et les dossiers administratifs correspondants ;Il veille à ce que toute la marchandise soit bien stockée dans le respect des règles et procédures applicables, coordonne les réceptions ainsi que les enlèvements ;Le magasinier doit là encore s’assurer que la marchandise soit conforme avec la documentation présentée ;Il signe les b/l de réception et de livraison ;Il effectue toute tâche connexe à la demande de la hiérarchie.ProfilBac + 2 ou validation des acquis en Transport Logistique ou équivalent ;Bonne maîtrise de Microsoft Office ;Bon usage des moyens de communication ;Organisé ;Leader naturel ;Capacité de prise d’initiative ;Orienté solution ;Capacité de piloter une équipe vers la réalisation d’un objectif commun ;Procédures Opérationnelles Standards ;",https://www.emploidakar.com/offre-demploi/africa-global-logistics-dakar-senegal-cdi-magasinier/
Comptable Général,Africa Global Logistics,"Dakar, Sénégal",CDI,2026-04-13,N/A,"L’Agent Comptable Général est chargé d’exécuter les tâches liées à la section en fonction de la liste des opérations décrite par son manager.Il a également pour obligation de participer activement à la démarche Qualité, Hygiène, Sécurité et Environnement (QHSE) du Groupe, et de se conformer aux règles et procédures en vigueur dans l’exécution des tâches, notamment une application stricte des dispositions du code de bonne conduite. Ledit code étant transmis à chaque salarié.ResponsabilitésAnalyses des comptes ;Rapprochements bancaires ;Déclarations fiscales mensuelles (TVA ; Retenues sur Salaire ; IRPP ; BNC ; IPRESS ; CSS)Facturations administratives ;Régularisations et apurements par opérations diverses ;Reporting groupe (Consolidation) ;Saisies opérations diverses ;Participation à la clôture mensuelle ;Effectuer toute tâche connexe à la demande de son supérieur hiérarchique.ProfilÊtre de niveau Bac + 3 minimum (BTS, DUT, Diplôme de Comptabilité et de Gestion -DCG-, …) ou validation des acquis en comptabilité, fiscalité, finance ou tout diplôme équivalent en comptabilité ;Avoir la maitrise de l’outil informatique (bureautique, Echange de données informatiques,Ou validation des acquis en gestion ;Avoir la maîtrise d’une ou plusieurs langue(s) étrangère(s), en particulier l’anglais.Avoir une bonne connaissance de nos outils comptables et bureautiquesBonne communication avec les autres services ;Sens de l’organisation.",https://www.emploidakar.com/offre-demploi/africa-global-logistics-dakar-senegal-cdi-comptable-general/
Conducteur d’Engins,Africa Global Logistics,"Dakar, Sénégal",CDI,2026-04-13,N/A,"Le Conducteur d’Engins est chargé de manipuler et de déplacer des charges, ou des marchandises à l’aide d’engins spécifiques tels que des chariots élévateurs, des transpalettes, des grues…Il a également pour obligation de participer activement à la démarche Qualité, Hygiène, Sécurité et Environnement (QHSE) du Groupe, et de se conformer aux règles et procédures en vigueur dans l’exécution des tâches, notamment une application stricte des dispositions du code de bonne conduite. Ledit code étant transmis à chaque salarié.ResponsabilitésContrôler l’état de fonctionnement de l’engin ;Positionner l’engin en fonction des manœuvres ;Réaliser les opérations de levage et de déplacement des charges selon les indications des équipes au sol ;Sécuriser l’engin de manutention et les équipements ;Réaliser la maintenance de premier niveau des machines et équipements ;Il effectue toute tâche connexe à la demande de la hiérarchie.ProfilAvoir un niveau d’étude secondaire ;Être titulaire d’un permis de conduire toutes catégories ;Avoir un Certificat d’acuité visuelle ;Connaissance de la réglementation du transport de personnes ;Maitrise des règles de sécurité des produits Chargé ;Connaissance de l’environnement géographique ;Eléments de base en mécanique automobile.",https://www.emploidakar.com/offre-demploi/africa-global-logistics-dakar-senegal-cdi-conducteur-dengins/
Chef de Service SOCOFROID,Africa Global Logistics,"Dakar, Sénégal",CDI,2026-04-13,N/A,"Le chef de Service SOCOFROID est chargé de définir et superviser la gestion administrative (procédures, fonctionnement, affaires juridiques, …) et financière (trésorerie, contrôle de gestion, …) du service, selon les choix stratégiques adoptés par les instances dirigeantes et les réglementations (financières, fiscales et commerciales.En outre, il supervise toutes les activités de gestion de la facturation, administre les imputations et saisies, et coordonne les relations avec l’administration dans le cadre de la gestion des contentieux.Il a également pour missions de participer activement à la démarche Qualité, Hygiène, Sécurité et Environnement (QHSE) du Groupe, et de se conformer aux règles et procédures en vigueur dans l’exécution des tâches.ResponsabilitésDéfinir et mettre en place les procédures de gestion administrative et financière et les indicateurs nécessaires au suivi d’activité et au reporting à la direction ;Elaborer le budget prévisionnel des services, le présenter au supérieur hiérarchique et effectuer les ajustements le cas échéant ;Suivre l’évolution des résultats financiers et établir son plan de financement ;Superviser, contrôler la gestion de la trésorerie et émettre des recommandations sur l’allocation des ressources financières ;Superviser et coordonner l’action des services ;Assurer la gestion des litiges ;Faire le suivi des comptes clients ;Effectuer toute tache connexe à la demande de son supérieur hiérarchique.ProfilBac + 4 ou validation des acquis en transport logistique gestion ou en sciences juridiques ou équivalent ;Bon usage des moyens de communication ;Organisé ;Leader naturel ;Esprit d’équipe ;Capacité de prise d’initiative ;Orienté solution ;Curiosité technique ;Capacité de piloter une équipe vers la réalisation d’un objectif commun ;Fonctionnalités et rapports des outils métier (Qlikview, SPOT, Way,) ;Rapports financiers : P&L détaillé par unité COM (mensuel) ;Procédures Opérationnelles Standards ;Outils et documentation RH.",https://www.emploidakar.com/offre-demploi/africa-global-logistics-dakar-senegal-cdi-chef-de-service-socofroid/
Coordonnateur Levage,Africa Global Logistics,"Dakar, Sénégal",CDI,2026-04-13,N/A,"Le Coordonnateur Levage a pour mission de veiller au bon état des grues et à leur affectation. Il est également chargé de s’assurer de la compétence des grutiers et de la bonne réalisation des travaux sur les chantiers. Il rend compte à sa hiérarchie dans ce domaine.Il a également pour obligation de participer activement à la démarche Qualité, Hygiène, Sécurité et Environnement (QHSE) du Groupe, et de se conformer aux règles et procédures en vigueur dans l’exécution des tâches, notamment une application stricte des dispositions du code de bonne conduite. Ledit code étant transmis à chaque salarié.ResponsabilitésFormation sur les équipements de levage et manutention spécifiques (grues, chariots élévateurs, etc.) ;Sensibilisation aux normes de poids, d’équilibrage et de transport sécurisé ;Savoir faire des plans de levage, de chargement, de circulation ;Identification et mitigation des risques spécifiques aux colis lourds (rupture d’équipements, sécurité, délais) ;Formation à la résolution de problèmes et à la gestion des imprévus.Capacité à gérer des projets logistiques complexes et de garantir la satisfaction client ;Amélioration mesurable de la performance opérationnelle et de la sécurité ;Simulation schéma de levagePlan d’arrimage et d’élingage ;Savoir-faire un plan cinématique de l’opération.Recevoir les commandes de grues ;Procéder à la ventilation des missions en fonction des grues, du type de chantiers, de l’heured’embauche et de la nature des colis ;Effectuer la reconnaissance du lieu d’opération (stabilité du terrain, encombrement) et au choix du matériel approprié ;Assurer le suivi des réparations d’engins, et du planning de révision ;Assurer la formation continue des grutiers ;Confronter le pointage des bons d’utilisation des grues aux états de sorties de matériels ;Veiller à la compétence des grutiers et au respect des contraintes de temps (quarante heures par semaine) ;Effectuer toute tache connexe à la demande de son supérieur hiérarchiqueProfilÊtre titulaire d’un Bac+5 ou validation des acquis en Logistique & Manutention, complété par une expérience du domaine ;Avoir de l’expérience dans la conduite des équipes ;Maitrise des règles de sécurité des biens et des personnes ;Avoir une bonne acuité visuelle",https://www.emploidakar.com/offre-demploi/africa-global-logistics-dakar-senegal-cdi-coordonnateur-levage/
Responsable des Ressources Humaines,Canal+,"Dakar, Sénégal",CDI,2026-04-13,N/A,"Bienvenue chez CANAL+ ! Séries, films, documentaires, émissions, sports, …Ce qui nous tient à cœur c’est de créer les meilleurs contenus et une expérience immersive pour nos millions d’abonnés : émotions et sensations garanties ! Et si vous passiez derrière l’écran ? Vous trouverez forcément votre place parmi nos 17 000 passionnés dans le monde ! Pour être au courant de nos dernières actualités, n’hésitez pas à nous suivre sur LinkedIn et X !Les équipes International ? nos équipes internationales développent les activités du Groupe CANAL+ sur le continent africain depuis plus de 30 ans avec une présence dans plus de 20 pays permettant de passer la barre des 9 millions d’abonnésPlus précisément, vous rejoindrez notre Direction Ressources Humaines Afrique Francophone, composée d’une trentaine de personnes, en charge d’accompagner l’ensemble de nos équipes opérationnelles. Au sein de cette direction, vous évoluerez sur le poste de Responsable Ressources Humaines Sénégal en pilotant un assistant RH chargé de l’appui administratif et du suivi opérationnel des missions RH. Vous serez garant de la mise en place des orientations stratégiques RH du Groupe dans nos filiales au Sénégal.Votre rôle et vos missionsParticiper à la définition de la stratégie RHRecueillir auprès des différentes directions de l’entreprise leurs besoins et attentes en termes de problématiques RHProposer et faire valider la nature et l’échéancier des projets RH auprès de sa hiérarchie et de la direction.Effectuer une veille économique, juridique et sociale (suivi des stratégies RH des entreprises du secteur).Conseil, accompagnement des opérationnels et des managersConseiller et accompagner les managers sur les différentes problématiques RH (droit du travail, formation, recrutement, contrats de travail, intégration des nouveaux collaborateurs, entretiens d’évaluation, gestion de carrière/mobilité, rémunération, gestion des IRP, procédures disciplinaires ou de licenciement…).Définir et veiller à l’application par les opérationnels de l’ensemble des procédures RH.Mise en place et pilotage des projets et de la politique RHPiloter et suivre les projets RH dans le cadre de la stratégie définieParticiper à la préparation du budget RH (contrôle de la masse salariale, plan de développement des compétences…).Mettre en place les outils de suivi et de reporting RH (tableaux de bord).Piloter l’élaboration du bilan social (collecte des données, mise en place d’indicateurs, alimentation du bilan…), en assurer l’analyse et la diffusion.Animation et négociation avec les partenaires sociauxEntretenir et animer les relations avec les instances représentatives du personnel (DP, Inspection du travail etc.)Communiquer auprès des partenaires sociaux sur le déploiement des actions RH.Organiser les élections des instances représentatives du personnel.Veiller à la mise en place et assurer le suivi juridique des accords conclus.Administration du personnel et développement RHSuperviser l’administration de la paie et la gestion du personnel (paie, gestion des départs, déclarations sociales…).Élaborer les tableaux de bord sociaux permettant de suivre l’activité du personnel (absentéisme, rémunération, congés, formation, compte épargne-temps…).Organiser le recueil des besoins formation, définir les orientations, élaborer le plan de développement des compétences et superviser sa réalisation.Garantir l’application de la réglementation sociale et les obligations légales en matière de protection sociale et de santé (Code du travail, convention collective, accords collectifs, règlement intérieur).Et si on parlait de vous ?Vous êtes diplômé d’un Bac+4/5 engestion des ressources humaines, droit social ou sciences socialesVous avez minimum 5 ans d’expérience sur un poste de RH Généraliste. Vous avez déjà occupé des fonctions de Responsable Ressources Humaines ou similaireVous êtes polyvalent et avez des connaissances sur l’ensemble des disciplines RH (développement RH, paie, droit social)Vous savez faire preuve d’autonomie et de discrétionVous disposez d’un excellent relationnelVous savez faire preuve de rigueur et de réactivitéVous disposez d’un excellent relationnelVous savez faire preuve d’initiativesVous avez déjà travaillé avec un logiciel de paie",https://www.emploidakar.com/offre-demploi/canal-dakar-senegal-cdi-responsable-des-ressources-humaines/
Prestataire en communication digitale,Alliance Mondiale Contre le CancerONG lutte contre les cancers en Afrique sub-saharienne,Sénégal,Prestation de Services,2026-04-13,N/A,"Vous souhaitez mettre vos compétences en communication digitale au service d’une cause à fort impact ?Rejoignez une ONG engagée dans la lutte contre les cancers en Afrique sub-saharienne.À propos de nousL’Alliance Mondiale Contre le Cancer (cancer-amcc.org) est une ONG française qui agit dans les pays à ressources limitées pour améliorer le diagnostic, les soins et la recherche contre le cancer.Votre missionEn tant que Community Manager freelance, vous serez au cœur de notre visibilité digitale :Définir une ligne éditoriale claire et engageanteConcevoir et publier 2 à 4 contenus par mois (posts + visuels simples)Valoriser nos actions, partenariats et impacts sur le terrainSuivre les performances et proposer des améliorationsConditions100% remote (candidats basés en Afrique subsaharienne fortement encouragés)3 à 5 jours / mois (forfait mensuel)Durée : 6 mois renouvelablesDémarrage : 1er juin 2026Profil recherchéMinimum 2 ans d’expérience en community managementExcellentes capacités rédactionnelles (français / anglais, portugais apprécié)Maîtrise d’outils de création visuelle (ex : Canva)Sensibilité aux enjeux de santé globaleBonne connaissance du contexte africain (un vrai plus)Pourquoi nous rejoindre ?Contribuer concrètement à la lutte contre les cancers, notamment des enfantsCollaborer avec une équipe internationale engagéeMission flexible et à fort impactCandidature (avant le 10 mai 2026)Envoyez : CV, Références / réalisations, Proposition financière, Note de compréhension de la mission à :pierre.bey@curie.fr",https://www.emploidakar.com/offre-demploi/alliance-mondiale-contre-le-cancer-afrique-sub-saharienne-prestation-de-services-prestataire-en-communication-digitale/
"Principal Officer, Policy – GIABA",Deloitte,"Dakar, Sénégal",CDD,2026-04-13,N/A,"The Economic Community of West African States (ECOWAS) is a 12-member regional group mandated to promote economic integration, social cohesion, and political stability across West Africa. As a premier Intergovernmental Organization (IGO), ECOWAS operates through a robust institutional framework, led by the Commission and the Community Parliament, to harmonize policies, foster a « borderless » region, and uphold democratic governance for over 400 million citizens.Job DescriptionUnder the supervision of the Director, Policy and Research, the incumbent shall manage all issues related to Anti-Money Laundering and Countering the Financing of Terrorism (AML/CFT) policies – development, coordination, analysis, review and consultations with stakeholders. He/she shall support the ongoing policy work of the Financial Action Task Force and ensure that all adopted policies and frameworks are always made available to GIABA member States for possible adoption. He/she will act as the custodian of all AML/CFT policies on behalf of GIABA.  In addition, he/she shall act as the chief monitoring officer of emerging money laundering and terrorist financing (ML/TF) risks in GIABA member States and the ECOWAS region, providing member States with briefs and updates on emerging ML/TF risks on a continuous basis.ResponsibilitiesEstablish and maintain a robust ML/TF risk monitoring system for GIABA.Engage member States to collect relevant data, as required, to maintain an effective ML/TF risk monitoring system.Carry out policy analysis and review.Establish and maintain a network of Country Data Officers for the continuous operation of the ML/TF risk monitoring database.Continuously obtain, review and process relevant information and reports to feed into the risk monitoring database.Prepare and disseminate ML/TF risk advise, bulletins and reports on a regular basis.Engage member States and their institutions, Self-regulatory bodies and organisations and other stakeholders to dialogue on Risks, trends, and methods of ML/TF.Organize capacity building activities to support member States in the conduct of national risk assessment.Establish and maintain a Policy dialogue forum with the private sector.Participate and provide policy advice and risk analysis support in the conduct of mutual evaluations.Coordinate the preparation and submission of Annual Activity reports by member States.On an annual basis, provide a summary of AML/CFT activity report for each year to the GIABA Plenary in collaboration with member States.Conduct strategic reviews on Mutual Evaluations from time to time to highlight policy implications.Actively participate in the development of GIABA’s strategy document.Contribute to the development of the Directorate’s annual work plan.Perform any other task assigned by the supervisor.QualificationsMaster’s degree (or equivalent) in Economics, Public Policy, Political Science, Public Administration, or a similar field from a recognized University.10 years of progressively responsible experience in AML/CFT including 5 years of relevant international work experience and/or 5 years at a supervisory level.Knowledge of policies and mechanisms in the areas on AML/CFT within the ECOWAS system.Demonstrated knowledge and understanding of the relevant aspects of anti-money laundering (ML) and countering the financing of terrorism (CFT) and in the establishment of a risk monitoring system.Demonstrated knowledge and understanding of the coordination and conduct of national money laundering (ML) and terrorism financing (TF) risk assessment and development of an action plan to mitigate identified risks.Knowledge of terminological and reference research techniques with the ability to use all sources of reference and information and to conduct complex research in the area of ML/TF.Additional InformationGrade:P5Annual Salary :UA 57,772.51/ USD 91,153.46",https://www.emploidakar.com/offre-demploi/deloitte-dakar-senegal-cdd-cdi-principal-officer-policy-giaba/
Commercial(e) Terrain,7LOC,"Liberte 6, en face Camp Penal",CDD,2026-04-13,N/A,"Type de contrat : CDDLieu : DakarRémunération : fixeNous cherchons une personne ayant pour mission de développer le portefeuille entreprises de 7LOC SN.Vous serez responsable de :Prospecter activement (terrain, appels, réseau)Obtenir des rendez-vous avec RH, DG, DAFPrésenter et défendre l’offre 7LOCGérer les objectionsNégocier et conclureFaire signer les conventionsAtteindre vos objectifs mensuelsObligation de résultatsChaque semaine vous devrez rendre un reporting clair, Un compte rendu quotidien est également exigé pour :Nombre d’entreprises contactées, de rendez-vous obtenus, et de signaturesNombre Pipeline en coursDifficultés rencontréesProfil recherchéExpérience en vente terrainAutonome et discipliné(e)Excellent(e) négociateur(trice)Capable de travailler sous pressionMaîtrise Clickup, google drive et google calendarBonne tenue vestimentaire exigéeConditionsSalaire : à discuter lors de l’entretienHoraires flexibles selon objectifsForte autonomieCandidatureEnvoyez votre CV àsupport@7loc.snou appelez au 77 124 60 60",https://www.emploidakar.com/offre-demploi/7loc-liberte-6-en-face-camp-penal-lot-n03-4emee2-dakar-senegal-cdd-commerciale-terrain/
Commercial terrain,Betty Group,Pikine,Prestation de Services,2026-04-13,N/A,Nous recherchons des commerciaux pour la vente sur terrain.Veuillez envoyer votreCVà l’adressekhathyndi99@icloud.com,https://www.emploidakar.com/offre-demploi/betty-group-pikine-prestation-de-services-commercial-terrain/
Stagiaire – Assistant Media (Digital Finance Africa),Nixacom AI,Sénégal (Télétravail),Stage,2026-04-13,N/A,"Stagiaire – Assistant Media (Digital Finance Africa) (Télétravail)Localisation : TélétravailType : Stage (non rémunéré)Entreprise : Nixacom AIÀ propos de Nixacom AINixacom AI est une entreprise technologique qui développe des solutions financières innovantes, notamment des systèmes de KYC basés sur l’intelligence artificielle ainsi que des solutions de prêt digital. L’entreprise évolue à l’intersection de la finance et de la technologie afin de soutenir les institutions financières et les plateformes digitales.Description du posteNous recherchons des stagiaires motivés pour accompagner le lancement et le développement de la plateforme Digital Finance Africa (DFA), une initiative média dédiée aux discussions sur la finance, la fintech et l’innovation digitale en Afrique.Ce stage est entièrement en télétravail et non rémunéré et permettra aux candidats d’acquérir une expérience concrète dans la création de contenu, la recherche et la gestion d’un projet média fintech.Responsabilités principales:Préparer des recherches sur les tendances fintech et les thématiques du secteurIdentifier des invités potentiels pour les épisodesParticiper à la préparation des interviews (briefs, questions, sujets)Contribuer à la promotion des épisodes sur les réseaux sociauxAider à la coordination des enregistrementsProduire des résumés et extraits de contenuProfil recherchéBonne maîtrise de l’anglais écrit et oralIntérêt pour la fintech, la finance ou la technologieBonnes capacités de recherche et de communicationÀ l’aise avec les plateformes digitales et les réseaux sociauxCapacité à travailler de manière autonome à distanceCuriosité et intérêt pour l’innovation en AfriqueCandidatureLes candidats intéressés peuvent envoyer leur CV à l’adresse :adia@nixacom.comavec comme objet : Stagiaire DFA – Fintech Media & Research",https://www.emploidakar.com/offre-demploi/nixacom-ai-teletravail-stage-stagiaire-assistant-media-digital-finance-africa/
Commercial(e) Boutiques,SAPROLAIT,"Dakar, Sénégal",CDD,2026-04-13,N/A,"SAPROLAIT poursuit son développement au Sénégal et renforce son équipe commerciale.Nous recherchons un(e) Commercial(e) Boutiques motivé(e) pour rejoindre notre boutique à Dakar et participer activement à l’expérience client ainsi qu’au développement de notre chiffre d’affaires.MissionsConduire le véhicule de l’entreprise dans le respect du code de la routeDévelopper et fidéliser un portefeuille clientsAssurer la promotion et la vente de nos produits sur le marché en respectant la politique commerciale de l’entrepriseAssurer le suivi des stocks et des encaissementsGarantir l’excellence opérationnelle en boutiqueSi vous êtes motivés à grandir à nos côtés, postulez directement à l’adresse mailrecrutement@saprolait.comavec comme objet « Commercial(e) Boutiques Sénégal ».",https://www.emploidakar.com/offre-demploi/saprolait-dakar-senegal-cdd-cdi-commerciale-boutiques/
Responsable Financier,DP World,"Dakar, Sénégal",CDI,2026-04-13,N/A,"ResponsibilitiesThe Job holder is expected to (but not limited to):Prepare, develop and analyse monthly income statement with applicable accounting policies as per the group with Budget/reforecast variances along with necessary explanations on key items.Preparing, review and analyse monthly balance sheet schedules with major items of reconciliation like fixed assets, major accruals, receivable & other supporting details.Perform and review monthly reconciliations of inter-company balances and other balance sheet itemsRegular monitoring and in-depth review of all financial numbers and balancesProviding monthly schedule for consolidating into the monthly group reporting pack.Preparation of yearly budget & quarterly forecasting with the details, analytics and supporting info as required (Vessel Wise, etc) for Senegal BUCo-ordinating with BU Head and other Functional Heads for gathering necessary information for finalization of budget/forecast.Deadline: 30 April 2026",https://www.emploidakar.com/offre-demploi/dp-world-dakar-senegal-cdi-responsable-financier/
Commercial(e) – Parcelles (Dior),Willis Towers Watson Sénégal,"Parcelles Assainies, Dakar",CDD,2026-04-13,N/A,"Localisation: Parcelles, Dakar.Le/La Commercial(e) est responsable de développer et assurer les ventes d’une Agence Lapaire, en allant directement au contact des prospects sur le terrain, et en accueillant les clients en agence afin de leur proposer les services et produits Lapaire. Le/La Commercial(e) est le premier contact entre Lapaire et le client, son rôle est donc essentiel pour établir un premier contact de confiance. Il/elle travaille au quotidien avec l’équipe de l’Agence composée d’un Opticien et est sous la supervision du Responsable d’Agence.Sa mission se décompose en 3 volets:Développer les ventes de l’agence d’optiqueAller directement au contact des prospects sur le terrain aux abords de l’agence, ou dans le périmètre de celle-ciRéaliser des actions de prospection clients ciblées selon le plan d’actions établi par le Responsable d’AgenceAssurer une bonne expérience client dès le seuil de l’AgenceAssurer un accueil de qualité des visiteurs de l’agence en se rendant disponible et courtoisEcouter, comprendre et reformuler le besoin du prospect en posant les bonnes questionsPrésenter clairement le concept Lapaire et décrire les différentes offres aux prospects, répondre aux éventuelles questions du clientAccompagner le client dans son parcours d’achatUtiliser ses connaissances pour expliquer les bienfaits des lunettes de vueConseiller les clients dans leur choix de monturesConseiller les clients dans leur choix en leur expliquant les différences entre les différents types de verresMaintenir la relation avec le client jusqu’à la livraison des lunettesEffectuer correctement l’enregistrement des prospects et des ventes dans le logiciel CRM, et participer à l’encaissement des clients ;Garantir un confort optimal pour nos clients en AgenceAssurer le bon agencement et à la propreté des étagères de montures afin de mettre en valeurs nos produitsVeiller à la propreté globale et au confort de l’agenceProfil recherchéBAC + 2 minimum en Gestion commerciale ou formation similaireUne expérience en vente ou service client est fortement appréciée, cependant les débutants motivés et ayant l’envie d’apprendre et d’évoluer rapidement sont les bienvenus.Le/La candidat(e) doit être très à l’aise avec les nouvelles technologies, applications mobiles et logiciels sur tablette !Qualités personnelles pour réussir dans ce posteAltruisme: L’argent est important mais aider les autres vous donne plus de satisfactionVous aimez parler mais aussi écouter ce que vos clients ont à vous dire et ce qu’ils veulentDynamique: Vous ne manquez jamais d’énergie pour accueillir un nouveau clientPositif: Vous ne montrez pas vos émotions et restez positif et engagé avec vos clientsTrès motivé et passionné: Vous cherchez toujours à dépasser vos objectifsCommercial dans l’âme: Vous êtes motivé par la performance et l’envie de convaincreEsprit d’équipe: Vous partagez votre expérience et vos connaissances avec votre équipeToujours à l’heure !",https://www.emploidakar.com/offre-demploi/willis-towers-watson-senegal-parcelles-assainies-dakar-cdd-cdi-commerciale-parcelles-dior/
Gestionnaire d’indemnisation IARDT,Willis Towers Watson Sénégal,"Dakar, Sénégal",CDI,2026-04-13,N/A,"Le rôle :Willis Towers Watson Sénégal une société de courtage d’assurance recherche un gestionnaire sinistre IARDT. Il ou elle sera sous la responsabilité du Responsable en Charge des sinistres IARDT.Assurer la gestion des sinistres IARDT notamment en automobile, transport, MRH, Responsabilité Civile, global de banque, Dégâts des eaux, Incendie, VOL, Bris de glaces, bris de machine, Tous risques informatiques, dommages électriques etc…Procéder à l’ouverture des dossiers sinistres dans les délais et réclamer aux assurés les pièces nécessaires à la gestion de leur sinistreDemander et négocier avec les assureurs les indemnisations des assurésVeiller à la désignation des experts par les assureurs dans les délaisCollecter auprès de l’assuré les pièces réclamées par l’assureur et l’expert pour la bonne tenue de l’expertise et la mise à disposition rapide du rapportEtudier les rapports d’expertise au regard des dispositions contractuelles et légales pour une évaluation correcte du préjudice de l’assuréAssurer une bonne communication avec l’assuré sur l’évolution de son dossierGestion quotidienne des courriers, emails et appels téléphoniques des Assureurs et des ClientsEtablir et transmettre aux clients des états périodiques sinistresFaire les reporting sinistres demandés par le groupe, les clients ou les chargés de clientèleS’assurer que toutes les tâches sont accomplies conformément aux règles du métier et aux lignes directrices de conformité locales et celles du groupe.Travailler en collaboration avec le service financier pour la disponibilité rapide des chèques d’indemnitéVeiller au respect strict des conventions liant l’entreprise et les assureursAssurer le bon classement des dossiers en cours et terminés selon les règles prédéfiniesAssurer la saisie et la mise à jour des dossiers dans les outils de travail (logiciel, états Excel etc…)Communiquer les problèmes potentiels avec le Responsable Hiérarchique.Faire les relances périodiques aux clients et aux assureurs pour une bonne évolution des dossiersInformer les chargés de clientèle de toute absence de garantie constatéeFavoriser la bonne réputation de l’entreprise auprès de tous les agents et clients, tant internes qu’externesEffectuer toute tâche confiée par ses supérieurs hiérarchiques dans le cadre de la gestion.Profils recherchés :Diplôme en assurance minimum un DTA (diplôme de Technicien en Assurance) ou Bac + 3 en Assurance et tout autre diplôme équivalentMinimum 02 ans d’expérience dans une compagnie d’assurances ou courtage d’assurancesAvoir une connaissance avérée en technique d’assurance et en droitAvoir de solides compétences en communication orale et rédactionnelleLa maîtrise de l’anglais est un atoutConnaissance des applications Microsoft Office (Word, Excel, Powerpoint) et capacité d’apprendre de nouveaux logicielsQualités requises :Avoir le sens de l’organisation, être méthodique, avoir une bonne capacité d’analyse et de synthèseSavoir travailler sous pression et gérer un flux important de dossiersAvoir le sens de l’écoute et la capacité de gestion des prioritésSavoir s’adapter et pouvoir travailler en équipeÊtre responsable, réactif et dynamique",https://www.emploidakar.com/offre-demploi/willis-towers-watson-senegal-dakar-senegal-cdi-gestionnaire-dindemnisation-iardt/
Responsable d’Agence – Parcelles (Dior),Lapaire,"Parcelles Assainies, Dakar",CDD,2026-04-13,N/A,"Localisation:Parcelles (Dior), DakarLe/La responsable d’Agence est responsable de la gestion d’une agence proposant des tests de vision gratuits et des lunettes de vue à prix abordable. Cette personne travaillera au quotidien sous la supervision d’un/e Responsable de Zone. Il/Elle devra superviser et manager une équipe composée de commerciaux et opticiens. Il/elle encadre, anime le personnel et accompagne son évolution professionnelle. Il/Elle organise, gère et développe son activité commerciale dans le respect de la politique commerciale de son entreprise. Il/elle veille à l’augmentation du chiffre d’affaires et de la marge commerciale.Missions:Connaître parfaitement son secteur et ses clientsConnaître les produits et services Lapaire, ainsi que les besoins et envies des clientsAccroître la notoriété de la marque et sensibiliser les clients potentiels au fait de bien voir et aux problèmes de vue.Développement des activités commercialesMettre en œuvre les principaux objectifs qualitatifs et quantitatifs définis par la politique commerciale : satisfaction et fidélisation des clients, vie améliorées, chiffre d’affairesPlanifier le chiffre d’affaires prévisionnel du magasinIdentifier les besoins existants et les nouvelles attentes des clients et les partager avec les départements Marketing et Commercial,Mettre en place une stratégie locale, des plans d’actions commerciales spécifiques, organiser des animations commerciales ponctuelles et saisonnières.Manager et inspirer une équipeRéunir et former une équipe solide, en partageant ses connaissances et son expérience dans le domaine commercialManager, motiver et aider au quotidien son équipe dans les contacts clients et les ventesAmener son équipe à atteindre et dépasser ses objectifs de ventesPartager et expliquer les objectifs de son équipe, soutenir les actions tendant vers leur réalisation.Gérer les plannings, répartir les tâches, animer les briefs et les réunions de bilan commercial avec l’équipe.Gérer les stocks et la comptabilité de la  boutiqueAssurer la comptabilité de la boutique, ainsi que l’enregistrement des dépôts et achatsGérer rigoureusement les stocks de la boutique, réaliser des inventaires régulièrement et partager les informations liées au stock avec la DirectionPréparer des rapports financiers réguliers pour le managementVeiller à la bonne tenue du magasin : propreté, rangement, aération etc.Assurer la comptabilité de la boutique, ainsi que l’enregistrement des dépôts et achats diversTraiter les réclamations des clients, fournisseurs, livreurs.Profil RecherchéBTS ou Licence en Gestion Commerciale, Finance, Management avec au moins 3 années d’expérience en Management d’équipe, une expérience préalable en gestion de magasin est un atout  important.Compétences en vente et connaissance en analyse de données attenduesMaîtrise des outils informatiques (excel, google suite).Qualités personnelles pour réussir dans ce posteAltruisme: L’argent est important mais aider les autres est bien plus satisfaisantDigne de confiance: Vous êtes quelqu’un de profondément intègre et responsableOrganisé: Vous gérez votre petite entreprise comme un pro, sans zones d’incertitudesMotivé et passionné: Votre désir de réussite et votre passion pour votre métier vous porteAmbitieux: Vous cherchez toujours à dépasser vos objectifs et à continuer de grandirLeader: Vous savez inspirer et stimuler votre entourage en partageant vos connaissancesNégociateur hors pair: Vous savez convaincre et influencer, en toute intégritéEmpathie: Vous êtes à l’aise avec tout type de profil et savez rendre la conversation fluide",https://www.emploidakar.com/offre-demploi/lapaire-dakar-senegal-cdd-cdi-responsable-dagence-parcelles-dior/
"Project Management Specialist (Local) Health or Education, RH",Islamic Development Bank,"Dakar, Sénégal",CDI,2026-04-13,N/A,"Under the supervision of the designated OTLs, to conduct Bank’s technical-assistance operations due-diligence, monitor day-to-day technical-assistance operations management activities, and carry out day-to-day development-project operations management activities (under specific portfolio, particularly Health or Education sector) under the guidance of Project Team within approved costs, timeliness and quality, to ensure efficient execution of the bank’s mandate to support economic development in the associated member and non-member countries.Responsible for day-to-day communication, monitoring and implementation support to the project management units and executing agencies; supervision of project contract management and resources; preparation of implementation reports to the bank management, and proactive mitigation of project implementation issues. In addition, provide support in project preparation and appraisal, portfolio quality review, procurement review, and disbursement processes. Contribute to knowledge management agenda by identifying lessons learned from the projects.Key responsibilitiesProject Appraisal:Provide technical and professional support to the Operations Team Leader or lead when assigned, the pipeline development and preparation of project appraisals and comprehensive due diligence of the technical, financial, procurement, institutional, economic, social and environmental aspects of the project proposals ensuring the same are in line with the operations manual and applicable policies/procedures of the Bank.Liaise with the respective Sector Teams in CPO to further refine and enhance the project appraisal documents prior to submission for the Board approval.Project Implementation and Monitoring:Coordinate with the respective Operations Team Leader, in all aspects of the project implementation to ensure projects are completed as per the project charter/plan.Lead the preparation of periodic project implementation assessment and support reports for each project under the portfolio to ensure implementation issues and proposed actions are documented as a reference and for smooth execution.Maintain adequate, up-to-date, and accurate project information and key records in the bank’s operations management system.Assess implementation progress of Bank’s approved operations and provide feedback/recommendations on bank’s position to relevant authorities/stakeholders.Contribute to maintenance of project implementation plans to ensure ongoing monitoring of project progress, pro-active identification of issues, recommendation and implementation of action plans to resolve issues promptly.Review implementation quality and progress of Bank’s approved operations and provide recommendations for improvements to the relevant authorities/stakeholders.Provide inputs to the Procurement and Financial Management staff to ensure procurement of materials and disbursal of funds for the projects are in line with the policies of the Bank.Monitor contracts and financial management activities of the projects and provide recommendations on bank’s position to relevant authorities/stakeholders.Project Closure and Review:Provide inputs to the Task Team Leader or lead as assigned in the development of project completion reports, at the completion of each projectCompile inputs for the Sectoral Teams in CPO ensuring lessons learnt during the project implementation are recorded as reference for the future projects.General Project Management:Provide inputs to Operations Team Leader during the operational cycle of the projects to ensure necessary operational policies and procedures are followed and improvements suggested are being implemented.Support Operations Team Leader in engaging external expertise according to the bank’s procurement policy, to complement internal resources, ensuring quality project due diligence, implementation and lessons mining.Job requirementsBachelor’s degree in Public Health, Education, Project Management, Engineering, Economics or related fields.Additional qualification or certification in Project Management/PMP would be desirable.Minimum 5 years of experience in project management, preferably in the development sector with an MDB or an International NGO.Languages: English: Mandatory l French: MandatoryClosing Date: 11-May-2026",https://www.emploidakar.com/offre-demploi/islamic-development-bank-dakar-senegal-cdi-project-management-specialist-local-health-or-education-rh/
03 Business Analysts,GPF,"Dakar, Sénégal",Prestation de Services,2026-04-13,N/A,"Nous recrutons 03 Business Analysts pour le compte d’un de nos clients spécialisé dans la création de solutions numériques innovantes.Missions et Responsabilités:Analyse des besoins métierRecueillir et formaliser les besoins fonctionnels auprès des parties prenantes internes du clientProduire des documents de spécifications fonctionnelles clairs et structurés (BRD, user stories)Analyser les processus existants et identifier les axes d’amélioration et d’optimisationReporting et tableaux de bordConcevoir, développer et maintenir des tableaux de bord et rapports de performanceAssurer la qualité, la fiabilité et la mise à jour des données analytiquesPrésenter les indicateurs clés (KPIs) aux équipes dirigeantes lors des revues périodiquesGestion de projet et coordinationCollaborer avec les équipes techniques, métier et direction pour assurer l’alignement des livrablesSuivre l’avancement des initiatives, identifier les risques et proposer des plans d’actionRédiger les comptes rendus de réunions, plans de test et documentation de recetteTransfert de données et transitionParticiper au transfert structuré de l’ensemble des fichiers, dashboards et rapports vers les plateformes du clientDocumenter les procédures et assurer la continuité opérationnelle lors des transitionsProfil:FormationMinimum Bac +3 en Gestion, Informatique de gestion, Data Analytics, Finance ou domaine équivalentCertification en Business Analysis (CBAP, PMI-PBA) ou Data Analytics appréciéeExpérienceAu moins 1 an d’expérience en tant que Business Analyst ou dans un rôle similaireExpérience avec des clients internationaux ou en environnement anglophone fortement souhaitéeMaîtrise des environnements SaaS, ERP ou plateformes de reporting (Power BI, Tableau, GoogleLooker Studio)Compétences techniquesMaîtrise avancée de MicrosoftExcel/ Google Sheets (formules complexes, tableaux croisés dynamiques)Connaissance des outils de gestion de projet : Asana, Jira, Trello ou équivalentCapacité à rédiger des spécifications fonctionnelles et user storiesNotions en SQL ou manipulation de données appréciéesCompétences comportementalesExcellentes capacités de communication écrite et orale en anglaisRigueur, sens de l’organisation et autonomie dans le travail à distanceOrienté(e) résultats, proactif(ve) et force de propositionCapacité à travailler en équipe multiculturelle et en décalage horaire",https://www.emploidakar.com/offre-demploi/gpf-dakar-senegal-prestation-de-services-03-business-analysts/
Commercial Terrain,TVS1,"Dakar, Sénégal",CDD,2026-04-11,N/A,"À la recherche d’un vendeur d’articles de souvenirs dans les lieux touristiques tels que l’île de  Gorée, marché artisanal de Sandaga etc..Qualités requises :Une personne chaleureuse, sérieuse avec une bonne communicationSociable et professionnel.Date de prise de poste : immédiatementVeuillez envoyer votreCVàtvs1pro@gmail.com",https://www.emploidakar.com/offre-demploi/tvs1-dakar-cdd-commercial-terrain/
Responsable Recherche et Développement Produits agroalimentaire,Topwork,"Dakar, Sénégal",CDI,2026-04-10,N/A,"Dans le cadre du développement de nos activités agroalimentaires, nous recrutons un(e) Responsable Recherche et Développement Produits agroalimentaire.Vous aurez la charge du développement de nouveaux produits, de l’optimisation des recettes existantes et de l’amélioration des procédés industriels, aussi bien sur les gammes actuelles que sur les futurs axes de croissance.Les familles de produits concernées incluent notamment :Produits extrudés sucrés ou salés (séchés ou frits)Chips de pomme de terre (business actuels)Céréales petit-déjeunerBarres céréalièresBiscuits et produits dérivés (process futurs)Missions principales1. Développement produitsConcevoir et piloter le développement de nouveaux produits depuis l’idée jusqu’à l’industrialisationFormuler recettes (matières premières, additifs, profils sensoriels)Réaliser essais pilotes et industriels (extrusion, friture, séchage, cuisson…)Participer à la définition des cahiers des charges produits2. Optimisation des produits existantsAméliorer les recettes (coûts, qualité, stabilité, goût, texture)Optimiser les procédés de fabrication (rendement, pertes, cadence, régularité)Proposer des solutions techniques pour résoudre les problématiques qualité ou process3. Support industriel & innovationTravailler en étroite collaboration avec la production, la qualité et les achatsIdentifier de nouvelles matières premières ou technologiesParticiper à la veille technologique et marchéAccompagner les mises en production et montées en cadenceProfil recherchéFormation & expérienceIngénieur agroalimentaire / technologue alimentaire ou équivalentExpérience confirmée (minimum 5 ans souhaités) en développement produits snack / céréales / biscuitsMaîtrise des procédés : extrusion, friture, séchage, cuisson (fortement appréciée)Compétences techniquesTrès bonne connaissance des formulations céréalièresSolide compréhension des paramètres process industrielsCapacité à passer du laboratoire à l’échelle industrielleSensibilité forte à la qualité produit et au résultat terrainLanguesFrançais courant impératifAnglais bon niveau professionnelVeuillez envoyer votre CV àcv@topwork.sn",https://www.emploidakar.com/offre-demploi/topwork-dakar-senegal-cdi-responsable-recherche-et-developpement-produits-agroalimentaire/
Assistant Comptable,Translog,"Dakar, Sénégal",Stage,2026-04-10,N/A,"Société spécialisée dans la gestion des opérations de Transport International, Logistique, Transit et Dédouanement recrute un-e Assistant-e Comptable.Missions principalesFacturation des dossiersTraitement des factures clients et fournisseursEnregistrement quotidien des opérations dans les livres comptablesSuivi des opérations bancaires et comptablesRelance et recouvrement des factures impayéesAppui à l’établissement des états mensuels de la situation comptableAppui à la préparation des déclarations fiscales et socialesProfilVous êtes le-la meilleur-e candidat-e pour ce poste si vous êtes issu-e d’une formation supérieure en Comptabilité et Gestion, et justifiez d’une expérience réussie dans le domaine.Rigoureux-se et méthodique, vous êtes doté-e d’une bonne compréhension des procédures comptables et fiscales.Capable de travailler seul-e et en équipe, vous avez de réelles capacités à prendre des initiatives et à proposer des solutions pour relever les défis du quotidien.Une expérience de travail dans une société de Transport, Logistique et/ou de Transit est un réel atout pour être rapidement opérationnel-le à ce poste.Une bonne maitrise de l’outil informatique et du Logiciel Sage Comptabilité est impérative.Pourquoi nous rejoindre ?Derrière le succès de notre entreprise, se cache une équipe motivée, qui aime relever de grands défis. Depuis 17 ans, nous nous sommes engagés en faveur de l’égalité et de la diversité, et avons réussi à construire une équipe forte qui se retrouve autour de 5 valeurs fondamentales : Priorité au client, Professionnalisme, Respect, Attitude positive et Équilibre.Notre équipe est animée par ces valeurs, et des principes qui placent le client au centre de nos préoccupations. Ces clients, qui nous font confiance, sont répartis dans le monde entier. Nous vous proposons de venir découvrir notre univers et d’intégrer une équipe de collaborateurs qualifiés et passionnés par notre métier. En nous rejoignant, vous pourrez accompagner la croissance de notre entreprise et développer vos talents.Ce poste vous intéresse ?Envoyez votre CV, accompagnée d’une lettre de motivation àtranslog.recrut@gmail.com",https://www.emploidakar.com/offre-demploi/translog-dakar-stage-assistant-e-comptable/
Responsable People & Culture,Tanel,"Dakar, Sénégal",CDD,2026-04-10,N/A,"Depuis 2020, Tanél œuvre pour rendre la santé plus simple, plus digitale et plus accessible en Afrique de l’Ouest. Présente aujourd’hui au Sénégal et en Côte d’Ivoire, notre équipe grandit vite et nous cherchons une personne passionnée par la culture d’entreprise et le développement humain pour rejoindre l’aventure.Votre missionFaire de Tanel un lieu où chacun peut s’épanouir, grandir et contribuer à un projet porteur de sens.Vous serez le point de référence pour la culture, la performance et le bien-être des équipes à Dakar et à Abidjan.Vos responsabilitésCulture & engagementPromouvoir les valeurs de Tanel et faire vivre notre culture au quotidienCréer des initiatives qui renforcent la cohésion entre les bureaux (événements, communications internes, moments d’échange)Prendre le pouls de l’équipe et proposer des actions concrètes pour maintenir un environnement positif et inclusifPerformance & développementAccompagner les managers dans la définition d’objectifs clairs et la mise en place de feedbacks réguliersConcevoir et animer les processus d’évaluation de la performanceIdentifier les besoins en formation et piloter des programmes de développement des compétencesSupport aux équipesÊtre à l’écoute des collaborateurs et soutenir la résolution des difficultés relationnelles ou organisationnellesFaciliter la communication entre les équipes et la directionTravailler en étroite collaboration avec le RAF pour assurer la cohérence entre les aspects administratifs et humains de la fonction RHLeadership & accompagnementConseiller la direction sur l’organisation, la gestion des talents et le climat socialÊtre le garant du respect des valeurs de respect, de collaboration et de professionnalismeProfil recherché4 à 7 ans d’expérience enressources humaines, people operations ou développement organisationnelExcellentes capacités relationnelles et sens de la confidentialitéEsprit positif, sens de l’écoute et goût pour la proximité avec les équipesCapacité à travailler dans un environnement en croissance rapideMaîtrise du français, anglais appréciéPourquoi rejoindre TanelUne équipe jeune, engagée et animée par une mission à fort impact socialUn environnement de travail moderne et collaboratif entre Dakar et AbidjanL’opportunité de contribuer à construire une culture d’entreprise solide et inspirante",https://www.emploidakar.com/offre-demploi/tanel-dakar-senegal-cdd-cdi-responsable-people-culture/
Ingénieur Full Stack,Tanel,"Dakar, Sénégal",CDD,2026-04-10,N/A,"Tanél est une compagnie d’assurance santé numérique visant à démocratiser l’accès aux soins et à l’assurance santé grâce à des solutions innovantes et une forte passion. Nous avons pour mission de permettre un accès large et pratique aux soins de santé….A propos du posteNous recherchons un Développeur Full-Stack, qui sera chargé de créer des solutions logicielles modulables. Vous ferez partie d’une équipe polyvalente responsable de l’ensemble du cycle de développement de logiciels, de la conception au déploiement.En tant que Développeur Full-Stack, vous devrez être à l’aise avec les langages de codage front-end et back-end, avec les structures de développement et les bibliothèques tierces. Vous devrez également avoir l’esprit d’équipe et avoir un don pour la conception visuelle et la distribution.Si, en plus, vous connaissez bien les méthodologies Agile, nous aimerions vous rencontrer.Dans ce rôle vous serez appelé àTravailler avec les équipes de développement et les chefs de produit en vue de créer des solutions logiciellesConcevoir une architecture côté client et côté serveurDévelopper des applications de front-end via une conception visuelle attrayanteDévelopper et gérer des bases de données et des applications fonctionnellesRédiger des API efficacesTester des logiciels afin de garantir leur réactivité et leur efficacitéDépanner, déboguer et mettre à niveau les logicielsCréer des réglages de sécurité et de protection des donnéesDévelopper des fonctionnalités et des applications avec une conception mobile réactiveRédiger la documentation techniqueTravailler avec des scientifiques de données et des analystes en vue d’améliorer le logicielNous privilégions des candidats ayantExpérience confirmée en tant que Développeur Full-Stack ou poste similaireExpérience de développement d’applications mobiles et de bureauBonne connaissance des solutions communesConnaissance de plusieurs bibliothèques et langages de premier plan (ex. : HTML/ CSS, JavaScript, XML, jQuery)Connaissance de plusieurs langages de back-end (ex. : C#, Java, Python, PHP) et les structures JavaScript (ex. : Angular, React, Node.js)Bonne connaissance des bases de données (ex. : MySQL, MongoDB), serveurs Web (ex. : Apache) et conception UI/UXExcellentes compétences en matière de communication et de travail en équipeSens prononcé du détailBonnes compétences organisationnellesEsprit analytiqueLicence en informatique, en statistiques ou autre domaine pertinentAt the least, you should be able to understand this sentence 🙂Les avantages de TanélRémunération compétitive en fonction de votre expérience et de votre expertiseAssurance maladie subventionnée pour vous et les personnes à votre charge et contributions à la retraiteTravailler dans un secteur qui change des vies tous les joursDéjeuners quotidiens gratuits",https://www.emploidakar.com/offre-demploi/tanel-dakar-senegal-cdd-cdi-ingenieur-full-stack/
Chargé(e) de Recouvrement,Tanel,"Dakar, Sénégal",CDD,2026-04-10,N/A,"Tanel est une compagnie d’assurance santé numérique qui démocratise l’accès aux soins en Afrique de l’Ouest grâce à des solutions innovantes et accessibles. Notre mission : rendre la santé simple, pratique et abordable pour tous.Description du poste : Chargé(e) de RecouvrementNous recherchons un(e) Chargé(e) de Recouvrement rigoureux(se), tenace et orienté(e) résultats, pour piloter le suivi des créances et optimiser notre cycle d’encaissement. Ce poste est central dans notre chaîne financière à mesure que nous scalonons nos opérations au Sénégal et en Côte d’Ivoire.Responsabilités principalesSuivi et gestion du portefeuille de créances clients (cotisations assurance, factures partenaires B2B)Émission et suivi des relances amiables par téléphone, email et WhatsApp selon les échéancesMise en place et gestion d’échéanciers de paiement négociés avec les clients en difficultéCoordination avec l’équipe commerciale pour identifier les comptes à risque en amontMise à jour quotidienne du tableau de bord des créances et du taux de recouvrementTraitement des litiges de facturation en lien avec les équipes opérationnellesPréparation des dossiers pour passage en recouvrement contentieux si nécessaireRapprochement des encaissements et lettrage des comptes clientsReporting hebdomadaire au responsable financier sur l’état du portefeuilleProfil recherchéBac +2/+3 en comptabilité, finance, gestion ou droit1 à 3 ans d’expérience en recouvrement, idéalement dans les secteurs assurance, fintech ou télécomsExcellent sens de la négociation et aisance dans les échanges clients sensiblesMaîtrise d’Excel / Google Sheets ; la connaissance d’un outil CRM ou de gestion des créances est un plusRigueur, persévérance et capacité à gérer les priorités sous pressionDiscrétion absolue sur les données financières et personnelles des assurésBonne expression orale en français ; le wolof ou le dioula est un atout réelCe que nous offronsUne mission à fort impact social dans l’un des secteurs les plus dynamiques d’Afrique de l’OuestUn environnement jeune, exigeant et en forte croissanceDes perspectives d’évolution vers un rôle de Responsable RecouvrementUne couverture santé et des avantages sociaux via Afiyah",https://www.emploidakar.com/offre-demploi/tanel-dakar-senegal-cdd-chargee-de-recouvrement/
Programme de stage de Plan International Sénégal,Plan International Sénégal,"Dakar, Sénégal",Stage,2026-04-10,N/A,"Rejoignez le programme de stage de Plan International Sénégal et révélez votre potentiel, du 9 au16 avril 2026.Domaines de stageComptabilité & FinancesProcurement & LogistiqueGestion de Projet & Suivi-ÉvaluationEngagement des Jeunes et Gestion de ProjetCommunications MultimédiasRessources HumainesMobilisation des ressources et networkingInformatiques et Technologies",https://www.emploidakar.com/offre-demploi/plan-international-senegal-dakar-senegal-stage-programme-de-stage-de-plan-international-senegal/
Superviseur Commercial,SODECA,"Kaolack, Sénégal",CDI,2026-04-10,N/A,"Présente sur le marché depuis juillet 2016, la SODECA (Société d’Embouteillage Casamançaise) est une entreprise de production d’eau minérale et de jus naturels dont les marques sont la « Casamançaise » et la « Casamançaise le Jus ». Son siège est basé au Cap Skiring, en basse Casamance.Comme tous les produits de la Casamance, réputés être de qualité (mangue, miel, huile de palme, etc.), nos produits bénéficient également de ce label « qualité ».La SODECA SAU est à la recherche d’Agents de contrôle.Lieu de travail : KaolackType de contrat : CDDRémunération : à négocier selon profil.MissionDans le cadre de notre développement, nous recrutons un superviseur Kaolack. Sous la responsabilité du Responsable de zone de Kaolack, vous aurez comme responsabilité de superviser toutes les activités commerciales de votre zone.ActivitésExécuter et appliquer la politique commerciale et marketingAssister le Responsable de ZoneAider au développement des clients pour l’entrepriseAssurer la croissance des comptes existants et l’acquisition de nouveaux clientsRéférencement des produits dans sa zone respective dans le respect de la stratégie commerciale de l’entreprise,Répertorier, classifier suivant leurs potentiels les clients de sa zoneSuivre les plans de visite clients définis par le RZ et les partager à chaque début de semaineProspecter, vendre et fidéliser les clients, fiable et durableFaire un relevé de taux de présence de la marquePratiquer la veille concurrentielleGénérer des rapports qui analysent les actions de la concurrence et des clientsIl réalise, voire dépasse les objectifs commerciaux (quantitatifs et qualitatifs) qui lui sont fixésCoaching et gestion des promoteursSuivi du CRMCompétencesRésider à KaolackAvoir un niveau d’étude supérieur (Bac + 2)Avoir une expérience d’au moins 5 ans sur une fonction commercialAvoir une bonne connaissance du secteurEsprit professionnel, être bon vendeurAvoir un maximum d’autonomie et principalement orienté vers les objectifs et une bonne adaptabilitéMaîtriser l’outil informatique pour faire ses reportingSavoir travailler en équipeÊtre travailleur, sérieux, intègre et organiséAvoir un permis de conduire et être géographiquement mobileDate limite de candidature : 18 avril 2026",https://www.emploidakar.com/offre-demploi/sodeca-kaolack-senegal-cdi-superviseur-commercial/
Téléconseillers,"Millenium Phoning GroupMotivation, Patience et Gain (MPG)","Yoff Virage, Dakar",Prestation de Services,2026-04-10,N/A,"Recrutement de Téléconseillers – Rejoignez Millenium Phoning Group (MPG) !Francophones au sourire dans la voix H/FCentre d’appel situé à Yoff Virage, à côté de la banque NSIA, sur la route de l’ancien aéroport Léopold Sédar Senghor, lance une campagne de recrutement de téléconseillers.Vous aimez aider, écouter et échanger avec le sourire ? Vous avez une excellente maitrise du français oral et écrit ? Alors cette opportunité est faite pour vous !Profil recherché :Une parfaite maitrise de la langue française (à l’oral comme et à l’écrit),Le sens de l’écoute et du service,Une bonne connaissance de l’outil informatique,Assidu, impliqué, ponctuelDisponibilité : TotaleAvantages :Formation assuréeAmbiance professionnelle et motivanteOpportunités d’évolutionEnvironnement de travail dynamiqueDéveloppement professionnel continuPostulez dès maintenant et construisez votre avenir avec nous !sur le WhatsApp 70 828 10 47 /recrutement@millenium-phoning-group.com",https://www.emploidakar.com/offre-demploi/millenium-phoning-group-yoff-ngor-virage-prestation-de-services-teleconseillers-es/
Responsable de Compétences (RC),ALTEN Sénégal,"Dakar, Sénégal",CDI,2026-04-09,N/A,"A propos de l’entrepriseImplantée à Dakar, ALTEN Sénégal est la filiale du groupe ALTEN, leader mondial de l’ingénierie et du conseil en technologies. Nous accompagnons le développement professionnel des ingénieurs en Afrique de l’Ouest et soutenons la stratégie technologique de nos clients dans l’innovation et les systèmes d’information.Notre mission : répondre aux ambitions technologiques de nos clients — grands donneurs d’ordre internationaux — dans les secteurs de l’automobile, du ferroviaire, de l’IT, des télécommunications et des médias.Rejoindre ALTEN Sénégal, c’est intégrer un écosystème d’excellence et bénéficier :D’un parcours de carrière personnalisé et évolutifD’une politique ambitieuse de développement des compétencesD’un environnement de travail stimulant, collaboratif et porteur de sensDescription du posteEn tant que Responsable de Compétences vous serez au cœur de notre dynamique de croissance, vos missions principales seront :Piloter une équipe de 30 à 60 consultants : gestion de carrière, développement des compétences, et accompagnement au quotidien.Garantir l’adéquation entre projets et talents : staffing, intégration, et suivi des performances.Contribuer à notre stratégie RH : conformité, communication, et gestion administrative.Participer à l’avant-vente : élaboration d’offres de service et présentations clients.Analyser les besoins, recruter, et intégrer les nouveaux talents.Développer les compétences, identifier les talents, et assurer un climat de travail motivant.Faire le suivi des KPI : marge brute, taux de satisfaction, attrition, formation, etc.Collaborer et être l’interface avec la Direction Technique, les RH, et les autres services.QualificationsDiplômé d’un  Bac+5 école d’ingénieur, université, ou équivalent.Expériences3 ans et plus en management d’équipe ou gestion de compétences (ESN, conseil, IT).Compétences requisesLeadership, sens de l’écoute, et capacité à négocier.Résistance au stress et diplomatie.Maîtrise des processus RH et des outils de suivi (KPI, reporting)Atouts supplémentairesExpérience dans un environnement technique (IT, cloud, ingénierie).Connaissance des enjeux QHSSE et sécurité de l’information.",https://www.emploidakar.com/offre-demploi/alten-senegal-dakar-senegal-cdi-responsable-de-competences-rc-2/
Développeur FullStack Sénior – Java / Angular,ALTEN Sénégal,"Dakar, Sénégal",CDI,2026-04-09,N/A,"À propos de l’entrepriseImplantée à Dakar, ALTEN Sénégal est la filiale du groupe ALTEN, leader mondial de l’ingénierie et du conseil en technologies. Elle joue aujourd’hui un rôle clé dans l’accompagnement du développement professionnel des ingénieurs en Afrique de l’Ouest, et accompagne la stratégie de développement de ses clients dans les domaines de l’innovation et des systèmes d’information technologiques.Notre mission : répondre aux ambitions technologiques de nos clients — grands donneurs d’ordre internationaux — dans les secteurs de l’automobile, du ferroviaire, de l’IT, des télécommunications et des médias.Rejoindre ALTEN Sénégal, c’est intégrer un écosystème d’excellence et bénéficier :D’un parcours de carrière personnalisé et évolutifD’une politique ambitieuse de développement des compétencesD’un environnement de travail stimulant, collaboratif et porteur de sensDescription du posteAu sein de la Digital Factory Marchandise, Commercial & Links, le consultant participera à la conception et au développement d’applications destinées à automatiser et harmoniser les processus opérationnels de Carrefour.Ses principales missions :Développement et maintenance d’applications Full Stack (Java / Spring Boot / Angular)Conception et intégration d’architectures microservices et event-drivenImplémentation de principes DDD, Clean Architecture et CraftsmanshipMise en place et suivi des pipelines CI/CD via GitLab CI/CDParticipation aux phases de conception, développement, tests et mise en productionContribution à l’amélioration continue et à la qualité logicielle (tests, couverture, performance)QualificationsDiplômé d’un Bac+5 en informatique.Expérience : Minimum 4 ans d’expérience en développement Java / AngularCompétences requises :Java / Spring BootAngularMicroservices & Event-Driven ArchitectureBases de données SQL / NoSQL (BigQuery, BigTable)Cloud (GCP, Azure)Docker / Kubernetes / LinuxCI/CD (GitLab CI/CD)TDD, JUnit, Mockito, Sonar, GatlingPostman, DDD, Clean Architecture, SOLIDMéthodologie Agile / ScrumIntéressé(e) ? Postulez dès maintenant via le lien ci-dessous et rejoignez un écosystème d’excellence !",https://www.emploidakar.com/offre-demploi/alten-senegal-dakar-senegal-cdi-developpeur-fullstack-senior-java-angular/
Data Scientist Sénior SQL / Python,ALTEN Sénégal,"Dakar, Sénégal",CDI,2026-04-09,N/A,"À propos de l’entrepriseImplantée à Dakar, ALTEN Sénégal est la filiale du groupe ALTEN, leader mondial de l’ingénierie et du conseil en technologies. Elle joue aujourd’hui un rôle clé dans l’accompagnement du développement professionnel des ingénieurs en Afrique de l’Ouest, et accompagne la stratégie de développement de ses clients dans les domaines de l’innovation et des systèmes d’information technologiques.Notre mission : répondre aux ambitions technologiques de nos clients — grands donneurs d’ordre internationaux — dans les secteurs de l’automobile, du ferroviaire, de l’IT, des télécommunications et des médias.Rejoindre ALTEN Sénégal, c’est intégrer un écosystème d’excellence et bénéficier :D’un parcours de carrière personnalisé et évolutifD’une politique ambitieuse de développement des compétencesD’un environnement de travail stimulant, collaboratif et porteur de sensDescription du posteAu sein d’une équipe composée de data scientists et data engineers organisée en mode Scrum Agile, le consultant interviendra sur la mise en œuvre de solutions analytiques et prédictives pour la Supply Chain.Les principales responsabilités sont :Structurer, planifier et coordonner les travaux de l’équipe en collaboration avec les data scientists, le lead data scientist, les data analysts, le Product Owner, les équipes métiers et les autres équipes techniques.Aligner la construction des solutions analytiques et techniques avec les enjeux métier et business.Conseiller, guider et assurer la montée en compétences des ingénieurs data de l’équipe.Être garant des méthodologies de data science et de développement logiciel (qualification des sous-projets, développements itératifs, industrialisation des solutions, maintenabilité, mesure et suivi des performances).Arbitrer les débats techniques lorsque nécessaire.Assurer une veille technologique continue afin de challenger l’existant et proposer des solutions innovantes.Contribuer directement aux sujets en tant que Data Scientist.Profil recherchéDiplôme :Bac +3/+5 en Data Science, en Génie logiciel, en Intelligence Artificielle ou équivalentExpérience :Minimum 5 ans d’expérience confirmée en SQL / BigQuery, Python, GCP, Git et DBT.Une expérience dans le secteur du retail ou de la grande distribution est un plus.Compétences requisesTechniques :SQL / BigQueryPythonGCP (Google Cloud Platform)GitDBTMachine Learning & Deep LearningForecasting et optimisation sous contrainteIndustrialisation de modèles ML en environnement cloudManipulation de bases de données à grande échelleMéthodologies & organisation :Maîtrise du cycle de vie complet d’un projet Data ScienceMéthodes Agiles : Scrum, Sprint Planning, BacklogQualité, simplicité et maintenabilité du codeSoft skills :Excellente communication écrite et orale en françaisCapacité à vulgariser des sujets complexes à des publics non techniquesEsprit d’analyse et d’amélioration continueCapacité de prise de recul et de propositionRespect des délais et des standards de qualitéEsprit d’équipe et collaboration transverseIntéressé(e) ? Postulez dès maintenant via le lien ci-dessous et rejoignez un écosystème d’excellence !",https://www.emploidakar.com/offre-demploi/alten-senegal-dakar-senegal-cdi-data-scientist-senior-sql-python/
Dévéloppeur FullStack Java React,ALTEN Sénégal,"Dakar, Sénégal",CDI,2026-04-09,N/A,"ALTEN Sénégalrecrute : Développeur FullStack Java / ReactLocalisation :Dakar, SénégalÀ propos de l’entrepriseImplantée à Dakar, ALTEN Sénégal est la filiale du groupe ALTEN, leader mondial de l’ingénierie et du conseil en technologies. Nous accompagnons le développement professionnel des ingénieurs en Afrique de l’Ouest et soutenons la stratégie technologique de nos clients dans l’innovation et les systèmes d’information.Notre mission : répondre aux ambitions technologiques de nos clients — grands donneurs d’ordre internationaux — dans les secteurs de l’automobile, du ferroviaire, de l’IT, des télécommunications et des médias.Rejoindre ALTEN Sénégal, c’est intégrer un écosystème d’excellence et bénéficier :D’un parcours de carrière personnalisé et évolutifD’une politique ambitieuse de développement des compétencesD’un environnement de travail stimulant, collaboratif et porteur de sensContexte du posteIntégré(e) aux équipes de la Software Factory, vous interviendrez sur une plateforme de gestion retail dédiée aux opérations en magasin.Votre mission principale : concevoir, développer et maintenir des applications back-end et front-end robustes et scalables, afin d’améliorer la qualité, la productivité et la rapidité de livraison des solutions digitales retail.Vos missions :Conception et développement d’applications Java / Spring Boot / ReactJS robustes et scalables.Contribution à des architectures microservices et event-driven.Conception selon les principes Clean Architecture et Domain-Driven Design (DDD).Participation à la conception et à la maintenance d’un Design System cohérent.Mise en œuvre du TDD, tests unitaires (JUnit, Mockito) et tests End-to-End.Développement Front-End en JavaScript / TypeScript, avec Jest / Vitest et Vite.Amélioration continue de la qualité produit (coverage, Sonar, SOLID, YAGNI).Gestion des workflows DevOps (GitLab CI/CD, conteneurisation, automatisation pipelines).Application des bonnes pratiques Git (branches, Merge Requests, code review).Participation au cycle de vie complet du logiciel : conception, développement, mise en production, run.Maintenance évolutive et corrective des applications existantes.Travail en méthodologie Scrum et contribution active au craftsmanship.Profil recherchéDiplôme :Bac +5 en informatiqueExpérience :Minimum 4 ans en développement Java / ReactCompétences techniques :Java (expert)Spring BootReactJSJavaScript / TypeScriptClean ArchitectureDomain-Driven Design (DDD)Microservices & event-driven architecturePostgreSQL / MongoDBJUnit / MockitoJest / Vitest / ViteGitLab CI/CDConteneurisationGit (branching, MR, code review)Savoir-être :Rigoureux, curieux et créatifApprécie le travail en équipeIntéressé(e) ? Postulez dès maintenant via le lien ci-dessous et rejoignez un écosystème d’excellence !",https://www.emploidakar.com/offre-demploi/alten-senegal-dakar-senegal-cdi-developpeur-fullstack-java-react/
Développeur Fullstack Java/Vue js,ALTEN Sénégal,"Dakar, Sénégal",CDI,2026-04-09,N/A,"ALTEN Sénégal recrute :Développeur Fullstack Java/Vue jsLocalisation :Dakar, SénégalÀ propos de l’entrepriseImplantée à Dakar, ALTEN Sénégal est la filiale du groupe ALTEN, leader mondial de l’ingénierie et du conseil en technologies. Nous accompagnons le développement professionnel des ingénieurs en Afrique de l’Ouest et soutenons la stratégie technologique de nos clients dans l’innovation et les systèmes d’information.Notre mission : répondre aux ambitions technologiques de nos clients — grands donneurs d’ordre internationaux — dans les secteurs de l’automobile, du ferroviaire, de l’IT, des télécommunications et des médias.Rejoindre ALTEN Sénégal, c’est intégrer un écosystème d’excellence et bénéficier :D’un parcours de carrière personnalisé et évolutifD’une politique ambitieuse de développement des compétencesD’un environnement de travail stimulant, collaboratif et porteur de sensDescription du posteLe/la consultant(e) participera à la conception et au développement d’applications destinées à automatiser et harmoniser les processus opérationnels.Ses principales missions :Développement et maintenance d’applications Full Stack (Java / Spring Boot / Vue.js)Conception et développement d’API REST sécuriséesImplémentation d’architectures microservicesDéveloppement d’interfaces dynamiques en Vue.js (Composition API)Intégration et consommation d’API côté frontMise en œuvre des principes DDD, Clean Architecture et SOLIDParticipation aux phases de conception, développement, tests et mise en productionContribution à l’amélioration continue et à la qualité logicielleQualificationsDiplômé d’un Bac +5 en informatique ou équivalentExpérience requises :3 à 7 ans d’expérience en développement Java / Vue.jsCompétences requises :Spring BootVue.jsAPI RESTMicroservicesBases de données SQL / NoSQLDocker / KubernetesCI/CD (GitLab CI/CD)Tests unitaires (JUnit, Mockito)Tests front (Vue Test Utils)DDD / Clean ArchitectureMéthodologie Agile / Scrum",https://www.emploidakar.com/offre-demploi/alten-senegal-dakar-senegal-cdi-developpeur-fullstack-java-vue-js/
Coordinateurs de Projet,ALIMA,"Dakar, Sénégal",CDD,2026-04-09,N/A,"ALIMA est une alliance entre médecins, ONG locales et chercheurs, fondée sur la co-construction. Notre ambition : transformer la médecine humanitaire grâce à la recherche et l’innovation, pour renforcer l’efficacité de nos actions et mieux protéger les populations face aux crises sanitaires d’aujourd’hui et de demain.En 2026, nous poursuivons notre développement en Afrique de l’Ouest et centrale, en Afrique de l’Est et en Haïti. Le rôle de Coordinateur·rice de Projet est au cœur de cette mission : il assure la liaison entre les équipes, les partenaires, les bailleurs de fonds et les communautés que nous soutenons.Votre missionEn tant que Coordinateur·rice de Projet ALIMA, vous êtes chargé·e d’élaborer et de mettre en œuvre la stratégie opérationnelle médicale sur votre zone géographique, sous la responsabilité du Chef de Mission.Vos responsabilités principales :Garantir la qualité des interventions opérationnelles d’ALIMA dans le cadre du projet.Définir les priorités et objectifs du projet, et élaborer un plan d’action : analyse des données de santé et des besoins humanitaires, évaluation du contexte, des risques et des ressources humaines et financières nécessaires.Coordonner l’exécution du projet en étroite collaboration avec le coordinateur médical et le chef de mission, afin d’atteindre les objectifs fixés et d’améliorer l’état de santé de la population ciblée.Veiller au respect des procédures d’engagement des dépenses d’ALIMA et des bailleurs.Assurer le rôle d’interface entre la coordination et l’équipe terrain, et représenter ALIMA auprès des interlocuteurs locaux.Porter, défendre et diffuser les principes opérationnels d’ALIMA sur le terrain.Superviser et animer l’équipe terrain, en favorisant sa participation active à la dynamique du projet.Votre profilBac +3 minimum ou équivalent.Au moins 2 ans d’expérience dans l’action humanitaire à des postes à responsabilités, avec des expériences significatives dans les domaines d’intervention d’ALIMA.Adhésion aux principes de la charte d’ALIMA et à sa politique de prévention des abus.Vous êtes engagé·e, diplomate, déterminé·e, patient·e, innovant·e et capable de conduire des équipes dans un contexte complexe et changeant.Compétences recherchées :Cadre humanitaire, impact sociétal et redevabilitéCoordination etgestion de projetManagement, leadership et gestion d’équipePlanification, organisation et vision stratégiqueGestion des ressources financières et matériellesNégociation, diplomatie et création de partenariatsCommunication interpersonnelle et rédaction de rapportsGestion du stress, agilité et adaptabilitéSécurité et outils collaboratifsLangues : français (obligatoire), anglais, arabe (atouts)Compétences techniques liées au domaine d’intervention (nutrition, recherche, etc.Date limite : 26 avril 2026.",https://www.emploidakar.com/offre-demploi/concentrix-dakar-senegal-cdd-cdi-coordinateurs-de-projet/
Chargé d’ Administration des Ventes (H/F),RMO Sénégal,"Dakar, Sénégal",CDD,2026-04-09,N/A,"MissionsAccueillir, informer et orienter les clientsIdentifier les besoins et conseiller les clientsRéaliser les ventes et encaisser les paiementsParticiper à l’atteinte des objectifs de l’équipeGérer les appels téléphoniques et les courriersAssurer un suivi administratif (factures, caisse, registre visiteurs)ProfilSens commercial et capacité de persuasionBon relationnel et excellente présentationMaîtrise des outils bureautiquesOrganisation, rigueur et dynamismeBac +2 en Commerce, Gestion ou équivalentExpérience en accueil ou vente souhaitée",https://www.emploidakar.com/offre-demploi/rmo-senegal-dakar-senegal-cdd-charge-d-administration-des-ventes-h-f/
Engineering Manager,Myriad,"Dakar, Sénégal",CDD,2026-04-08,N/A,"1. Contexte du posteDans le cadre du renforcement de notre organisation Engineering à Dakar, nous recrutons un Engineering Manager pour accompagner la croissance, la structuration et la montée en maturité de nos équipes locales.Le poste s’inscrit dans un environnement Fintech avec des enjeux élevés de qualité logicielle, sécurité, scalabilité et fiabilité, et une collaboration étroite avec des équipes techniques internationales.L’Engineering Manager joue un rôle clé dans le management des équipes, la visibilité des livrables, la mise en place de standards engineering et l’amélioration continue de la performance collective.2. Périmètre & équipeManagement direct d’une équipe de 6-10 développeurs basés à Dakar (Backend, Frontend/App, Data)Collaboration étroite avec un Software ArchitectInteractions régulières avec le CTO, les équipes DevSecOps et les équipes Produit et Projets3. Responsabilités principalesManagement, coaching & leadershipManager, accompagner et faire grandir l’équipe Engineering localeMettre en place une culture de responsabilité, d’ownership et d’amélioration continueAssurer le coaching des équipes, en particulier des profils juniorsContribuer au recrutement et à l’onboardingDelivery, visibilité & exécutionDonner une visibilité claire sur les livrables, priorités et avancementStructurer les pratiques de release management et de roadmap planningGarantir le respect des délais, de la qualité et des objectifs businessIdentifier les risques et lever les blocages opérationnelsCulture agile orientée résultatsPorter une culture agile pragmatique, orientée impact et résultatsAdapter les pratiques agiles au contexte réel des équipesFavoriser la valeur livrée, le feedback rapide et l’amélioration continueEngineering & standardsÊtre garant des standards d’ingénierie (qualité du code, revues, bonnes pratiques)Travailler avec le Software Architect pour assurer la cohérence techniqueChallenger les choix techniques et accompagner la prise de décisionInnovation & adoption de l’IAEncourager et accélérer l’adoption des outils d’IA au sein des équipes EngineeringIdentifier des cas d’usage concrets (productivité, qualité, documentation, tests)Accompagner une utilisation responsable et efficace de l’IAContribution technique (ponctuelle)Intervenir ponctuellement en hands-on (revues de code, support, résolution de problèmes complexes)Comprendre les enjeux DevOps, CI/CD et Cloud pour dialoguer efficacement avec les équipes concernées4. Profil recherchéMinimum 7 ans d’expérience en développement logicielExpérience confirmée en management d’équipes techniquesProfil de Manager Technique HybrideCapacité à accompagner et faire progresser des équipes localesExpérience Fintech, paiement, banque, telco ou SaaS critique appréciéeFrançais requis, bon niveau d’anglais requis5. Soft skills clésLeadership et posture de coachSens des priorités et orientation résultatsCommunication claire et structuréeCapacité à fédérer les équipes6. Ce que nous offronsUn rôle structurant au cœur de l’organisation Engineering à DakarUne forte autonomie et un impact réelUn environnement Fintech exigeant et stimulantUne collaboration directe avec le CTO",https://www.emploidakar.com/offre-demploi/myriad-dakar-cdd-cdi-engineering-manager/
Vidéaste,Myfavagency,"Saly, Sénégal",Prestation de Services,2026-04-08,N/A,"Mission principaleNous recherchons un vidéaste freelance pour couvrir des événements en boîte de nuit.Tes missions :Filmer l’ambiance de la soirée (clients, DJ, performances, moments clés)Prendre des photos qualitatives de l’événementCapturer du contenu dynamique adapté aux réseaux sociauxEnvoyer l’ensemble des rushs (vidéos + photos) après chaque prestationAucun montage demandé — uniquement captation et livraison des fichiersProfil recherchéExpérience en événementiel / nightlife recommandéeÀ l’aise en environnement sombre, dynamique et festifBon sens du cadrage et du timingSérieux, ponctuel et autonomeMatériel obligatoireCaméra ou appareil photo de qualitéIdéalement : stabilisateurStockage suffisantLieu :Saly, SénégalDisponibilitésVendredi, samedi et dimancheHoraires variables : soit de 00h à 03h ou soit de 01h à 04h dans la nuitRémunération :À définir selon profil et matérielCandidatureMerci d’envoyer par mail :Tes réalisations (vidéos / photos)Le matériel que tu utilisesà l’adressemyfavagency1@gmail.com",https://www.emploidakar.com/offre-demploi/myfavagency-saly-senegal-prestation-de-services-stage-videaste-saly-2/
Responsable de Compétences (RC),Alten Sénégal,"Dakar, Sénégal",CDI,2026-04-08,N/A,"Description de l’entrepriseImplantée à Dakar, ALTEN Sénégal est la filiale du groupe ALTEN, leader mondial de l’ingénierie et du conseil en technologies. Elle joue aujourd’hui un rôle clé dans l’accompagnement du développement professionnel des ingénieurs en Afrique de l’Ouest, et accompagne la stratégie de développement de ses clients dans les domaines de l’innovation et des systèmes d’information technologiques.Notre mission : répondre aux ambitions technologiques de nos clients — grands donneurs d’ordre internationaux — dans les secteurs de l’automobile, du ferroviaire, de l’IT, des télécommunications et des médias.Rejoindre ALTEN Sénégal, c’est intégrer un écosystème d’excellence et bénéficier :D’un parcours de carrière personnalisé et évolutifD’une politique ambitieuse de développement des compétencesD’un environnement de travail stimulant, collaboratif et porteur de sensDescription du posteEn tant que Responsable de Compétences vous serez au cœur de notre dynamique de croissance, vos missions principales seront :Piloter une équipe de 30 à 60 consultants : gestion de carrière, développement des compétences, et accompagnement au quotidien.Garantir l’adéquation entre projets et talents : staffing, intégration, et suivi des performances.Contribuer à notre stratégie RH : conformité, communication, et gestion administrative.Participer à l’avant-vente : élaboration d’offres de service et présentations clients.Analyser les besoins, recruter, et intégrer les nouveaux talents.Développer les compétences, identifier les talents, et assurer un climat de travail motivant.Faire le suivi des KPI : marge brute, taux de satisfaction, attrition, formation, etc.Collaborer et être l’interface avec la Direction Technique, les RH, et les autres services.QualificationsDiplômé d’un  Bac+5 école d’ingénieur, université, ou équivalent.Expériences3 ans et plus en management d’équipe ou gestion de compétences (ESN, conseil, IT).Compétences requisesLeadership, sens de l’écoute, et capacité à négocier.Résistance au stress et diplomatie.Maîtrise des processus RH et des outils de suivi (KPI, reporting)Atouts supplémentairesExpérience dans un environnement technique (IT, cloud, ingénierie).Connaissance des enjeux QHSSE et sécurité de l’information.Informations complémentairesVous êtes rigoureux, créatif, curieux et vous aimez travailler en équipe et monter en compétence dans un environnement dynamique. Les métiers du service vous animent et vous souhaitez évoluer dans un environnement convivial, rejoignez-nous !",https://www.emploidakar.com/offre-demploi/alten-senegal-dakar-senegal-cdi-responsable-de-competences-rc/
Chargé d’Approvisionnement,DP World,"Dakar, Sénégal",CDI,2026-04-08,N/A,"The role’s main activity or deliverables are:Responsible for Procurement activities for assigned vessels and division within the group organizations.Handle fleet requisitions, RFQ, process PO’s, monitor delivery, and update relevant stakeholders.Identifies, evaluates & approves suppliers. Monitors performance of suppliers to ensure continued cost-effective quality service / material provision.Ensure requisitions from supervisors and managers for goods or services are received, processed, and controlled in a timely manner.Analyse quotations to ensure compliance with requirements, prepare quote comparisons, and recommend approvals.Ensure timely follow-up, shipment, and delivery of items.Manage overseas purchasing with attention to incoterms, shipping documentation, and cost-effective freight arrangements.Negotiate and monitor freight rates, logistics contracts, and shipment consolidation to optimize transportation costs.Coordinate with local agents, freight forwarders, and port authorities in Syria to ensure smooth customs clearance, last-mile delivery, and compliance with sanctions and trade regulations.Anticipate and mitigate risks related to delays, congestion, or route restrictions by planning alternative supply channels and closely monitoring costs such as demurrage and detention.Track and monitor shipments, ensuring stakeholders are updated.Assist line manager in identifying regularly procured goods/services for frame agreements, introducing suppliers, and implementing agreements.Develop new and strategic suppliers to save cost, improve quality, and strengthen sourcing partnerships.Maintain supplier prequalification lists, prepare new supplier accounts, and analyze vendor performance to support sourcing strategies.Build and maintain strong relationships with key suppliers and logistics partners to ensure reliable and quality service.Assist finance in resolving discrepancies related to supplier invoice processing.Review and act on Open Requisitions and PO reports to comply with departmental KPIs.Support line manager in any other procurement-related tasks as required for the business.Deadline: 28 April 2026",https://www.emploidakar.com/offre-demploi/dp-world-dakar-senegal-cdi-charge-dapprovisionnement/
Assistant(e) Administratif(ve) et Comptable Bilingue,GBG,"Dakar, Sénégal",CDD,2026-04-08,N/A,"L’assistant(e) administratif(ve) et comptable assure le support opérationnel des activités administratives, financières et comptables de l’entreprise. Il/elle joue un rôle clé dans la bonne gestion des opérations quotidiennes et garantit la fiabilité des informations financières, tout en interagissant dans un environnement bilingue (français/anglais).Responsabilités principales1. Gestion administrativeAssurer le suivi des dossiers administratifsGérer les courriers, emails et communications internes/externesOrganiser les réunions, agendas et déplacementsClasser et archiver les documents administratifs2. ComptabilitéSaisir les opérations comptables (factures, paiements, écritures)Assurer le suivi des comptes clients et fournisseursParticiper aux rapprochements bancairesPréparer les éléments nécessaires aux clôtures mensuelles et annuellesCollaborer avec les cabinets comptables ou auditeurs3. FinanceParticiper au suivi budgétaire et à l’analyse des dépensesContribuer à la préparation des rapports financiersAider au suivi de la trésorerieAppuyer les processus de facturation et de recouvrement4. Support opérationnelAssister les équipes dans les tâches administratives et financièresAméliorer les procédures internes et outils de gestionAssurer la communication avec des partenaires anglophonesProfil recherchéCompétences techniquesExcellentes connaissances en comptabilité généraleBonne maîtrise des principes financiers et de gestionMaîtrise des outils bureautiques (Excelavancé, Word, etc.)Connaissance de logiciels comptables (Sage, QuickBooks, ou équivalent)Expérience préalable dans un poste similaire appréciéeLanguesFrançais : courantAnglais : courant (obligatoire) – écrit et oralQualités personnellesRigueur et sens de l’organisationEsprit analytiqueAutonomie et proactivitéDiscrétion et sens de la confidentialitéBon relationnel et capacité à travailler en équipe",https://www.emploidakar.com/offre-demploi/gbg-dakar-senegal-cdd-assistante-administratifve-et-comptable-bilingue/
Superviseur des cultures et des contrats d’achat (H/F),RportH SAS,"Saint Louis, Senegal",CDI,2026-04-08,N/A,"Une societe de la place, dans le domaine de transformation agricole plus particulierement dans la transformation du riz, cherche un superviseur des cultures et des contrats d’achat. Basee a Saint louis, la societe achete du riz chez les producteurs de la zone pour ensuite  nettoyer et transformer le riz et le mettre en sac pour en fin le commercialiser.Vos missionsLe/la superviseur. e des cultures et contrats est une personne agronome polyvalente avec comme mission principale de sécuriser l’approvisionnement en paddy et maintenir la crédibilité de l’entreprise auprès de tous les partenaires financiers et institutionnels.Poste basé à Saint Louis avec des déplacements sur Dakar et autres régions si nécessaireCe rôle doit permettre de garantir :Le suivi agronomique complet des cultures sous contrat,La gestion structurée des contrats de la matière première,La coordination des réceptions de la matière première,La prospection et expansion des zones d’approvisionnement,La formation &amp; sensibilisation des producteurs et agents achatsLa consolidation des volumes de matière première,L’appui aux projets agricoles régionauxLa gestion des préfinancements producteurs avec un objectif de 100 % de recouvrement,Le maintien d’une relation fluide, professionnelle et respectueuse des délais avec les banques et IMF impliquées dans le financement des producteurs.Votre profilBac+3 à Bac+5 en Agronomie, Développement rural, Gestion des filières agricoles ou similaire.Expérience dans la filière rizicole et/ou les cultures irriguées.Expérience dans la certification SRP / la culture SRI et la culture biologiqueExpérience dans la filière horticole serait un plus.Aisance dans la coordination avec les producteurs et partenaires.Connaissance des dynamiques de la vallée du fleuve Sénégal (atout majeur).Compétences Techniques & ComportementalesConnaissance approfondie de la production rizicole et de l’agronomie.Compétences en gestion de programmes agricolesMaitrise de la contractualisation agricole.Capacité d’analyse des rendements, surfaces, coûts et risques.Très bonne maîtrise des outils informatiques (Excel, ERP, collectes données terrain).Compétences en reporting : capacité à créer des rapports clairs et utiles pour la prise de décision, avec des analyses de performance et de rentabilitéBonne maitrise du français et du wolof ; l’anglais et le pulaar seront un plus.Excellente qualité relationnelle et capacité à bâtir une relation de confiance avec les producteursSavoir faire preuve de rigueur de courage, d’humilité et d’une bonne organisationSens de l’organisation et de l’anticipationIntégrité et éthique professionnelles irréprochables.",https://www.emploidakar.com/offre-demploi/rporth-sas-saint-louis-senegal-cdi-superviseur-des-cultures-et-des-contrats-dachat-h-f/
Regional Program Manager,Diakonie Katastrophenhilfe,"Dakar, Sénégal",CDD,2026-04-08,N/A,"Role: Regional program managerSupervisor: Regional Director (RD)Department: Regional office, Program supportLocation: Dakar, SenegalDirect reports: 3 regional program positions (with potential evolution)Additions: This position requires travel in West and Central Africa and the CaribbeanAbout the roleThis is a new role resulting from the global reorganization of DKHs internal structure and will be part of the newly established region of West & Central Africa and the Caribbean. The position will partly take over responsibilities and tasks previously ensured directly from Berlin and will also fill identified gaps.The main aim of the role is to provide regional programmatic support to the country programs and local and national NGO partners (L/NNGOs) collaborating with DKH. The primary responsibility of the Regional program manager (RPM) is to ensure alignment of programs and projects within the region with the organization’s strategic goals and donor prerequisites. This role provides guidance and technical support to programs and partners, aiming to maximize quality and advocate for a principled approach to humanitarian aid across different country offices. Additionally, the role involves harmonizing program standards, optimizing program delivery, and fostering collaboration and learning processes among the programs.Specific roles and responsibilitiesDonor Guidance and Relationship ManagementActively identify new potential donors for the programs in both West & Central Africa and the CaribbeanStay informed on donor strategies, requirements, standards, deadlines, calls, etc.Identify/ define successful strategies and guidance for approaching and maintaining relationships with regional donors such as ECHO and OCHA in collaboration with Country Representatives, RD and Institutional Relations Advisor (IRA)Guide country programs and L/NNGOs on donor strategies, requirements, standards, events, etc., throughout the project cycle (project development, monitoring, reporting, evaluation)Support decision-making in grant applications towards third-party donorsRepresent DKH towards regional donors and within regional working groups, clusters, networks, etc., in coordination and collaboration with the RDStrategic Program GuidanceRemain abreast of strategic discussions related to Charter4Change, (triple) nexus, localization, etc., and lead alignment with programs at regional and country levelAlign project proposals and other country office initiatives with DKH global and regional strategies and prioritiesGuide on and ensure compliance with Sphere standards, CHS, and partnership principles (“eye-level partnerships”)Participate in development, revision, monitoring of regional and country strategies; provide contributions towards the DKH global strategyProgram Coordination and Synergy IdentificationOversee regional project portfolio and work with country offices towards alignment amongst programs and projects on strategic, thematic and technical issues in collaboration with TUEnsure coherence of context-adapted approaches amongst assessments (multi-needs, markets, gender, conflict, environmental, risk, etc.), concept notes, proposals, and reports, e.g. regarding targeting, inclusion, mainstreaming protection, locally owned and locally led approaches, inclusion, involvement of public structures and private sectors, anticipatory humanitarian action, greening of aid approaches/ climate sensitive approaches, etc.Identify and capitalize on synergies between programs and projects to maximize efficiency and ensure harmonization and learningDevelop regional projects together with country programs and supervise any regional coordination positions related to such programsManage the regional multi-purpose fund designated for small emergency support, assessments/ evaluations, etc.Monitoring, Evaluation, and Learning (MEAL) and Knowledge ManagementImplement MEAL policies and guidelines coherently in collaboration with global MEAL advisor and MEAL staff in country programsSupport data analysis and processes and ensure real-time lessons are captured, disseminated, and integrated into ongoing and future programming.Depending on partner and staff capacities, lead or support in this process and ensure a harmonized and consistent approach to strengthening MEAL capacities across the regionSupport internal and external forms of reflection and learning (evaluations, learning reviews, partner workshops, etc.)Ensure learning procedures exist, are known and understood, and monitor their application; contribute to development of such procedures where they do not existContribute to internal learning processes and documentation /publication of the same from program work in collaboration with responsible staffEncourage and foster inter-country learningEnsure diffusion of lessons learned and application of recommendations throughout the region and towards DKH BerlinEnsure rollout and contextualization of accountability guidelines and standards (feedback and complaints mechanisms) as well as procedures to deal with them effectively and efficientlySpearhead technological utilization throughout the project cycle, serving as the central focal point for its implementation, including capacity building to enhance uptake and usage within the regionBuild knowledge management system and champion a culture of learning amongst staff and partnersQuality Assurance and CollaborationEnsure maximum quality in the final review of grant applications and internal project proposals for the region; ensure administrative approval process of projects in the DKH project management softwareSupport country offices to ensure high levels of accountability, including backstopping and guidance on CRM, CHD etc.Collaborate with theTechnical Unit and advisors in Berlin and Regional liaison manager on respective topicsExchange and collaborate with equivalent positions in other regions for harmonization and learning purposesPartnership and capacity strengtheningContribute to review of joint partner self-assessments and definition/identification of delivered or required partner capacity-strengthening supportDevelop and deliver (or organize delivery of) workshops for L/NNGOs and DKH country program staff in relation to the responsibilities of the positionProvide mentoring and feedback to partners on any related task and/or link up L/NNGOs and DKH staff with relevant experienceOtherSupervise and coordinate regional program positions including regional project coordination staff, technical experts, partner strengthening staff, etc.Support the regional program objectives through any other tasks requested by the RDEducation & professional qualificationsBachelor or Master’s degree in Humanitarian Action, International Development and Cooperation, Disaster Management, International Relations, Conflict Studies or Peace and Conflict Resolution, Monitoring and Evaluation/ Data Analytics or any other related position relevant for the roleSkills & competenciesMinimum 5 years’ experience in senior program management in the humanitarian sectorExtensive experience in proposal writing, developing log frames, etc.Ability to initiate and implement activities with minimal oversight and supervisionKnowledge and experience with AA, BMZ, ECHO, UN, etc.Experience working in consortia and on large-scale regional projects and with the (triple) nexusPrevious exposure to various humanitarian programming sectors (food security and nutrition, protection and PSS, DRR) and various modalities (e.g. CVA)Experience/ competence in the use of technology across the project cycle (e.g. Kobo, RedRose, etc.)Commitment to equal partnership principles and experience or strong interest in working with L/NNGOsAbility to work within a team and independently; willingness to contribute to the construction of a new teamStrong planning, organizational, and analytical skillsKnowledge of digital tools (e.g. Kobo, RedRose, etc.); proficiency in MS Office (Word, PowerPoint, Excel, etc.)Excellent communication & Interpersonal skills – ability to convey complex information clearly and comprehensibly to different target audiencesCultural sensitivityFrench and English requiredJob applicationKindly apply by sending your motivation letter and CV without any further attachments by emailrecrutement.wacar@diakonie-katastrophenhilfe.de, using the reference “RPM-WaCAR Name_Surname”, in the subject of your email. For additional questions about the role, please direct them to the same address.Closing date: 24 April 2026. Only shortlisted candidates will be contacted.Diversity is important to us. We welcome applications from people regardless of their ethnic, national, or social background, gender, disability, age, or sexual identityIn line with our strong commitment to localisation and equity, this position is open to both national and international candidates. All staff are offered the same salary range under a local contract, with differentiated benefits applied as needed to equitably address circumstances that may affect international hires.",https://www.emploidakar.com/offre-demploi/diakonie-katastrophenhilfe-dakar-senegal-cdd-regional-program-manager/
Crédit Manager,CFAO,"Dakar, Sénégal",CDI,2026-04-08,N/A,"Avec un marché du médicament qui représente plus de 20 milliards de dollars, l’accès à des produits abordables et de qualité reste un défi majeur pour l’Afrique.CFAO Healthcare renforce l’offre de santé sur le Continent en produisant et distribuant des produits et services pharmaceutiques et médicaux.Nous sommes à la recherche d’un(e)   Crédit Manager H/F   basé(e) :   SénégalDescription du poste :IL /elle aura pour mission principale d’assurer la maîtrise du risque client, d’optimiser le délai de paiement (DSO), de garantir la fiabilité des encours et de piloter le recouvrement.Profil recherché :Être titulaire d’un Bac +5 en Finance et Comptabilité ou présenter une expérience à un poste similaire ;Être à l’aise avec les outils du Pack Office, les logiciels de gestion financières et de reporting ;Avoir d’excellentes capacités de communication et de négociation ;Avoir le sens de l’organisation et des détails ;Avoir un esprit d’analyse, de synthèse et d’équipe ;Avoir une bonne connaissance des réglementations financières et légales ;Être orienté résultat/Résolution de problèmes ;Être rigoureux, méticuleux et professionnel ;Être multitâche et savoir gérer la pression ;Être titulaire du Permis B.",https://www.emploidakar.com/offre-demploi/cfao-dakar-senegal-cdi-credit-manager/
Superviseur de Caisse,AMD Corporate,"Dakar, Sénégal",CDD,2026-04-08,N/A,"Mission : Assurer la supervision opérationnelle, administrative et commerciale des kiosques situés dans le parking, afin de garantir une expérience client fluide, la conformité des opérations et la bonne performance des vendeurs ou agents de kiosque.Niveau d’étude : Minimum Bac+2 (BTS / DUT en Comptabilité ou Gestion ou Finance ou Administration des entreprises)Compétences techniques :Connaissance des opérations de parking (flux camions, billetterie, contrôle d’accès, caisse).Maîtrise des outils de gestion de kiosques (reporting et suivi des ventes).Capacité à gérer des plannings et organiser les équipes.Bonne base comptable.Maitrise de l’outil informatique (Excel, Word).Compétences managériales :Capacité à superviser plusieurs agents.Sens de l’organisation et gestion des priorités.Pouvoir former, évaluer et accompagner les agents des kiosques.Intégrité et sens élevé de la responsabilité, notamment sur la gestion des caisses.Flexibilité face à des horaires variables (week-end, soirées et jours fériés).Responsabilités :Superviser le fonctionnement quotidien des kiosques (encaissements, ventes, services).Vérifier le respect des procédures, des horaires et de la qualité de service.Assurer la gestion de caisse (contrôle, rapprochements, sécurité des fonds).Collecte et sécurisation des fonds en fin de shift.Confrontation entre les soldes physique (caisse) et théorique (application GFC).Rédiger les rapports hebdomadaires à la hiérarchie.Si votre profil correspond aux critères de ce poste, nous vous invitons à postuler au plus vite surcv@amdcorporate.neten mentionnant le titre du poste en objet de votre mail.",https://www.emploidakar.com/offre-demploi/amd-corporate-dakar-senegal-cdd-cdi-superviseur-de-caisse/
Chef de Garage,IKLO Consulting,"Sicap Liberté 1, villa 1201",CDI,2026-04-08,N/A,"MissionsSuperviser et coordonner les activités quotidiennes du garage.Encadrer, motiver et former une équipe pluridisciplinaire.Planifier et organiser les interventions de maintenance préventive et corrective.Assurer le suivi des réparations et contrôler la qualité des travaux.Gérer les stocks de pièces détachées et optimiser les coûts.Veiller au respect des normes de sécurité et des délais.Maintenir une relation de confiance avec les clients et fournisseurs.Profil recherchéDiplôme en mécanique automobile ou équivalent.Expérience confirmée (minimum 7 ans) dans la gestion d’un garage poids lourds.Compétences aigues en management et leadership.Bonne connaissance des systèmes mécaniques, électriques et hydrauliques des camions.Sens de l’organisation, rigueur et esprit d’équipe.Capacité à résoudre rapidement les problèmes techniques.Veuillez envoyer votre CV à l’adresserushbibbe@gmail.com",https://www.emploidakar.com/offre-demploi/iklo-consulting-sicap-liberte-1-villa-1201-cdi-chef-de-garage/
Formations et certifications en ligne Coursera – Partenaire d’Emploi Dakar,Coursera,Sénégal,CDI,2026-04-07,N/A,"Vous voulez améliorer vos compétences, obtenir un certificat reconnu et décrocher plus d’opportunités professionnelles ? Avec Coursera, formez-vous en ligne auprès des meilleures universités et entreprises du monde : Google, IBM, Meta, HEC Paris, Université de Stanford, Université de Pennsylvanie, etc.Pourquoi choisir Coursera pour votre formation professionnelle ?Emploi Dakar s’associe à Coursera, la plateforme mondiale de formation en ligne, pour vous offrir un accès privilégié à plus de12 000 formations et de certifications reconnues à l’international.Avec Coursera, vous bénéficiez :de certifications reconnues mondialement qui vous permettent de valoriser vos compétences auprès des recruteurs au Sénégal et à l’étranger.d’une flexibilité totale : formez-vous où que vous soyez, à votre rythme, sur ordinateur ou mobile.des compétences directement applicables telles que l’intelligence artificielle, la data science, le marketing digital, la gestion de projet, les langues, la cybersécurité, etc.d’une ouverture internationale : accédez à des standards et méthodes utilisés partout dans le monde.Des opportunités concrètes pour votre carrièreUn certificat Coursera sur votreCVn’est pas seulement un document, c’est une preuve tangible de vos compétences et de votre engagement à apprendre.Pour les étudiants : démarquez-vous sur le marché de l’emploi avec des compétences recherchées par les entreprises.Pour les professionnels : donnez un nouvel élan à votre carrière ou orientez-vous vers un secteur porteur.Pour les entrepreneurs : renforcez vos connaissances en gestion, marketing et technologies pour développer votre activité.La plupart des apprenants ayant suivi une formation sur Coursera ont obtenu une promotion, changé de métier ou lancé leur propre entreprise grâce aux compétences acquises.Comment se lancer ?Pour vous lancer, il vous suffit de choisir la formation qui vous intéresse parmi les milliers de cours disponibles sur Coursera, puis de suivre les modules à votre rythme, en réalisant des exercices pratiques et des projets concrets. Une fois votre parcours terminé, vous obtiendrez un certificat que vous pourrez fièrement ajouter à votre CV et à votre profil LinkedIn. Il ne vous restera plus qu’à postuler à de nouvelles opportunités en mettant en avant vos compétences fraîchement acquises.Cliquez ici pour découvrir les formations disponibles et vous inscrire",https://www.emploidakar.com/offre-demploi/formations-et-certifications-en-ligne-coursera-partenaire-demploi-dakar/
Ingénieur Développement Produits agroalimentaire (Snack Food et Céréales),Topwork,"Dakar, Sénégal",CDI,2026-04-07,N/A,"Dans le cadre du développement de nos activités agroalimentaires, nous recrutons un(e) Responsable Développement Produits spécialisé(e) dans le snack food et les produits céréaliers.Vous aurez la charge du développement de nouveaux produits, de l’optimisation des recettes existantes et de l’amélioration des procédés industriels, aussi bien sur les gammes actuelles que sur les futurs axes de croissance.Les familles de produits concernées incluent notamment :Produits extrudés sucrés ou salés (séchés ou frits)Chips de pomme de terre (business actuels)Céréales petit-déjeunerBarres céréalièresBiscuits et produits dérivés (process futurs)Missions principales1. Développement produitsConcevoir et piloter le développement de nouveaux produits depuis l’idée jusqu’à l’industrialisationFormuler recettes (matières premières, additifs, profils sensoriels)Réaliser essais pilotes et industriels (extrusion, friture, séchage, cuisson…)Participer à la définition des cahiers des charges produits2. Optimisation des produits existantsAméliorer les recettes (coûts, qualité, stabilité, goût, texture)Optimiser les procédés de fabrication (rendement, pertes, cadence, régularité)Proposer des solutions techniques pour résoudre les problématiques qualité ou process3. Support industriel & innovationTravailler en étroite collaboration avec la production, la qualité et les achatsIdentifier de nouvelles matières premières ou technologiesParticiper à la veille technologique et marchéAccompagner les mises en production et montées en cadenceProfil recherchéFormation & expérienceIngénieur agroalimentaire / technologue alimentaire ou équivalentExpérience confirmée (minimum 5 ans souhaités) en développement produits snack / céréales / biscuitsMaîtrise des procédés : extrusion, friture, séchage, cuisson (fortement appréciée)Compétences techniquesTrès bonne connaissance des formulations céréalièresSolide compréhension des paramètres process industrielsCapacité à passer du laboratoire à l’échelle industrielleSensibilité forte à la qualité produit et au résultat terrainLanguesFrançais courant impératifAnglais bon niveau professionnelVeuillez envoyer votre CV à l’adressecv@topwork.sn",https://www.emploidakar.com/offre-demploi/topwork-dakar-senegal-cdi-ingenieur-developpement-produits-agroalimentaire-snack-food-et-cereales/
Commerciale Terrain,JAAY LEER,"Dakar, Sénégal",CDI,2026-04-07,N/A,"Offre d’emploi : Commercial(e) TerrainDans le cadre du développement de nos activités, nous recherchons un(e) Commercial(e) Terrain dynamique et motivé(e) pour rejoindre notre équipe.Missions principales :Prospecter et développer un portefeuille de nouveaux clients sur le terrainPrésenter et promouvoir les produits/services de l’entrepriseIdentifier les besoins des clients et proposer des solutions adaptéesAssurer le suivi des clients et fidéliser la clientèleAtteindre les objectifs commerciaux fixés par l’entrepriseEffectuer un reporting régulier des activités commercialesProfil recherché :Excellentes compétences en communication et en négociationDynamique, autonome et orienté(e) résultatsGoût prononcé pour le travail de terrain et le contact clientUne expérience en vente ou en prospection commerciale est un atoutNous offrons :Des opportunités de développement professionnelUne rémunération attractive basée sur la performanceVeuillez envoyer votre CV à l’adressetraoredieynaba74@gmail.com",https://www.emploidakar.com/offre-demploi/jaay-leer-dakar-cdi-commerciale-terrain/
Enquêteurs,Sen Interim,"Dakar, Sénégal",CDD,2026-04-07,N/A,"Nous recrutons des enquêteurs avec une expérience minimum de 2 ans.Missions principalesPréparation : Se familiariser avec le questionnaire, le matériel et la zone d’enquête.Collecte de données : Aborder les personnes cibles, présenter l’étude et mener les entretiens.Saisie et reporting : renseigner les questionnaires en temps réel et transmettre les données.Contrôle qualité : Vérifier la cohérence des réponses et signaler les anomalies.Respect des consignes : Suivre le protocole méthodologique et les délais imposés.Envoyez votreCVà l’adresse suivante :rerutement@seninterim.sn",https://www.emploidakar.com/offre-demploi/sen-interim-dakar-senegal-cdd-prestation-de-services-enqueteurs/
Ingénieurs Statisticiens,Sen Interim,"Dakar, Sénégal",CDD,2026-04-07,N/A,"Nous recrutons des ingénieurs statisticiens avec une expérience minimum de 2 ans.Missions principalesConception et Collecte : Élaborer des dispositifs d’enquêtes, des questionnaires et des protocoles de collecte de données.Traitement et Analyse : Nettoyer, structurer et analyser des données via des techniques statistiques descriptives et inférentielles.Modélisation et prévision : Développer des modèles mathématiques pour prédire des tendances.Visualisation et Reporting : Créer des tableaux de bord et rédiger des rapports détaillés pour la prise de décision.Veille Méthodologique : Assurer la veille sur les nouvelles techniques statistiques et logicielsEnvoyez votreCVà l’adresse suivante :rerutement@seninterim.sn",https://www.emploidakar.com/offre-demploi/sen-interim-dakar-senegal-cdd-cdi-ingenieurs-statisticiens/
Chauffeur Bilingue,GBG,"Dakar, Sénégal",CDD,2026-04-07,N/A,Nous recrutons un Chauffeur Bilingue – DakarProfil :CFEE1 à 2 ans d’expérienceBonne maîtrise du français (la pratique de l’anglais est un atout)Expérience dans le secteur de la gestion appréciéeEnvoyez votre CV à :recrutement@globalbusiness-gbg.com(Objet : Chauffeur Bilingue),https://www.emploidakar.com/offre-demploi/gbg-dakar-senegal-cdd-chauffeur-bilingue/
Graphique Designer Senior,GPF,"Dakar, Sénégal",CDI,2026-04-07,N/A,"Nous recrutons un(e) Graphique Designer Senior pour un de nos Clients évoluant dans la communication stratégique, les relations publiques et l’événementiel.Missions du Poste:Le/La Designer Senior est responsable de la traduction visuelle des stratégies de communication de l’agence.Il/elle conçoit des supports à forte exigence esthétique et éditoriale, destinés à des acteurs institutionnels et corporate, tout en contribuant à la scénarisation visuelle des événements.Ce rôle dépasse la simple exécution graphique : il s’agit d’un profil capable de structurer une identité visuelle cohérente, exigeante et adaptée à des environnements institutionnels.Responsabilités principales:1. Conception de supports de communication stratégiquesDesigner des supports institutionnels et corporate :brochuresone pagersop-edsprésentations (PowerPoint / Keynote)rapports et documents éditoriauxConcevoir des newsletters professionnelles (mise en page, hiérarchisation de l’information)Garantir la lisibilité, la clarté et l’élégance des supports2. Production de contenus digitauxCréer des visuels pour les réseaux sociaux (LinkedIn, Instagram)Concevoir des carrousels, templates et formats engageantsAdapter les contenus aux codes des différentes plateformes tout en respectant l’ADN des marques3.Direction artistique et cohérence visuelleDéfinir et décliner des univers graphiques cohérentsAssurer la qualité visuelle de l’ensemble des productions de l’agenceTravailler en étroite collaboration avec les équipes communication pour aligner fond et forme4. Contribution aux projets événementielsConcevoir des éléments visuels liés aux événements :signalétiquesupports scénographiquesbranding des espacesProduire des modélisations 3D pour illustrer les setups (stands, scènes, expériences)Participer à la projection visuelle des concepts événementiels5. Motion design (niveau intermédiaire à avancé)Produire des animations simples à intermédiaires :vidéos courtescontenus social mediasupports de présentation animésApporter une dimension dynamique aux contenus6. Encadrement du Chargé de création & contenuSuperviser et orienter le travail du profil juniorStructurer les méthodes de production graphiqueGarantir la montée en compétence de cette ressourceProfil:Expérience : 4 à 7 ans minimum en design graphique / direction artistiqueExpérience avec des clients institutionnels ou corporate exigeants (organisations internationales, cabinets, grandes entreprises)Portfolio démontrant une capacité à produire des visuels sobres, structurés et élégantsMaîtrise de la suite Adobe (InDesign, Illustrator, Photoshop)Bonne maîtrise de PowerPoint / Keynote (indispensable)Notions solides en motion design (After Effects ou équivalent)Capacité à produire des modélisations 3D simples à intermédiaires (SketchUp, Blender ou équivalent)Sens de la typographie, de la mise en page et de la hiérarchisation de l’information",https://www.emploidakar.com/offre-demploi/gpf-dakar-senegal-cdi-graphique-designer-senior/
Responsable des Operations,GPF,"Dakar, Sénégal",CDI,2026-04-07,N/A,"Nous recrutons un(e) Responsable des Opérations pour un de nos clients évoluant dans la communication stratégique, les relations publiques et l’événementiel.Le Responsable des Opérations est le bras armé de la stratégie.Il/elle traduit les orientations définies par la Direction Générale et le Responsable Stratégie & Développement en exécution opérationnelle performante, en assurant la coordination des équipes, la qualité des livrables et la rentabilité des projets.Mission:Garantir une exécution irréprochable des projets de l’agence, en structurant les opérations, en pilotant les équipes et en assurant la performance globale (qualité, délais, rentabilité).Le poste nécessite une capacité à opérer dans un environnement exigeant, avec une forte autonomie et un haut niveau de responsabilité.Responsabilités Principales:1. Exécution des stratégies définiesTraduire les orientations du Responsable Stratégie & Développement en plans opérationnelsS’assurer de la bonne compréhension des enjeux stratégiques par les équipesVeiller à la cohérence entre stratégie, production et livrables2. Pilotage des projets et du portefeuille clientSuperviser l’ensemble des projets (communication, RP, digital, événementiel)Garantir le respect des délais, budgets et standards de qualitéAssurer une vision globale des comptes et anticiper les risquesArbitrer les priorités opérationnelles3. Management des équipes opérationnellesEncadrement direct de :Senior Project ManagerChefs de projet (communication & événementiel)Chargés de projetCréation & contenusResponsabilités :Répartition des ressourcesSuivi de la performance individuelle et collectiveMontée en compétences des équipesMise en place d’une culture d’exigence et de responsabilité4. Structuration et optimisation des processMettre en place des process clairs et efficaces (gestion de projet, validation, production)Standardiser les méthodes de travailAméliorer la productivité et la fluidité interneImplémenter des outils de suivi (planning, reporting, gestion documentaire)5. Pilotage de la rentabilitéSuivre les budgets et marges par projet et par clientIdentifier les leviers d’optimisation des coûtsAlerter en cas de dériveContribuer à une logique de croissance rentable6. Reporting et coordination hiérarchiqueAssurer un reporting régulier au Responsable Stratégie & DéveloppementRemonter les points de vigilance opérationnelsProposer des ajustements organisationnelsContribuer à la prise de décision7. Supervision des projets sensiblesIntervenir sur les comptes stratégiques ou à forte visibilitéSécuriser les livrables à enjeu réputationnelApporter un regard senior sur l’exécutionProfil :7 à 10 ans d’expérience minimum, dont une expérience significative en agenceExpérience en pilotage d’équipes et gestion multi-projetsExcellente compréhension des métiers de la communication 360°Capacité à évoluer dans un environnement structuré mais en croissanceCompétences clésLeadership opérationnelRigueur et sens de l’organisationCapacité à prioriser et arbitrerCulture de la performance et du résultatMaîtrise des enjeux budgétairesExcellente communication interneExécuter parfaitement une vision stratégique définie par d’autresStructurer une organisation et la rendre performanteGérer la pression et les enjeux clients avec sang-froidÊtre un pilier fiable et constant dans l’organisation",https://www.emploidakar.com/offre-demploi/gpf-dakar-senegal-cdi-responsable-des-operations/
Chef de Projet Communication,GPF,"Dakar, Sénégal",CDI,2026-04-07,N/A,"Nous recrutons un(e) Chef de Projet Communication pour un de nos Clients évoluant dans la communication stratégique, les relations publiques et l’événementiel.Mission:Le/La Chef de Projet Communication est responsable de la mise en oeuvre opérationnelle des stratégies de communication pour les clients de l’agence.Il/elle assure la gestion quotidienne des comptes, la coordination des productions et la qualité des livrables, en garantissant la cohérence entre les recommandations stratégiques et leur exécution.Ce rôle requiert un profil capable de conjuguer rigueur opérationnelle, sens éditorial et compréhension des enjeux de communication d’influence.Responsabilités principales:1. Gestion et suivi des comptes clientsAssurer le suivi opérationnel des projets de communication (planning, livrables, coordination)Être l’interlocuteur quotidien des clients sur les sujets opérationnelsGarantir le respect des délais et des engagementsAnticiper les besoins et proposer des ajustements2. Mise en oeuvre des stratégies de communicationDéployer les plans de communication définis en amontTraduire les orientations stratégiques en actions concrètesVeiller à la cohérence des messages sur l’ensemble des supports3. Production éditoriale et contenusÉlaborer des calendriers éditoriaux (LinkedIn, Instagram, web, newsletters)Rédiger ou superviser la production de contenus :posts réseaux sociauxarticlesnewsletterssupports institutionnelsAdapter les messages selon les cibles (institutionnelles, corporate, grand public)4. Coordination de la productionTravailler en lien avec les équipes internes :graphisteschargés de contenuchefs de projet événementielSuperviser les prestataires externes si nécessaireS’assurer de la qualité et de la cohérence des livrables5. Relations publiques (niveau opérationnel)Participer à la mise en oeuvre des actions RPRédiger des communiqués et supports presseAssurer le suivi des retombées médiasContribuer à l’organisation de prises de parole (interviews, événements)6. Suivi de performance et reportingSuivre les indicateurs de performance (engagement, visibilité, retombées)Produire des reportings réguliersIdentifier des axes d’améliorationProfil:Expérience : 3 à 5 ans minimumFormation en communication, marketing ou journalismeTrès bonnes capacités rédactionnelles en français (anglais professionnel requis)Expérience en gestion de projets et production de contenusExécuter avec précision et fiabilitéComprendre les enjeux derrière chaque action de communicationProduire des contenus intelligents, pas uniquement esthétiquesS’intégrer dans une organisation structurée avec des standards élevés",https://www.emploidakar.com/offre-demploi/gpf-dakar-senegal-cdi-chef-de-projet-communication/
Traducteurs professionnels,MGtradAgence de traduction à Casablanca,Sénégal (Télétravail),CDI,2026-04-07,N/A,"MGtrad est une agence de traduction leader à Casablanca, offrant une large gamme de services linguistiques professionnels, adaptés aux besoins des entreprises et des particuliers.Pour plus d’informations, n’hésitez pas à consulter notre site web : https://www.mgtrad.com/Nous sommes actuellement à la recherche de traducteurs professionnels dans les langues suivantes : anglais, français, espagnol et italien. Les candidats doivent posséder une excellente maîtrise de leur(s) langue(s) de travail, une expérience confirmée en traduction, ainsi qu’un sens aigu de la précision et du détail.Si vous êtes intéressé(e), merci de nous envoyer votre CV détaillé accompagné d’une présentation de vos expériences et compétences en traduction à l’adressecontact@mgtrad.comNous serions ravis de collaborer avec des professionnels qualifiés et motivés.",https://www.emploidakar.com/offre-demploi/mgtrad-4ieme-etage-56-av-lalla-yacout-casablanca-20100-cdi-recherche-traducteurs-professionnels/
Nounou et Chef Cuisinière Expérimentées,Guest House,"Rufisque, Dakar",CDD,2026-04-06,N/A,"Une structure privée est à la recherche de deux profils expérimentés pour renforcer son organisation : une nounou pour la garde d’enfants et une chef cuisinière capable de préparer des plats variés avec un haut niveau de qualité.Poste 1 : Nounou ExpérimentéeVos missions principalesAssurer la garde et la surveillance des enfants.Veiller à leur sécurité et à leur bien-être au quotidien.Participer à leur éveil à travers des activités adaptées.Préparer les repas des enfants si nécessaire.Maintenir un environnement propre et organisé.Profil recherchéFemme âgée de 30 ans minimum.Expérience confirmée dans la garde d’enfants.Patiente, sérieuse et responsable.Sens de l’organisation et discrétion.Poste 2 : Chef Cuisinière Très ExpérimentéeVos missions principalesPréparer des plats variés avec une excellente qualité.Élaborer des menus équilibrés et adaptés.Assurer l’organisation et la gestion efficace de la cuisine.Respecter strictement les normes d’hygiène.Maintenir un espace de travail propre et structuré.Profil recherchéFemme très expérimentée en cuisine.Maîtrise de différents types de plats.Organisation, rapidité et professionnalisme.Sens élevé de la propreté et de la qualité.Nous offronsUn cadre de travail stable et respectueux.De bonnes conditions de travail.Pour postulerMerci d’envoyer votre CV àcisse96daouda@gmail.com",https://www.emploidakar.com/offre-demploi/guest-house-rufisque-cdd-nounou-et-chef-cuisiniere-experimentees/
Chauffeurs Taxi Particuliers,Urban Cars,"Parcelles Assainies, Dakar",Prestation de Services,2026-04-06,N/A,"Dans le cadre du développement de nos activités, nous recrutons des chauffeurs professionnels.Profil recherché :Titulaire d’un permis de conduire valideSérieux, ponctuel et motivéExpérience dans le transport (un plus)Documents à fournir :Copie légalisée de la CNICopie légalisée du permis de conduireCertificat de résidenceConditions :Horaires flexibles (24h/24)Véhicule mis à dispositionRémunération attractiveContact : +221 78 827 62 18 / +221 77 208 41 19",https://www.emploidakar.com/offre-demploi/urban-cars-dakar-parcelles-assainies-prestation-de-services-recrutement-chauffeurs-taxi-particuliers/
Femme de Ménage Qualifiée,Sérénité Pro Service,"Dakar, Sénégal",Prestation de Services,2026-04-06,N/A,"Nous recrutons des femmes de ménage qualifiée pour intervenir sur des logements de type Airbnb, appartements et villas à Dakar et particuliers.Vos missionsNettoyage complet des logements (sols, sanitaires, cuisine, surfaces)Remise en état entre deux locationsMise en place soignée (lit, serviettes, finitions)Respect des consignes et du protocole de nettoyage SPSTravail en équipe sous supervisionProfil recherchéExpérience obligatoire dans le ménage (hôtel, location ou particuliers)Sérieuse, ponctuelle et organiséeSens du détail et du travail bien faitBonne présentationCapacité à travailler rapidement et efficacementLe professionnalisme et la fiabilité sont essentielsVeuillez envoyer votre CV à l’adressesps@sereniteproservice.com",https://www.emploidakar.com/offre-demploi/serenite-pro-service-dakar-prestation-de-services-femme-de-menage-qualifiee/
"Expert BTP, Spécialisé en Génie Maritime/Côtier",Société Internationale d'Ingénierie Conseil,"Dakar, Sénégal",CDD,2026-04-04,N/A,"Un bureau d’études international lance un appel à candidatures pour le recrutement d’experts en Bâtiments Travaux Publics, spécialisé en génie maritime/côtier qualifiés dans le cadre de la mise en œuvre de projets d’infrastructures maritimes et côtières :Qualifications générales (Formation de base et expérience) :Au minimum 15 années d’expérience professionnelle (consultant senior)Adéquation pour la mission (expérience dans le domaine / missions similaires) :Avoir deux (2) Références d’interventions sur des infrastructure dédiées à la pêche en tant que Chef de Mission ;Avoir deux (2) Références spécifiques de la construction d’ouvrages marins ou en eau d’accostage ou d’accès (quais, digues, pontons semi-flottants, chemin d’accès ou de halage empierré submersible, plate-forme flottante ancrée sur ducs d’albe) en tant que Chef de mission.Envoyer vos CV et attestations (en mentionnant le titre du poste dans l’objet) à l’adresse suivante :recrute.societe.internationale@gmail.comDate clôture des dépôts : 10 Avril 2026",https://www.emploidakar.com/offre-demploi/societe-internationale-dingenierie-conseil-dakar-cdd-prestation-de-services-expert-btp-specialise-en-genie-maritime-cotier/
Business Developer freelance — Apporteur d’affaires,"Rise Your BusinessVoyez grand, nos experts s'occupent du reste","Dakar, Sénégal",Prestation de Services,2026-04-03,N/A,"Rise Your Business est une agence web,  spécialistes du e-commerce sur-mesure, nous créons, refondons et maintenons des sites webs performants, évolutifs et pensés pour durer. Nous accompagnons les entrepreneurs et PME d’Afrique francophone à chaque étape : création, refonte, maintenance et support.Dans le cadre de notre développement commercial, nous recherchons des Business Developers freelance motivés, rémunérés à la commission sur chaque client apporté.Ce que vous ferezIdentifier et prospecter des entrepreneurs, commerçants et PME ayant besoin d’un site web ou d’une boutique en lignePrésenter les offres de Rise Your Business et qualifier le besoin du prospectMettre en relation le prospect avec notre équipe technique pour la suiteCe que vous n’avez pas à fairePas besoin de connaissances techniques en développement webVous ne gérez pas les devis ni les contrats; c’est notre rôleVous n’avez pas à promettre des délais ou des fonctionnalités spécifiquesRémunération15% à 20% du montant encaissé sur chaque projet livré (site vitrine, boutique WooCommerce, refonte)Commission versée à l’encaissement de l’acompte client, pas à la signatureEXEMPLES CONCRETS :Vous amenez un client pour un site vitrine à 250 000 FCFA → vous touchez 15% soit 37 500 FCFAVous amenez un client pour une boutique à 400 000 FCFA → vous touchez 20% soit 80 000 FCFAVous amenez 2 clients par mois → 75 000 à 120 000 FCFA de revenus complémentairesProfil recherchéBonne aisance relationnelle et sens du contactRéseau professionnel actif (entrepreneurs, commerçants, associations business)Autonome, sérieux et capable de représenter une marque professionnellementBasé à Dakar ou en Afrique francophoneConditionsActivité freelance; pas de contrat salariéAucun investissement financier demandéVous travaillez à votre rythme, sans objectif minimum imposéPour candidater : envoyez un message viasupport@riseyourbusiness.frou contactez-nous directement par WhatsApp au+221 78 608 88 73",https://www.emploidakar.com/offre-demploi/rise-your-business-dakar-senegal-prestation-de-services-business-developer-freelance-apporteur-daffaires-agence-web-rise-your-business/
Conseillers Commerciaux (Free Télécom),Nabadji Group SARL,"Dieuppeul Derklé, Dakar",Prestation de Services,2026-04-03,N/A,"Dans le cadre du développement de nos activités, Nabadji Group SARL recrute des conseillers commerciaux expérimentés en vente FREE (télécom : box & mobile).Important :  Poste réservé aux candidats ayant déjà une expérience en vente Free (box ou mobile).MissionsContacter des prospects (appels sortants)Vendre des offres FREE (box & mobile)Argumenter et conclure des ventesAssurer le suivi clientAtteindre les objectifs commerciauxVeuillez envoyer votreCVà l’adresserecrutement@nabadji.com",https://www.emploidakar.com/offre-demploi/nabadji-sarl-%f0%9f%93%8d-dakar-dieuppeul-derkle-prestation-de-services-%f0%9f%93%a2-offre-demploi-conseiller-commercial-free-telecom/
Superviseur Recrutement,Sunda InternationalFaire de grandes réalisations sur la vaste plate-forme mondiale.,"Sindia, Thiès, Sénégal",CDD,2026-04-03,N/A,"Termes de référencePoste: Superviseur RecrutementDépartement : Ressources HumainesLieu: Sindia-Thiès, Pays SenegalType de contrat: CDD avec une période d’essaiDate de prise de fonction souhaitée: Le plus vite possible.ContexteDans le cadre du développement de ses activités, Softcare Sn Limited souhaite renforcer son équipe RH par le recrutement d’un(e) Superviseur Recrutement. Ce poste clé contribuera à l’optimisation de la stratégie de recrutement et à l’atteinte des objectifs de croissance de l’entreprise.Objectif général du posteLe/la Superviseur Recrutement est responsable de la gestion et de la coordination de l’ensemble du processus de recrutement, depuis l’identification des besoins jusqu’à l’intégration des nouveaux collaborateurs. Il/elle veille à l’adéquation entre les profils recrutés et les exigences des postes, dans le respect des délais et de la culture de l’entreprise.Principales missionsAnalyser les besoins en recrutement avec les responsables opérationnels ;Élaborer et mettre en œuvre la stratégie de sourcing la plus adaptée ;Rédiger et publier les offres d’emploi sur les canaux appropriés ;Superviser l’ensemble du processus de sélection : présélection, entretiens, tests, évaluation, etc. ;Coordonner les activités des recruteurs internes ou externes ;Participer à la négociation des propositions d’embauche ;Suivre l’intégration des nouvelles recrues et assurer le lien avec les services concernés ;Mettre en place des indicateurs de performance liés au recrutement ;Tenir à jour les tableaux de bord RH relatifs au recrutement ;Assurer une veille sur les tendances du marché de l’emploi et les meilleures pratiques.Profil recherchéFormationBac+4/5 en Ressources Humaines, Psychologie du travail, Droit du travail ou équivalent.ExpérienceMinimum 2 à 3 ans d’expérience dans le domaine du recrutement, dont au moins 1 an à un poste de supervision.Compétences techniquesBonne connaissance des techniques de recrutement et des outils de sourcing ;Maîtrise des outils bureautiques et des SIRH ;Connaissance du droit du travail local liée à l’embauche ;Maîtrise du français (l’anglais est un atout selon le contexte).Compétences comportementales :Leadership, sens de l’organisation, réactivité ;Bon relationnel et excellente communication ;Capacité d’analyse, rigueur et discrétion professionnelle.Conditions de travailContrat : CDD avec une période d’essaiRémunération: à définir selon le profilLieu de travail: Sindia dans la région de ThièsDisponibilité: Immédiate",https://www.emploidakar.com/offre-demploi/sunda-international-sindia-thies-senegal-cdd-superviseur-recrutement/
"Senior Malaria Advisor, DOS LEAP Global – Senegal",Dexis,"Dakar, Sénégal",CDI,2026-04-03,N/A,"The Senior Malaria Advisor will support the National Malaria Program in carrying out life-saving humanitarian assistance (LHA) service delivery in full alignment with the new Presidential Executive Order (EO) directives. The primary focus of the Advisor will be technical leadership to ensure the successful implementation of cost-effective, lifesaving direct service delivery for malaria prevention and treatment.The Malaria Technical Advisor will provide technical expertise to the National Malaria Control Program (NMCP) and the Ministry of Health and Public Hygiene (MSHP) in the design, planning, and management of national programs/projects/activities as well as in the development of Senegal policies, integrating best practices in malaria control. The position holder will identify programmatic bottlenecks and facilitate solutions through coordinated technical expertise, in support of Senegal’s development objectives.The technical advisor provides strategic and operational support to the national malaria control program, contributing to smooth operations by ensuring coordination of activities, capacity building of teams, and integration of innovations. He/she possesses proven expertise in digital transformation preferably, mastery of health information systems, logistics management and health product supply chain, ensuring real-time monitoring and tracking of health products and malaria control inputs. The Senior technical advisor supports the NMCP in establishing a digital platform for managing malaria control commodities to strengthen end-to-end visibility. The Technical Advisor will be based at the NMCP within the MSHP. He/she works under the direct supervision of the NMCP coordinator and will receive daily guidance from the NMCP coordinator. The Advisor will report to the U.S. Department of State biweekly, through a report validated by the NMCP coordinator.ResponsibilitiesTechnical LeadershipProvide expert malaria technical guidance to advance planning and implementation of malaria control interventions.Support the development of national malaria program strategies and work plans.Support the design, planning, and implementation of malaria prevention and control activities in accordance with the NMCP and U.S. government strategy. This includes but is not limited to vector control, case management at facility and community levels, seasonal malaria chemoprevention, support for malaria vaccine implementation, malaria in pregnancy, supply chain management, as well as monitoring and surveillance to ensure accountability and measure progress.Support the establishment of an effective and transparent digital platform for managing and monitoring routine LLIN distribution at all levels of the health pyramid.Provide, with local partners, technical and managerial expertise to health districts and communities to strengthen institutional capacities.Stay informed of current developments and successful interventions through regular engagement with malaria experts (national and international) and NMCP officials, to integrate proven strategies and interventions into national programming.Management of Program/Activity ImplementationEnsure that U.S. government resources are optimized to achieve sustainable malaria results, in accordance with U.S. government laws, regulations, policies, and procedures to ensure effectiveness and efficiency and avoid fraud, waste and abuse.Provide technical support to Department of State implementing partners and managerial support if necessary, during planning, design, and implementation phases to ensure quality interventions and achievement of programmatic objectives.Make recommendations for strategic or operational changes based on program performance analysis.Contribute to comprehensive management, from procurement to last-mile distribution of medicines, RDTs, and LLINs.Optimize logistics systems to ensure continuous availability of commodities, reduce stockouts and expiration risks, and ensure traceability of all commodities at all levels of the health pyramid.Contribute to the development and updating of logistics standard operating procedures (SOPs).Participate in quantification meetings to inform antimalarial product needs that will guide donor purchases. Resolve bottlenecks in the input ordering and delivery process.Provide practical expert advice to help the MSHP, NMCP, and other partners monitor commodities with particular emphasis on LLINs, and outcomes, and report on the overall program impact.As needed, work with the NMCP and other partners to develop and maintain a monitoring and evaluation plan to be implemented through existing MSHP systems and U.S. government-supported mechanisms. Conduct monitoring and evaluation visits at service delivery points to ensure that all quantitative and qualitative data are properly collected, and that program quality and added value are maintained.Coordination of Malaria Control PartnersEnsure that malaria-related activities are integrated across all health activities supported by the U.S. Department of State and coordinate them with the NMCP and ministry of health to avoid duplication and programmatic gaps.Coordinate with other partners and support efforts to fill gaps in malaria control service delivery and strengthen technical and managerial capacities within the NMCP at national, district, and local levels.Participate in and contribute to malaria related service delivery meetings hosted by the NMP and others.Communications:Regularly organize conference calls with the NMCP, partners, the U.S. Embassy, and Washington to review progress, discuss activities, and resolve emerging issues.The Malaria Technical Advisor must provide information and be available for calls/meetings with the U.S. Embassy, as needed.QualificationsMaster’s degree or local equivalent from an accredited program in Public Health, International Development, Social or Behavioral Sciences, Epidemiology, Biology, Infectious Diseases, Medicine, Pharmacy, or Immunization.Doctorate or master’s in computer science and data science preferred.Experience in digital systems.Minimum of 7 years of experience in public health, with a strong focus on malaria, preferably in a similar context.Prior experience with bilateral or multilateral donors such as the World Bank, Global Fund, U.S. government, or public sector projects at the national level, ensuring compliance with U.S. government rules and regulations.Demonstrated ability to review, analyze, and advise on all aspects of malaria control programming at national, regional, and district levels.Current knowledge of ongoing and emerging malaria-related issues, such as epidemiology, international policy, evidence development and malaria control strategies, new drugs and diagnostics.Experience working with key stakeholders in malaria control programming, preferably national actors and international donors.Ability to manage a complex portfolio of laboratory network strengthening.Excellent interpersonal skills and ability to work in a multicultural environment.Excellent written and oral communication skills in English and report writing.Professional fluency in French is required.Good command of computer tools and Microsoft Office programs.Excellent organizational, planning, negotiation, and problem-solving skills.Experience with public health programs funded by the U.S. Government.Proven expertise in logistics management and supply chain and management of routine LLINs, medicines, and other malaria control products.Expertise in health information systems management.",https://www.emploidakar.com/offre-demploi/dexis-dakar-senegal-cdi-senior-malaria-advisor-dos-leap-global-senegal/
Responsable Spa,Club Med,"Dakar, Sénégal",CDI,2026-04-03,N/A,"Vous êtesAttentionné, vous offrez un service personnalisé et une expérience unique à chaque clientReposant, vous dégagez de la zénitude et grâce à vous le temps semble s’arrêterChallenger/Performeur, vous aimez vous lancer de nouveaux défis pour développer le chiffre d’affaires du Spa (produits et services) et garantir la satisfaction de nos clientsVous allezVous développez en bénéficiant de formations professionnalisantes sur les protocoles de marques de renom telles que Sothys, Cinq Mondes ou encore PayotCoordonner et promouvoir l’espace Spa au sein du Resort (600 à 1 200 clients)Encadrer une équipe de 5 à 17 collaborateursPiloter et analyser les résultats financiers et la qualité du service Spa du ResortS’assurer de la qualité des relations avec les clients en renforçant la culture et l’esprit Club MedPromouvoir et mettre en place des animations commerciales au sein du ResortSuivre l’état des stocks, identifier les besoins en approvisionnement et établir les commandesÊtre en lien avec les différents service du Resort : lingerie, réception…Fédérer et motiver les équipes autour d’objectifs définis et les accompagner dans leur développementGarantir le respect des règles d’hygiène et de sécurité Club Med",https://www.emploidakar.com/offre-demploi/club-med-dakar-senegal-cdi-responsable-spa/
Chef(fe) de projet – Déploiement de Réseaux Electriques H/F,Sagemcom,"Dakar, Sénégal",CDI,2026-04-03,N/A,"Mission principalePiloter la conception, la mise en œuvre et la livraison d’un projet stratégique d’installation de réseaux électriques basse et moyenne tension, en assurant la coordination technique, financière et institutionnelle avec les parties prenantes (banques, institutions de financement, ministères, autorités locales).Responsabilités clésPilotage global du projet : planification, suivi des jalons et des engagements, gestion des risques et des ressources.Coordination des acteurs : banques, bailleurs de fonds, ministères de l’énergie, partenaires locaux.Management d’équipe : encadrer les chefs de projet, ingénieurs et équipes locales.Suivi financier : élaborer et contrôler le budget, assurer la conformité avec les exigences des institutions de financement.Reporting stratégique : fournir des rapports réguliers interne (Direction de la LoB Grid/GIS Sagemcom) et aux parties prenantes (le client, le ministère de tutelle, les institutions financières)Conformité réglementaire : garantir le respect des normes électriques, environnementales et légales.Communication & négociation : représenter le projet auprès des autorités et des partenaires financiers.Profil recherché :Formation en électronique, électrotechnique ou ingénierie électrique + formation complémentaire en finance de projet (MBA ou équivalent)Expérience confirmée : 10+ ans dans la gestion de projets d’infrastructure énergétique en Afrique ou marchés émergents.Connaissance des réseaux BT/MT et des normes internationales.Maîtrise du suivi de budget de projets complexes d’infrastructuresLeadership et gestion d’équipes multiculturelles.Excellentes compétences en communication et négociation.",https://www.emploidakar.com/offre-demploi/sagemcom-dakar-senegal-cdi-cheffe-de-projet-deploiement-de-reseaux-electriques-h-f/
Ingénieur Projet,Sagemcom,"Dakar, Sénégal",CDD,2026-04-03,N/A,"Le département GIS (Grid &amp; Infrastructure Solutions) est un acteur majeur pour l’électrification de sites isolés (zones rurales, sites télécom, sites industriels…), le renforcement de réseaux et les fermes solaires photovoltaïques et de stockage d’énergie.Description de la missionSes principales responsabilités sont :En phase d’appel d’offres : Assumer la responsabilité technique des réponses aux appels d’offres qui vous seront confiés :Analyser les besoins des clients, ainsi que les dossiers de consultation,Piloter et animer les réunions de clarifications avec les clients,Réaliser les études préliminaires d’ingénierie (dimensionnement des centrales, notes de calculs électriques : câbles BT/HTA…),Evaluer le productible des centrales PV, estimer les pertes et appréhender les incertitudes,Piloter les consultations nécessaires (fourniture, sous-traitance, transport : International et local…),Piloter et rédiger l’offre technique,Effectuer des études d’optimisation technico-économiques pour optimiser le Capex et Opex,Constituer le Capex des projets avec les outils internes.En phase d’exécution des projets : Porter la responsabilité technique des projets jusqu’à leur mise en service et réception :Réalisation des dossiers d’exécution, dont ceux nécessaires à la validation des spécifications détaillées et à la commande des équipements (notamment les études électriques : câbles BT/HTA, courts-circuits, protections BT/HTA,…),Piloter les équipes de dessin pour produire les différents livrables d’exécution,Piloter et coordonner les études réalisées, soit en interne, soit par des bureaux d’études externes (Etude de Foudre, Géotechniques, Hydraulique et Hydrologique, Civil…),Rédiger les Spécifications Techniques d’Achat des équipements (Transformateurs, Postes de Livraison et Transformation, Structures PV…) et être le soutien technique des équipes Achats, ainsi qu’assurer la conformité technique des solutions commandées,Rédiger les DCE et les annexes pour les consultations des différents lots de sous-traitance en collaboration avec le chef de projet construction,Apporter votre support technique à l’équipe construction sur des problématiques techniques en cours de chantier,Participer aux réunions client,Concevoir et piloter les procédures de mise en service,Participer aux visites d’audit technique ou de réception en usine chez les fournisseurs,Participer à l’amélioration des processus existants pour optimiser la productivité, et à l’optimisation des outils de calculs développés en interne,Effectuer un suivi des évolutions technologiques des fabricants,Assurer une veille sur les normes techniques et les évolutions réglementaires applicables aux centrales photovoltaïques,Indicateurs de performance : Offres gagnées, marge et optimisation des coûts lors de la réalisation du projet, performance des centrales, respect du planning et qualité du projet (ingénierie et achats notamment), conformité technique des livrables et ingénierie et satisfaction client.L’ingénieur projet Sénior Centrales PV sera sous la responsabilité du Responsable technique d’activité du Pôle Electrification, du département GIS au siège de Sagemcom.Profil recherché :Universitaires : Bac + 5 – Diplôme d’ingénieur avec spécialisation en génie électriquePlus de 10 ans d’expérience au sein d’un contractant EPC Solaire ou d’un bureau d’études d’un développeur de projets,Compétences solides dans le domaine de la production et stockage d’énergie,Une forte appétence pour la conception et le suivi technique de projets d’infrastructure clés-en-main faisant intervenir des technologies récentes ainsi qu’une organisation de projet complexe avec plusieurs corps de métier,Maitrise de la conception d’une centrale solaire, y compris du réseau HTA (>>MW) ;Bonne compréhension des enjeux et contraintes de raccordement au réseau de distribution publique,Autonome et capable de s’adapter aux différents interlocuteurs,Expérience avec les logiciels métier suivantes : AutoCAD, PVSyst, Lise PV ou Caneco BT et PVcase. PowerFactory sera un plus.",https://www.emploidakar.com/offre-demploi/sagemcom-dakar-senegal-cdd-cdi-ingenieur-projet/
Stage subventionné pour jeunes diplômés au sein de la Délégation de l’UE au Sénégal,Délégation de l’Union Européenne au Sénégal,"Dakar, Sénégal",Stage,2026-04-03,N/A,"Êtes-vous un(e) jeune diplômé(e) intéressé(e) par les relations internationales? Etes-vous curieux(se) d’en apprendre davantage sur le travail au sein d’une mission diplomatique et de savoir comment une Délégation représente les intérêts et les valeurs de l’Union européenne en République du Sénégal?Nous offrons:Un stage de 5.5  mois en 2026. au sein de la section Politique, Presse et Information à la Délégation de l’UE. La date de début provisoire serait 1er septembre 2026 , sous réserve de disponibilité budgétaire.Tâches principales:Suivi et analyse du positionnement/visibilité de l’UE dans les mediasAppui à la rédaction de documentsAppui à la gestion des réseaux sociauxAppui à l’organisation d’évènementsTravaux de recherche et d’analyse sur des thématiques d’actualitéNous recherchons:Qualifications ou prérequis spécifiques:Intérêt démontré pour le travail diplomatique et les relations internationales ;Intérêt pour les affaires européennes ;Autonomie, flexibilité et sens du travail en équipe ;Excellente maîtrise du français écrit et oral ;Connaissance de l’anglais écrit et oral est un atout ;Excellente maitrise de Microsoft Office et des médias sociaux ;Excellentes compétences analytiques et de rédaction ;Etre titulaire d’un diplôme en droit, relations internationales, sciences politiques, journalisme et communications, économie ou dans un autre domaine en relation est un atoutConnaissance du paysage médiatique sénégalais.Pour les candidats des Etats Membres de l’UE, seuls seront considérés éligibles les détenteurs d’une carte de résident valable jusqu’à la fin du stageDélai pour l’envoi des candidatures : 30 avril 2026",https://www.emploidakar.com/offre-demploi/delegation-de-lunion-europeenne-au-senegal-dakar-senegal-stage-stage-subventionne-pour-jeunes-diplomes-au-sein-de-la-delegation-de-lue-au-senegal/
Comptable,RMO Sénégal,"Dakar, Sénégal",CDD,2026-04-02,N/A,"Localisation : DakarType de contrat : CDD avec une disponibilité immédiate.Missions principalesGestion comptable des biens et suivi des loyers, charges et paiements ;Établissement des états financiers et réconciliation des comptes ;Reporting régulier aux clients.Profil recherchéFormation comptable avec maîtrise d’Excelet logiciels comptables, expérience en immobilier souhaitée ;Minimum 3 ans d’expérience ;Profil rigoureux, fiable et doté d’une bonne capacité d’analyse.CandidatureEnvoyez votre CV àcarrieres@rmo.snen indiquant en objet du mail l’intitulé du poste souhaité.",https://www.emploidakar.com/offre-demploi/rmo-senegal-dakar-senegal-cdd-cdi-comptable/
Développeur Sénior,Baobab Group,"Dakar, Sénégal",CDI,2026-04-02,N/A,"Au sein du département de développement de Baobab Services dont les clients sont des filiales de Baobab en Afrique et en Chine, le candidat développera des solutions logicielles sur une variété de projets impliquant à la fois le système bancaire et d’autres systèmes tiers dans un environnement hautement collaboratif et en évolution continue.Vous participerez activement à l’analyse, la conception, le développement, les tests et le déploiement des services pour gérer les différents produits de nos clients.Vous collaborez avec les membres de l’équipe informatique et les membres des autres départements du groupe.En tant que développeur d’Application, vous devez comprendre les exigences des utilisateurs, développer et participer à l’amélioration continue des pratiques de développement dans un contexte multi-filiales et d’équipes décentralisées.ResponsabilitésDéveloppement Backend et Qualité(prioritaire)Concevoir, développer et maintenir des APIs robustes et sécuriséesParticiper à l’architecture et à l’évolution des microservicesAssurer l’intégration avec le core banking system (T24)Optimiser les performances et la scalabilité des servicesDéfinir et suivre des indicateurs de qualité.Contribution FrontendParticiper au développement des interfaces web et mobileAssurer l’intégration avec les APIs backendRefonte et résolution de dette techniqueIdentifier et réduire la dette techniqueParticiper à la refonte de l’applicationMettre en place des standards de développementGestion & OrganisationTravailler avec le Product Owner pour prioriser les besoins techniques et fonctionnels.Anticiper les risques techniques et proposer des solutions adaptées.Veille & InnovationAssurer une veille continue sur les technologies front-endIdentifier les opportunités d’amélioration et anticiper l’obsolescence technologique.Qualifications et expérienceIngénieur Informatique (BAC+5)Maîtrise des langages de développement relatifs aux applications de type Front End et Back End (HTML5, CSS3, SQL, Java, JSON, React, …)5+ années d’expérience dans le développement de solutionsCompréhension approfondie des outils de version de code, tels que Git (l’expérience Gitlab est un plus)Compétences fortes et en constante évolution dans les microservices et le développement d’APISolides connaissances et compréhension des principes des bases de données relationnelles (SQL Server) et NoSQL (Mongo)Capacité à travailler dans un environnement Agile / SCRUMCompréhension des principes d’accessibilité, de sécurité et de conformité des composants applicatifsImplémentation de plateformes de tests automatisés et de tests unitairesLa connaissance de T24 (Jbasic) est un plusConnaissance de la microfinance / banque est un plusFrançais courant et bon niveau d’anglaisLeadership naturel et capacité à fédérer une équipe.Proactif, motivé et très organiséPassionné de développement de logiciels avec un intérêt marqué pour les nouvelles technologies émergentesCapacité à résoudre les problèmes rapidement et efficacementCapacité à être multitâche et à rester organisé dans un environnement de travail dynamique et curieux, avec une excellente attention aux détailsCapacité à gérer des conflits et à communiquer efficacement avec les partenairesBonnes qualités relationnelles en particulier dans un contexte multiculturelAutonomie dans la gestion de son activitéSi vous avez envie de contribuer à notre projet d’entreprise et d’accompagner notre croissance, envoyez votre CV et lettre de motivation àcandidaturebbs@baobab.comen mentionnant dans le titre de votre email la référence : SEN_APP_DEV 04 2026",https://www.emploidakar.com/offre-demploi/baobab-group-dakar-senegal-cdi-developpeur-senior/
Restaurant Manager,Top Work,"Dakar, Sénégal",CDD,2026-04-02,N/A,"Dans le cadre du renforcement des équipes d’un de nos clients dans le secteur de la restauration, nous recrutons un Restaurant Manager H/F.Mission principaleVous êtes garant(e) de la fluidité des opérations, de la qualité de service, de la satisfaction client et de la performance globale des points de vente. Présent(e) sur le terrain, vous coordonnez les équipes, optimisez l’organisation et veillez à une exécution irréprochable des standards. Poste résolument opérationnel.ResponsabilitésGestion opérationnelle & commerciale.Piloter le fonctionnement quotidien des restaurants.Assurer une qualité de service optimale (rapidité, efficacité, expérience client).Gérer les réclamations clients (sur place, à emporter, livraison).Mettre en œuvre des actions pour augmenter le chiffre d’affaires.Gestion des stocks & achatsSuperviser la gestion des stocks.Réaliser un inventaire mensuel.Contrôler les achats et les prix fournisseurs.Optimiser les coûts et limiter les pertes.Gestion du personnelManager les équipes (salle et cuisine).Élaborer les plannings.Participer au recrutement.Assurer la formation et la montée en compétences.Gestion de la salle & des opérationsVeiller au respect des normes d’hygiène, sécurité et tenue.Superviser le bon déroulement du service.Garantir une organisation fluide et efficace.Process & outilsMettre en place et améliorer les process internes.Assurer l’utilisation des outils et logiciels (notamment Huss Yahya).Participer à la mise en place de la nouvelle carte Suivi des équipements.Assurer le contrôle régulier des équipements nécessaires à l’exploitation.Profil recherché10 d’expérience dans un poste similaireUne expérience confirmée en gestion opérationnelle (restauration ou activité similaire)Une forte capacité à piloter des équipesDes connaissances en outils informatiquesUn(e) leader organisé(e) et rigoureux(se)Réactif(ve), orienté(e) solutions et résultatsExigeant(e) sur la qualité de serviceÀ l’aise dans un environnement dynamiquePour postuler, merci d’envoyer votreCVà :cv@topwork.snen précisant en objet l’intitulé du poste.",https://www.emploidakar.com/offre-demploi/top-work-dakar-senegal-cdd-cdi-restaurant-manager/
Techniciennes de Surface,CLEANIC,"Dakar, Sénégal",Prestation de Services,2026-04-02,N/A,"Dans le cadre du renforcement de ses équipes opérationnelles, CLEANIC recrute plusieurs techniciennes de surface à temps plein pour assurer des missions de nettoyage professionnel auprès de ses clients.Lieu de travail : Dakar Prise de poste : ImmédiateMissions principalesAssurer le nettoyage et l’entretien des locaux confiés (bureaux, chantiers, espaces communs, etc.)Appliquer rigoureusement les consignes d’hygiène et de sécurité en vigueurGarantir un environnement propre, sain et conforme aux standards de qualité CLEANICRendre compte de l’avancement des travaux et signaler toute anomalie constatéeProfil recherchéPersonne sérieuse, dynamique et ponctuelleUne expérience préalable dans le nettoyage professionnel est un atout appréciéSouci du travail bien fait et sens des responsabilitésAptitude à travailler efficacement en équipeComment postuler ?Envoyez un mail àrecrutement@cleanicsenegal.comen précisant votre adresse, votre numéro de téléphone et, si possible, votre expérience dans le domaine.Les postes sont à pourvoir immédiatement. Les candidatures seront traitées dans les meilleurs délais.Partagez cette offre autour de vous, vous contribuez peut-être à une belle opportunité pour quelqu’un de votre entourage.",https://www.emploidakar.com/offre-demploi/cleanic-dakar-prestation-de-services-technicienne-de-surface-2/
Agent de Sécurité,"LIS SecurityVotre sécurité, notre priorité.","Dakar, Sénégal",CDD,2026-04-01,N/A,"LIS Security recrute des agents de sécurité à Diamniadio, Dakar, Bargny, Zac Mbao, Medina, Sacré-coeur, Ouakam, Keur Massar, Yarakh et environs.Pièces à fournir :Carte d’identité national ou passeportDomicile ou  résidenceCasier judiciaireVisite contre visiteCurriculum vitaeDemande manuscrite adressée au Directeur General  de LYS SECURITY.Dépôt Physique : Ouest Foire à coté de la Pharmacie Ama NdiayeMail :doucoure@leaderinterime.com/lissecurity@leaderinterime.comNous joindre au 77 629 75 52 ou +221 77 342 69 93.",https://www.emploidakar.com/offre-demploi/lis-security-dakar-cdd-stage-agent-de-securite/
Acheteur,Top Work,"Kédougou, Sénégal",CDD,2026-04-01,N/A,"Dans le cadre du renforcement des équipes de l’un de nos clients évoluant dans le secteur Minier, nous recrutons un Acheteur.ResponsabilitésTravailler en étroite collaboration avec les divers intervenants responsables des opérations du traitement du minerai à l’usine, afin d’assurer la disponibilité du matériel et d’en coordonner la distribution efficace, incluant les équipements de manutention.Procéder à l’achat de biens et services localement qui sont nécessaires à l’opération du site de traitement de minerai en négociant le prix, les délais de livraison et les termes de paiement.Coordonner certaines activités de la logistique telles que le transport, l’entreposage et les douanes.Procéder à l’achat de matériel pour inventaire selon les critères établis aux conditions d’achats internationaux.Gérer le personnel professionnel sous sa juridiction.Procéder à la recherche et à la validation de nouveaux fournisseurs.Encadrer, former et superviser une équipe performante à l’entrepôt des pièces, selon les meilleures pratiques d’affaires dans les domaines de la logistique, la manutention, l’entreposage et la gestion des inventaires.Profil recherchéDiplôme d’études universitaires en administration, gestion des opérations, logistique ou achats.Un minimum de 5 années d’expérience dans une fonction d’approvisionnement acquise dans le milieu manufacturier et préférablement dans une entreprise à caractère international.Posséder une appellation professionnelle reconnue dans le domaine de l’approvisionnement.Connaissances pratiques de la suite Microsoft Office.Bilinguisme essentiel (anglais – français)Aptitudes prouvées dans la promotion d’une culture de santé et sécurité sans faille et un respect des normes environnementales.Facilité à planifier et prioriser stratégiquement les plans d’actions et rigueur et orientation naturelle vers les résultats.Excellentes aptitudes à former, communiquer, influencer, motiver et mobiliser.NB : les candidatures locales (Kédougou et alentours) seront privilégiés.Pour postuler, merci d’envoyer votre CV à :cv@topwork.snen précisant en objet l’intitulé du poste.",https://www.emploidakar.com/offre-demploi/top-work-kedougou-senegal-cdd-acheteur/
Chargé de Pilotage & Performance,GPF,"Dakar, Sénégal",CDD,2026-04-01,N/A,"Nous recrutons un Chargé(e) de Pilotage & Performance pour un de nos clients évoluant dans le secteur bancaire.Objectif du posteApporter un appui technique, analytique et de coordination au Directeur du Hub Régional dans le suivi de la performance des portefeuilles, la préparation opérationnelle et la gouvernance des projets.Le rôle consiste à :Consolider les informationsIdentifier les risques et blocagesPréparer des analyses pour la prise de décisionAssurer le suivi structuré des actionsResponsabilités principalesA. Analyse de performance du portefeuilleConsolider les données pays (financières, achats, risques)Produire des tableaux de bord et analysesIdentifier les risques et incohérencesB. Appui aux processus de gouvernanceSuivre les échéances clés (OTC, OMC, BED)Consolider les éléments de préparationAppuyer la qualité des dossiersC. Suivi des actions et des blocagesSuivre les actions prioritaires décidéesIdentifier et remonter les blocagesProduire des notes d’analyseD. Support à la qualité et aux briefingsPréparer notes, synthèses, discoursGarantir la cohérence et qualité des contenusE. Gestion des connaissancesCapitaliser les bonnes pratiquesStandardiser les outils de suiviF. Support aux réunionsPréparer les réunions du DirecteurStructurer les ordres du jourFormaliser les décisions et plans d’actionProfil recherchéFormation :Bac +3/5 en économie, finance, ingénierie, gestion de projet ou équivalentExpérience :5 à 7 ans en coordination de projets, analyse de portefeuille ou support opérationnelCompétences :Analyse, synthèse, rédactionRésolution de problèmesInfluence sans autoritéSens de la confidentialitéLangues :Français et anglais courants (arabe est un plus)",https://www.emploidakar.com/offre-demploi/gpf-dakar-senegal-cdd-charge-de-pilotage-performance/
Responsable de Zone,Top Work,"Thiès, Mbour",CDD,2026-04-01,N/A,"Dans le cadre du renforcement des équipes de l’un de nos clients leader dans le secteur de l’agroalimentaire, nous recrutons un Responsable de Zone.Secteur : AgroalimentaireResponsabilitésDévelopper le portefeuille clients suivre les encours clientsAtteindre les objectifs de ventes fixés par la Direction GénéraleAssurer la bonne disponibilité des produits sur le marchéNégocier les conditions de vente avec les grossistesAssurer la veille concurrentielle et remontée d’infos des clientsProfil recherchéBac+4 minimum en Commerce/Marketing ou domaine équivalentExpérience de 5 à 8 ans minimum en développement commercialBonne maîtrise des techniques de vente et de négociationCapacité à développer un portefeuille clients et à atteindre des objectifs ambitieuxExcellent relationnel et sens du service clientAutonomie, organisation et esprit d’initiativeMaîtrise des outils de reporting et CRMPour postuler, merci d’envoyer votre CV à :cv@topwork.snen précisant en objet l’intitulé du poste.",https://www.emploidakar.com/offre-demploi/top-work-thies-mbour-cdd-cdi-responsable-de-zone/
Pompiste,International Staffing Company,"Thiès, Sénégal",CDD,2026-04-01,N/A,"Profil Recherché :Niveau Bac ou TerminaleHonnêteté, excellente présentationRigueur dans les encaissementsBonne maîtrise du français et du wolofMissions :Assurer la distribution du carburant et l’accueil client;Procéder à l’encaissement ;Veiller au respect strict des règles de sécurité sur la piste.Veuillez envoyer votreCVà l’adresseischcrecruitment@groupetalentapro.com",https://www.emploidakar.com/offre-demploi/international-staffing-company-thies-senegal-cdd-pompiste/
Technicien de baie,International Staffing Company,"Thiès, Sénégal",CDD,2026-04-01,N/A,"Profil Recherché :CAP obligatoire en mécanique automobile, maintenance des véhicules ou électromécanique.Missions :Assurer l’entretien courant des véhicules ;Conseiller la clientèle ;Veiller à la propreté, au stock et à la sécurité de la baie.Veuillez envoyer votreCVà l’adresseischcrecruitment@groupetalentapro.com",https://www.emploidakar.com/offre-demploi/international-staffing-company-thies-senegal-cdd-technicien-de-baie/
Rayonniste,International Staffing Company,"Thiès, Sénégal",CDD,2026-04-01,N/A,Profil Recherché :Minimum BFEM ou niveau lycée ;Expérience en commerce appréciée ;Sens de l’organisation et rigueur ;Vigilance et esprit d’équipe.Missions :Assurer le remplissage et l’étiquetage des rayons;Contrôler des dates de péremption et de la propreté des rayons/réserve ;Contribuer à une bonne présentation des produits et à la satisfaction client.Veuillez envoyer votreCVà l’adresseischcrecruitment@groupetalentapro.com,https://www.emploidakar.com/offre-demploi/international-staffing-company-thies-senegal-cdd-rayonniste/
Caissier,International Staffing Company,"Thiès, Sénégal",CDD,2026-04-01,N/A,"Profil Recherché :Bac obligatoire ;Première expérience en caisse appréciée ;Honnêteté et rapidité ;Courtoisie et bonne présentation.Missions :Assurer l’encaissement, l’accueil client et la tenue de la caisse ;Participer aussi à la vente d’impulsion et au réassort léger.Veuillez envoyer votreCVà l’adresseischcrecruitment@groupetalentapro.com",https://www.emploidakar.com/offre-demploi/international-staffing-company-thies-senegal-cdd-caissier/
Laveur,International Staffing Company,"Thiès, Sénégal",CDD,2026-04-01,N/A,Profil Recherché :Niveau minimum certificat de fin d’études primaires ;Savoir lire et écrire.Missions :Assurer le nettoyage des véhicules ;Suivre le matériel et la relation client ;Respecter les consignes de sécuritéGarantir une livraison propre et dans les délais.Veuillez envoyer votreCVà l’adresseischcrecruitment@groupetalentapro.com,https://www.emploidakar.com/offre-demploi/international-staffing-company-thies-senegal-cdd-laveur/
Chef de piste,International Staffing Company,"Thiès, Sénégal",CDD,2026-04-01,N/A,"Profil Recherché :Minimum bac+3 ;2 ans d’expérience dans un poste similaire ;Autorité naturelle, sens du service ;Maîtrise du français et du wolof.Missions :Coordonner les pompistes;Contrôler les encaissements, la qualité du service et la propreté ;Remplacer le gérant en cas d’absence.Veuillez envoyer votreCVà l’adresseischcrecruitment@groupetalentapro.com",https://www.emploidakar.com/offre-demploi/international-staffing-company-thies-senegal-cdd-chef-de-piste/
Gérant de boutique,International Staffing Company,"Thiès, Sénégal",CDD,2026-04-01,N/A,"Profil Recherché :Minimum Bac+3 en commerce/vente/gestion;2 ans d’expérience en distribution, maîtrise des outils de caisse et stock ;Sens de l’esthétique et leadership.Missions :Piloter l’activité commerciale de la boutique: ventes, stocks, caisse et management de l’équipe ;Veiller à l’attractivité du point de vente et à l’atteinte du chiffre d’affaires.Veuillez envoyer votreCVà l’adresseischcrecruitment@groupetalentapro.com",https://www.emploidakar.com/offre-demploi/international-staffing-company-thies-senegal-cdd-gerant-de-boutique/
Gérant de station,International Staffing Company,"Thiès, Sénégal",CDD,2026-04-01,N/A,"Profil Recherché :Minimum Bac+5 ;2 à 3 ans d’expérience dans un poste similaire;Maîtrise des outils informatiques ;Connaissance des produits pétroliers.Missions :Gérer la station ;Encadrer les équipes ;Garantir la rentabilité, la qualité de service et le respect des procédures.Veuillez envoyer votreCVà l’adresseischcrecruitment@groupetalentapro.com",https://www.emploidakar.com/offre-demploi/international-staffing-company-thies-senegal-cdd-gerant-de-station/
Responsable Exploitation Hotel,Importante Société de la Place,"Somone, Sénégal",CDD,2026-03-31,N/A,"Une société de la place évoluant dans l’hébergement, la restauration et le bien-être, basée à Somone (Mbour), recherche un(e) Responsable d’Exploitation.Missions :Veiller à la gestion opérationnelle quotidienne à savoir : planifier, superviser et coordonner les différentes opérations.Garantir la qualité du service et la satisfaction des clients.Responsabilités :Être en lien avec les supérieurs pour prendre des décisions concernant les activités opérationnelles et fixer des objectifs stratégiques.Planifier et surveiller le fonctionnement quotidien des différentes tâches pour garantir le bon déroulement des opérationsEncadrer et superviser le personnel des différents services et fournir un feedbackÉvaluer régulièrement l’efficacité des procédures commerciales en fonction des objectifs et apporter des améliorationsElaborer les budgets ventes et charges, et assurer le suivi administratif, budgétaire et logistique, de même que les actions correctrices à menerParticiper activement à la politique de marketing, développer de nouvelles offres, de nouveaux servicesSuperviser les processus de support client et les organiser pour améliorer la satisfaction clientVeiller au respect des réglementations locales en matière de santé et de sécuritéCompétences requises :Capacité à communiquer, diriger et motiver une équipe, à gérer les conflits et à prendre des décisions stratégiquesExcellentes aptitudes relationnelles pour interagir avec les clients et les partenaires.Capacité à gérer plusieurs tâches et à travailler efficacement sous pressionConnaissance approfondie de divers principes et fonctions commercialesMaîtrise de l’informatique et des outils de gestion hôtelière et des normes de qualité du secteur.Qualification :Diplôme en gestion hôtelière, tourisme ou domaine connexe.Expérience significative dans un poste de gestion au sein d’un hôtel ou d’un établissement similaire.CandidaturePour postuler, nous vous prions de bien vouloir nous faire parvenir votre CV et lettre de motivation.",https://www.emploidakar.com/offre-demploi/importante-societe-de-la-place-somone-senegal-cdd-cdi-responsable-exploitation-hotel/
Consultant Support FAI avec expertise N1,Alten Sénégal,"Dakar, Sénégal",Stage,2026-03-31,N/A,"Description de l’entrepriseImplantée à Dakar, ALTEN Sénégal est la filiale du groupe ALTEN, leader mondial de l’ingénierie et du conseil en technologies. Elle joue aujourd’hui un rôle clé dans l’accompagnement du développement professionnel des ingénieurs en Afrique de l’Ouest, et accompagne la stratégie de développement de ses clients dans les domaines de l’innovation et des systèmes d’information technologiques.Notre mission : répondre aux ambitions technologiques de nos clients — grands donneurs d’ordre internationaux — dans les secteurs de l’automobile, du ferroviaire, de l’IT, des télécommunications et des médias.Rejoindre ALTEN Sénégal, c’est intégrer un écosystème d’excellence et bénéficier :D’un parcours de carrière personnalisé et évolutifD’une politique ambitieuse de développement des compétencesD’un environnement de travail stimulant, collaboratif et porteur de sensDescription du posteAu sein de l’équipe de support technique clients, vous serez intégré à une chaîne de support de niveau 1 et serez en charge du support et de l’expertise sur l’ensemble des phases du traitement des incidents réseaux.Vous serez amené à :Traiter les plaintes unitaires « Grand Public » et « Entreprises » sur les périmètres d’accès ADSL , FTTH et les services associés (VOIP, IPTV.),Analyser, diagnostiquer et résoudre les incidents avec contraintes de temps,Assurer la satisfaction du client en apportant des réponses pertinentes et pointues dans des délais minimums,Assurer la communication client,Identifier, diagnostiquer les dysfonctionnements, incidents, interruptions de service et mettre en œuvre les mesures correctives,Contrôler de la bonne complétude et avancée des tickets de niveau 1,Assurer un support à l’équipe service clients et aux équipes terrains de premier niveau,Accompagner le client final de bout en bout jusqu’au rétablissement du service,Qualifier les tickets avant escalade sur les services Expert niveau 3 (analyse et diagnostic),Faire le suivi des incidents : Exploitation de la base d’incidents : relances, consolidation, analyse de tendance. Demandes d’actions préventives de fond,Accueillir des demandes des utilisateurs suite à des dysfonctionnements : prise en compte des appels des clientsQualificationsDiplômé d’un Bac +2/+3 avec une spécialisation en réseaux et télécom ou en Informatique.Expérience : Expérience Support client/gestion relation client d’au moins un an exigéUne expérience dans le secteur des Télécoms (ex : Fournisseurs d’Accès Internet) serait un plusCompétences linguistiques : Français : niveau de communication avancé ( B2, C1)Informations complémentairesVous êtes rigoureux, créatif, curieux et vous aimez travailler en équipe et monter en compétence dans un environnement dynamique. Les métiers du service vous animent et vous souhaitez évoluer dans un environnement convivial, rejoignez-nous !",https://www.emploidakar.com/offre-demploi/alten-senegal-dakar-senegal-stage-consultant-support-fai-avec-expertise-n1/
Commercial B2B,REGIPUB,"Dakar, Sénégal",CDD,2026-03-31,N/A,"Mission principaleDévelopper le chiffre d’affaires de la régie publicitaire en commercialisant des espaces publicitaires (affichage, digital, TV, radio ou presse) auprès d’un portefeuille de clients existants et de nouveaux prospects.Responsabilités principales1. Développement commercialProspecter de nouveaux clients (annonceurs, agences médias, institutions)Développer et gérer un portefeuille clientsIdentifier les opportunités de business et proposer des solutions adaptéesNégocier et conclure les contrats commerciaux2. Gestion des comptes clientsAssurer le suivi et la fidélisation des clientsConseiller les clients sur les stratégies de communication et plans médiaSuivre la mise en place des campagnes publicitaires3. Suivi des performancesAtteindre les objectifs de chiffre d’affaires fixésAnalyser les performances des campagnes et proposer des optimisationsAssurer un reporting régulier à la direction4. Veille marchéSuivre les tendances du marché publicitaire au SénégalAnalyser les actions de la concurrence (régies, agences, médias)Identifier de nouvelles opportunités de croissanceProfil recherchéFormation : Bac+3 à Bac+5 en Commerce, Marketing, Communication ou équivalentExpérienceMinimum 3 ans d’expérience en régie publicitaire, média ou agenceExpérience confirmée en vente B2BBonne connaissance du marché publicitaire sénégalaisCompétences techniquesMaîtrise des techniques de vente et négociationBonne connaissance des supports publicitairesCapacité à élaborer des offres commerciales et des plans médiaQualités personnellesExcellent relationnel et sens du service clientForte orientation résultatsAutonomie et proactivitéCapacité à travailler sous pressionRémunération & avantagesSalaire fixe + variable attractif (commissions sur ventes)Téléphone professionnelÉventuels avantages (transport, véhicule service commercial, etc.)Évolution possible : Responsable Commercial / Directeur CommercialVeuillez envoyer votreCVà l’adresseinfojob824@gmail.com",https://www.emploidakar.com/offre-demploi/regipub-dakar-senegal-cdd-cdi-commercial-b2b/
Agent Enquêteur,Elite RHCabinet de recrutement,"Dakar, Sénégal",Prestation de Services,2026-03-31,N/A,"Mission principaleL’Agent Enquêteur assure la collecte fiable et rigoureuse de données sur le terrain, dans le respect des méthodologies définies, afin de garantir la qualité et la pertinence des informations recueillies pour les études.Principales responsabilitésRéaliser les enquêtes terrain conformément aux outils et protocoles définisAdministrer les questionnaires auprès des cibles identifiéesVeiller à la qualité, à la cohérence et à l’exhaustivité des données collectéesRespecter les consignes méthodologiques et les délais impartisAssurer une bonne compréhension des questions par les enquêtésRemonter toute difficulté rencontrée sur le terrainGarantir le respect de l’éthique, de la confidentialité et des règles de conduiteParticiper aux briefings et débriefings liés aux missionsUtiliser correctement les outils de collecte (papier ou numérique)Assurer la transmission des données collectées dans les délaisCompétences techniquesBonne compréhension des techniques de collecte de donnéesCapacité à administrer un questionnaire de manière claire et structuréeMaîtrise des outils informatiques, notammentExcelet les outils de saisie de donnéesBonne capacité de communication oraleRespect des consignes et des procéduresBonne maîtrise du françaisQualitésRigueur et sens du détailAisance relationnelleCapacité d’écouteSens de l’organisationIntégrité et respect de la confidentialitéAptitude à travailler en équipeProfil recherchéEtre titulaire d’un diplôme en économie, statistique, gestion ou domaine connexeAvoir une bonne connaissance des concepts économiques de base (comptabilité nationale, balance des paiements)Envoyez votre candidature à l’adresseeliterhrecrutement@gmail.comen mettant en objet le poste.",https://www.emploidakar.com/offre-demploi/elite-rh-dakar-prestation-de-services-agent-enqueteur/
Emerging Leaders Trainee Programme,West Africa Farms,"Saint-Louis, Sénégal",Stage,2026-03-31,N/A,"West Africa Farms SARL is a rapidly expanding Senegalese agricultural business based in Yamane, Lac de Guiers, Dagana, within the rural community of Ngnith. Established in 2011, the company produces salad onions, radish and beans for export. As part of its commitment to internal promotion and long-term talent development, West Africa Farms has successfully delivered two editions of its Employee Trainee Programme (ETP) in 2022 and 2023. Building on this success, the company is launching a new Emerging Leaders Trainee Programme (ELTP) to identify, develop and prepare future leaders to support continued business growth.Programme OverviewThe ELTP is designed to identify high-potential internal and external candidates and develop them through a bespoke programme tailored to individual skills, experience and development needs.All selected trainees will receive core development in Health and Safety and HR and ESG. In addition, trainees will undertake focused development within their matched operational areas — Harvest, Packhouse, Growing or Environment — according to their skills, experience and leadership potential.The programme will run for two (2) years and will combine structured placements, internal and external training, coaching and practical leadership development tools.The ELTP supports the company’s succession planning and prepares participants for future supervisory and management roles, particularly within Harvest, Packhouse, Growing and other expanding operational departments.A competitive and motivational package is offered within a positive and supportive working environment.Eligibility CriteriaA university degree is advantageous but not essentialRelevant industry experience, including suitable leadership or supervisoryexperience, will be consideredCompetence in Microsoft Office (Word, Excel and PowerPoint)Good level of English, both written and spokenStrong communication skills and ability to work effectively in teamsMotivation, availability and willingness to learn and developSelection ProcessReview of applicationsWritten assessmentsOral assessment, including a 10–15 minute PowerPoint presentation",https://www.emploidakar.com/offre-demploi/west-africa-farms-saint-louis-senegal-stage-emerging-leaders-trainee-programme/
IWG – Partnership Sales Lead,IWG,"Dakar, Sénégal",CDI,2026-03-31,N/A,"Are you ready to lead the charge and be at the forefront of our ambitious global expansion? Is hunting, pitching and prospecting second nature to you? Can you confidently agree high-value commercial deals with building owners? Is business development in your blood? And are you relentless in your pursuit of delivering results, with the determination and resilience to change the world of work?If yes, we need to talk.What we can do for youYou’re reading the right ad if you’re looking for:The most exciting growth opportunity in the world, where you’ll be challenged every dayExcellent training, development and promotion opportunitiesA fantastic incentive scheme which can see you earn great commission and prizes.We know we can only succeed if we give all our people every opportunity to shine. It’s why so many of our most senior leaders started their careers in our centres. And it’s what made IWG the dominant global leader in the flexible-workspace industry.About IWGIWG is the world’s leading flexible workspace provider – with the world’s most ambitious growth programme to open 30,000+ new centres over the next decade to complement our international network of 4,000+ tech-enabled, sustainable and inspiring flexible work centres. Across our multiple brands, including Regus, Spaces, HQ and Signature, we’re provide world-beating workplace solutions to over 80% of Fortune 500 companies, including Netflix, EY, Amazon and Uber, as well as to local small start-ups, entrepreneurs and emerging businesses.About youYou’ll need to be passionate about working in a high-growth sector and ready to play a leading role in disrupting the commercial real-estate industry. You’ll excel at growing your network rapidly and taking our proposition to them. And you’ll thrive on initiating and closing multiple high-value deals at pace driven by your tenacity and expertise.Whether pursuing your own leads or following up on centrally-driven enquiries, you’ll highlight what makes an IWG partnership so special. By ensuring prospective partners fully understand the value of our proposition, you’ll be doing much more than simply meeting sales targets. And thanks to your outstanding communications skills – primarily in your local language but also with a good level of English – you’ll be able to present a truly compelling narrative to large and small audiences alike.Most importantly though, you’ll have the right, can-do mindset: passion, curiosity, pride, drive and ownership. We’ll look after the rest.What you’ll be doingJoin our team of over 200 Partnerships Sales Leaders and you’ll get to harness your entrepreneurial mindset, strong business and financial acumen, and commitment to achieving outstanding business development results as we add to the over 1,000 deals in 50+ countries closed in the past year alone.From one day to the next, you’ll get the chance to:Agree high-value deals to deliver inspiring new partner locations, leveraging your expertise to expand the IWG network in every town and cityHunt out exciting opportunities in commercial buildings of all types across your region, pitch for new partnership opportunities, convince partners to invest anywhere from £250k to £1m+ to develop a new IWG branded centre and close out deals quickly & effectivelyShowcase the value of the IWG partnership proposition to your network of B2B connectionsSource ambitious partners who match our growth goals and can help drive our rapid growth through building conversions, new development locations or competitor conversionsEmploy a dynamic and versatile approach to business development, tailoring it to our partners’ varying commercial needs and requirementsActively manage your pipeline of opportunities to drive each opportunity from initial contact, through detailed commercial negotiations, all the way to a signed commercial agreement.Carbon Neutral WorkplacesIWG’s purpose is to help everyone have a great day at work, while protecting people and the planet.  We are proud to supply all our customers  with carbon-neutral workplaces, and have a strong climate action plan in place to help us achieve our objective of Net Zero emissions by 2040.",https://www.emploidakar.com/offre-demploi/iwg-dakar-senegal-cdi-iwg-partnership-sales-lead/
Responsable Atelier Mécanique et Coordination,Topwork,"Dakar, Sénégal",CDI,2026-03-30,N/A,"Missions :Organiser, planifier et superviser les activités de maintenance mécanique préventive et corrective.Répartir les tâches au sein de l’atelier mécanique et contrôler leur bonne exécution.Assurer le suivi technique des interventions mécaniques (réparation, dépannage, essais).Coordonner les interventions mécaniques et électriques sur les équipements de production.Collaborer étroitement avec le Responsable Électricité pour la planification des arrêts techniques.Assurer le suivi technique des interventions mécaniques (réparation, dépannage, essais).Préparer et mettre en oeuvre les plans de maintenance préventive.Superviser les interventions de maintenance corrective en cas de panne.Analyser les causes de défaillance et proposer des actions correctives durables.Suivre, analyser et réduire les temps d’arrêt machine.Participer à l’amélioration continue de la disponibilité des équipements.Optimiser les coûts directs et indirects de maintenance.Améliorer l’efficacité économique et technique des travaux de maintenance.Préparer et piloter les travaux de rénovation, d’amélioration et de modernisation des équipements.Participer aux projets techniques d’investissement et d’amélioration continue.Encadrer, former et évaluer les équipes mécaniques.Rédiger les comptes rendus d’intervention et les rapports de maintenance.Définir les besoins en pièces de rechange et en outillage.Profil Requis :Expérience significative en environnement extrusion ou industrie de process.Solides connaissances en mécanique industrielle.Bonnes bases en électricité industrielle.Capacité de coordination et de planificationMinimum 5 à 10 ans d’expérience en maintenance industrielle.Formation : BT / BTS en mécanique, électromécanique ou équivalent.Veuillez envoyer votreCVà l’adressecv@topwork.sn",https://www.emploidakar.com/offre-demploi/topwork-dakar-senegal-cdi-responsable-atelier-mecanique-et-coordination/
Responsable de Production Extursion,Topwork,"Dakar, Sénégal",CDI,2026-03-30,N/A,"Le Responsable de Production (Extrusion Plastique) est chargé d’organiser, de planifier et de superviser les opérations de production sur les lignes d’extrusion, dans le respect des objectifs de qualité, de rendement et de délais.Il/elle veille au bon fonctionnement des lignes, à la conformité des produits extrudés et à l’optimisation des paramètres de production.Responsabilités principales :Organiser, planifier et superviser l’ensemble des activités de production (lignes d’extrusion PVC et PPR).Garantir l’atteinte des objectifs de production en termes de quantité, qualité, coûts et délais.Piloter les équipes de production (chefs d’équipe, opérateurs, techniciens).Assurer le bon fonctionnement des lignes d’extrusion et optimiser les paramètres de production.Veiller au respect des normes qualité, sécurité et environnement.Identifier les dysfonctionnements techniques et proposer des actions correctives.Collaborer avec la maintenance pour réduire les arrêts machines et améliorer la performance industrielle.Mettre en place et suivre les indicateurs de performance (rendement, rebuts, taux de conformité).Participer à l’amélioration continue des process de fabrication.Assurer le reporting régulier auprès de la hiérarchie.Profil requis :Bac +3 à Bac +5 en Génie Industriel, Génie Mécanique, Génie Plasturgie ou équivalent.Minimum 5 à 7 ans d’expérience dans un poste similaire.Expérience obligatoire en extrusion plastique, idéalement dans la fabrication de tuyaux (PVC, PPR, PE).Bonne maîtrise des procédés d’extrusion.Connaissance des matières plastiques.Notions en maintenance industrielle et amélioration continue.Leadership et capacité à encadrer des équipes opérationnelles.Sens de l’organisation et de la planification.Capacité à travailler sous pression et à atteindre les objectifs.Veuillez envoyer votreCVà l’adressecv@topwork.sn",https://www.emploidakar.com/offre-demploi/topwork-dakar-senegal-cdi-responsable-de-production-extursion/
Agents de nettoyage,AMINE GROUP,"Dakar, Sénégal",Prestation de Services,2026-03-30,N/A,"AMINE GROUPrecherche des agents de nettoyage motivés et disciplinés pour ses équipes à Dakar.Poste ouvert à tous profils motivés, y compris aux étudiants.Profil :bonne présentation, respect des normes d’hygiène, disponibilité jour/nuit.Qualités :ponctualité discipline, respect de la hiérarchie et des collègues, esprit d’équipe, motivation à apprendre.Envoyez votre CV à cette adresse:agrecrutement2025@gmail.comPour plus d’informations, contactez-nous au :78 453 47 47",https://www.emploidakar.com/offre-demploi/amine-group-dakar-prestation-de-services-stage-agents-de-nettoyage/
Superviseur HSE,GPF,"Dakar, Sénégal",CDD,2026-03-30,N/A,"Nous Recrutons un Superviseur HSE pour un de nos clients évoluant dans le secteur de l’Oïl & Gaz et de l’ingénierie.Missions:Superviser les activités des contractants afin de garantir le respect des exigences HSE, des normes de sécurité et des réglementations environnementales durant les travaux.Responsabilités principales:S’assurer du respect des politiques HSE par les contractantsAssister le représentant du client sur siteParticiper à la définition des critères HSEVérifier la conformité aux exigences sécurité et qualitéRéaliser des inspections régulières sur siteIdentifier et remonter les risques HSEParticiper au reporting des incidentsVérifier la formation et la sensibilisation du personnelSuivre les aspects environnementaux du projetAssurer la prévention des risquesMaintenir les indicateurs et rapports de sécuritéParticiper aux activités de mise en serviceAssurer la coordination entre les équipesProfil:Expérience dans le secteur industriel / énergieExpérience chantier + commissioningConnaissance en gestion HSE et environnementAnglais courantCertification HSE (type NEBOSH)Compétences:Analyse des risquesOrganisationRigueurLeadership sécurité",https://www.emploidakar.com/offre-demploi/gpf-dakar-senegal-cdd-superviseur-hse/
Superviseur Génie Civil,GPF,"Dakar, Sénégal",CDD,2026-03-30,N/A,"Nous Recrutons un Superviseur Génie Civil pour un de nos clients évoluant dans le secteur de l’Oïl & Gaz et de l’ingénierie.Mission:Assurer la supervision des travaux réalisés par les contractants durant la phase de construction, en veillant au respect des exigences techniques, contractuelles, qualité et sécurité.Responsabilités principales:Superviser les travaux de construction dans sa discipline (génie civil)Vérifier la conformité des travaux avec les spécifications techniques et contractuellesS’assurer du respect des normes qualité et HSE par les contractantsAssister le Construction Manager dans le suivi des travauxCoordonner les activités liées aux fondations, structures, béton et travaux associésGérer les interfaces avec les autres disciplines (mécanique, piping, etc.)Assurer le suivi QA/QC des travaux et des matériauxParticiper aux revues de constructibilitéIdentifier et remonter les risques liés à la constructionVérifier la complétude des dossiers qualitéFaciliter la communication entre les équipes projetProfil:Expérience dans les projets industriels / énergieExpérience en travaux de constructionConnaissance en planification projetAnglais courantDiplôme en Génie CivilCompétences:AnalyseOrganisationCommunication",https://www.emploidakar.com/offre-demploi/gpf-dakar-senegal-cdd-superviseur-genie-civil/
Assistant(e) Administratif(ve) et Qualité,Importante Société de la Place,"Dakar, Sénégal",CDD,2026-03-30,N/A,"ResponsabilitésGestion administrativeGestion des dossiersGestion des courriersGestion de la caisseGestion de la qualitéProfil :Min Bac +3 en Management Qualité, en QHSE, en Gestion administrative. Une formation en QHSE est souhaitée.Sens de l’AutonomieRigueurCapacité à gérer plusieurs personnesCandidature :CV + Lettre de Motivation à l’adresse mail de recrutement :rhimmobiliersarl@gmail.comN.B :Aucune candidature ne sera étudiée sans lettre de motivation",https://www.emploidakar.com/offre-demploi/importante-societe-de-la-place-dakar-senegal-cdd-cdi-assistante-administratifve-et-qualite/
Agent Assurance Qualité / Contrôle Qualité,AMD Corporate,"Dakar, Sénégal",CDD,2026-03-30,N/A,"Dans le cadre de projets stratégiques et techniques, nous recherchons actuellement un Agent Assurance Qualité / Contrôle Qualité.Vous souhaitez évoluer sur des projets à fort impact et relever de nouveaux défis ? Rejoignez-nous !Nous recherchons des profils rigoureux, engagés et dotés d’un excellent esprit d’analyse.Envoyez votre candidature à :cv@amdcorporate.net",https://www.emploidakar.com/offre-demploi/amd-corporate-dakar-senegal-cdd-cdi-agent-assurance-qualite-controle-qualite/
Expert-Comptable,AMD Corporate,"Dakar, Sénégal",CDD,2026-03-30,N/A,"Dans le cadre de projets stratégiques et techniques, nous recherchons actuellement un Expert-Comptable.Vous souhaitez évoluer sur des projets à fort impact et relever de nouveaux défis ? Rejoignez-nous !Nous recherchons des profils rigoureux, engagés et dotés d’un excellent esprit d’analyse.Envoyez votre candidature à :cv@amdcorporate.net",https://www.emploidakar.com/offre-demploi/amd-corporate-dakar-senegal-cdd-cdi-expert-comptable/
Commercial Terrain (H/F),Global Talent HR,"Dakar, Sénégal",Prestation de Services,2026-03-30,N/A,"Description du posteRattaché(e) à la Responsable d’exploitation, le Commercial Terrain Senior (H/F) aura pour mission principale de développer les ventes des produits de l’entreprise sur le terrain, d’assurer la fidélisation de la clientèle existante et de contribuer activement à la notoriété de la marque. L’entreprise évolue dans le domaine des vitamines, protéines et compléments alimentaires naturels, destinés notamment aux sportifs et aux personnes soucieuses de leur bien-être.Missions principalesProspection et Développement : Conquérir de nouveaux segments de marché et développer un portefeuille de clients incluant pharmacies, magasins bio, HORECA, supérettes, salles de sport et grandes surfaces.Vente et Promotion : Présenter, promouvoir et vendre les produits selon la politique commerciale définie.Fidélisation : Assurer un suivi régulier des clients et entretenir une relation de confiance durable.Veille Marché : Identifier les besoins du marché et remonter les informations terrain à l’équipe d’exploitation.Actions Marketing : Participer à la mise en place d’actions promotionnelles et à la visibilité de la marque via des animations, événements ou démonstrations.Collaboration Interne : Travailler étroitement avec la production, la comptabilité et la direction pour garantir la fluidité du cycle de venteReporting : Assurer un compte-rendu hebdomadaire des activités commerciales, incluant la prospection, les ventes et les retours clients.ProfilExpérience : Justifier impérativement d’une expérience réussie de 5 à 7 ans dans un poste similaire de vente terrain.Portefeuille Clients : Disposer d’un solide portefeuille clients actif dans le secteur agroalimentaire ou de la distribution spécialisée.Formation : Diplôme en commerce, marketing, agroalimentaire ou nutrition.Compétences Techniques : Maîtrise des outils bureautiques (Excel, Outlook, Word) et connaissance approfondie du secteur des compléments nutritionnels.Qualités : Fibre commerciale affirmée, sens du contact, présentation soignée et approche orientée résultats.Mobilité : Titulaire du permis de conduire B et apte à effectuer des déplacements réguliers.Informations contractuellesOrganisation et ConditionsÉquipe : Collaboration avec 1 Responsable de production, 1 Responsable d’exploitation, 1 Comptable et 1 Commercial déjà présent.Horaires : Lundi au vendredi de 8h à 17h et le samedi de 8h à 13h.",https://www.emploidakar.com/offre-demploi/global-talent-hr-dakar-prestation-de-services-commercial-terrain-h-f-dakar/
Commercial ERP / Odoo (H/F),ODSYS Africa,"Dakar, Sénégal",CDI,2026-03-30,N/A,"Objectif du poste :Développer le portefeuille clients de l’entreprise en prospectant, qualifiant et accompagnant des entreprises dans leur projet ERP, avec une forte orientation Odoo. Le commercial sera responsable de tout le cycle commercial, du lead jusqu’au closing, en collaboration avec les équipes techniques.1. Missions principalesProspection & Développement commercialIdentifier de nouveaux prospects B2B : PME, TPE, startups, groupes.Réaliser la prospection téléphonique, digitale et terrain.Détecter les besoins clients et proposer les solutions adaptées.Présentation des offres ERP/Odoo lors d’appels, rendez-vous ou visio.Gestion du pipeline & closingGérer et suivre l’ensemble du cycle de vente : qualification, démonstration, proposition, négociation, closing.Assurer un suivi régulier des leads dans le CRM (idéalement Odoo).Préparer les devis, offres commerciales et dossiers de réponse.Démonstrations & conseilPréparer et réaliser des démonstrations fonctionnelles stocks, CRM, facturation…Veille & stratégie commercialeRemonter les tendances du marché, concurrents, besoins émergents.Participer à la stratégie commerciale : segmentation, offres, cibles.Proposer des actions pour augmenter le volume de leads.2. Compétences requisesCompétences techniquesTrès bonne compréhension des ERP (Odoo est un gros plus).Connaissance des processus métiers : gestion commerciale, facturation, CRM, supply chain.Bonne maîtrise des outils CRM et des présentations professionnelles.Compétences commercialesExcellent sens du relationnel et capacité à convaincre.Aisance à l’oral, gestion d’un entretien commercial.Bon niveau en négociation et closing.Sensible à l’écoute client, à l’analyse des besoins et à la création de valeur.3. Profil recherchéExpérience2 à 3 ans d’expérience réussie en vente B2B, idéalement dans :les ERP,l’informatique de gestion,le SaaS ou logiciel,la transformation digitale.Une expérience sur Odoo (ou formation préalable) est un avantage majeur.Qualités personnellesDynamique, autonome, orienté(e) objectifs.Professionnel(le), organisé(e), rigoureux(se).Capacité à apprendre rapidement dans un environnement technique.Goût pour la relation client et la prospection.FormationBac+2 à Bac+5 en commerce, informatique de gestion, management, ou équivalent.4. Conditions & PackageContrat : CDI ou CDD selon profil.Salaire : Fixe + commissions importantes selon performances + Primes sur objectifsAvantages :Formations internes régulières (Odoo &amp; techniques de vente).Outils de prospection fournis.Prime sur objectifs et challenges commerciaux.Fort potentiel d’évolution : Senior Business Developer / Responsable Commercial.Veuillez envoyer votre CV à l’adresseyjulien2@gmail.com",https://www.emploidakar.com/offre-demploi/odsys-africa-dakar-cdi-commercial-erp-odoo-h-f/
Manager Achat & Moyens généraux,ALTEN Sénégal,"Dakar, Sénégal",CDI,2026-03-27,N/A,"Description de l’entrepriseImplantée à Dakar, ALTEN Sénégal est la filiale du groupe ALTEN, leader mondial de l’ingénierie et du conseil en technologies. Elle joue aujourd’hui un rôle clé dans l’accompagnement du développement professionnel des ingénieurs en Afrique de l’Ouest, et accompagne la stratégie de développement de ses clients dans les domaines de l’innovation et des systèmes d’information technologiques.Notre mission : répondre aux ambitions technologiques de nos clients — grands donneurs d’ordre internationaux — dans les secteurs de l’automobile, du ferroviaire, de l’IT, des télécommunications et des médias.Rejoindre ALTEN Sénégal, c’est intégrer un écosystème d’excellence et bénéficier :D’un parcours de carrière personnalisé et évolutifD’une politique ambitieuse de développement des compétencesD’un environnement de travail stimulant, collaboratif et porteur de sensDescription du posteDans le cadre de notre développement, nous recherchons un(e) Chargé(e) Achats & Moyens Généraux pour assurer la gestion des achats, le suivi des prestataires et le bon fonctionnement de nos locaux.Vos principales missions :Gestion des achats (biens et services)Analyser et valider les expressions de besoins internesConsulter les fournisseurs et comparer les devisSuivre la validation et la création des commandes sur SAPAssurer l’envoi des bons de commande et le suivi des réceptionsTransmettre les factures validées à la comptabilité groupeAménagement et maintenance des bureauxSuivre les travaux d’aménagement et de maintenance avec les prestatairesAssurer l’entretien technique des installations (électricité, climatisation, sécurité, etc.)Négocier et suivre les contrats de serviceParticiper à l’élaboration et au suivi du budgetGestion et suivi des fournisseursProspecter et référencer de nouveaux fournisseursMettre en concurrence et sélectionner les prestatairesAssurer l’évaluation annuelle des fournisseursOrganisation des déplacements professionnelsGérer les demandes de déplacementCoordonner les réservations (billets d’avion, hôtels…)Préparer les dossiers de voyage pour les collaborateursSuivre et valider les notes de fraisGestion des accès et des locauxGérer les badges et les droits d’accès aux locauxVeiller à la sécurité des installationsSuivre les prestataires et agents de sécuritéTraiter les demandes liées aux locauxAmélioration et suivi des procéduresVeiller au respect des procédures Achats et Moyens GénérauxContribuer à leur améliorationSuivre les KPI liés à l’activité🎯 Profil recherché :Diplômé(e) d’un Bac+5 en Achats, Logistique, Gestion, Management, Administration, ou équivalent.5 ans d’expérience minimum dans une fonction Achats, Moyens Généraux ou Services Généraux.Expérience confirmée en gestion de fournisseurs et pilotage de prestataires.Une spécialisation achats ousupply chainest un atout.Compétences techniquesMaîtrise des processus achats : consultation, négociation, validation, suivi, reporting.Solides connaissances en :-Gestion des travaux d’aménagement et maintenance des locaux,-Sécurité, incendie, climatisation, électricité, facility management,-Gestion des voyages et déplacements professionnels.Compétences SAP indispensables (référencement, commandes, réceptions).Bonne maîtrise des outils bureautiques et des systèmes de gestion.Connaissance des outils de gestion des accès (badges, sécurité physique).Compétences managérialesCapacité à encadrer des prestataires et à coordonner plusieurs intervenants.Suivi des KPI, respect des procédures et amélioration continue.Pilotage des activités et capacité à prendre des décisions.Compétences comportementalesSens de l’organisation et de la priorisation.Très bonnes aptitudes en communication et coordination.Capacité à gérer plusieurs sujets en parallèle.Esprit d’analyse, rigueur et autonomie.Capacité à négocier et à gérer les relations fournisseurs.",https://www.emploidakar.com/offre-demploi/alten-senegal-dakar-senegal-cdi-manager-achat-moyens-generaux/
Consultant Support FAI,Alten Sénégal,"Dakar, Sénégal",Stage,2026-03-27,N/A,"Description de l’entrepriseImplantée à Dakar, ALTEN Sénégal est la filiale du groupe ALTEN, leader mondial de l’ingénierie et du conseil en technologies. Elle joue aujourd’hui un rôle clé dans l’accompagnement du développement professionnel des ingénieurs en Afrique de l’Ouest, et accompagne la stratégie de développement de ses clients dans les domaines de l’innovation et des systèmes d’information technologiques.Notre mission : répondre aux ambitions technologiques de nos clients — grands donneurs d’ordre internationaux — dans les secteurs de l’automobile, du ferroviaire, de l’IT, des télécommunications et des médias.Rejoindre ALTEN Sénégal, c’est intégrer un écosystème d’excellence et bénéficier :D’un parcours de carrière personnalisé et évolutifD’une politique ambitieuse de développement des compétencesD’un environnement de travail stimulant, collaboratif et porteur de sensDescription du posteAu sein de l’équipe de support technique clients, vous serez intégré à une chaîne de support de niveau 2 et serez en charge du support et de l’expertise sur l’ensemble des phases du traitement des incidents réseaux.Vous serez amené à :Traiter les plaintes unitaires « Grand Public » et « Entreprises » sur les périmètres d’accès ADSL , FTTH et les services associés (VOIP, IPTV.),Analyser, diagnostiquer et résoudre les incidents avec contraintes de temps,Assurer la satisfaction du client en apportant des réponses pertinentes et pointues dans des délais minimums,Assurer la communication client,Identifier, diagnostiquer les dysfonctionnements, incidents, interruptions de service et mettre en œuvre les mesures correctives,Contrôler de la bonne complétude et avancée des tickets de niveau 1,Assurer un support à l’équipe service clients et aux équipes terrains de premier niveau,Accompagner le client final de bout en bout jusqu’au rétablissement du service,Qualifier les tickets avant escalade sur les services Expert niveau 3 (analyse et diagnostic),Faire le suivi des incidents : Exploitation de la base d’incidents : relances, consolidation, analyse de tendance. Demandes d’actions préventives de fond,Accueillir des demandes des utilisateurs suite à des dysfonctionnements : prise en compte des appels des clients,Piloter une équipe de techniciens et mettre en place les procédures d’exploitation.QualificationsDiplômé d’un Bac +2/+3 avec une spécialisation en réseaux et télécom ou en Informatique.Expérience : Profil junior, débutant accepté ou avec une première expérience d’un an maximum.Une expérience dans le secteur des Télécoms (ex : Fournisseurs d’Accès Internet) serait un plusCompétences linguistiquesFrançais : niveau de communication avancéInformations complémentairesVous êtes rigoureux, créatif, curieux et vous aimez travailler en équipe et monter en compétence dans un environnement dynamique. Les métiers du service vous animent et vous souhaitez évoluer dans un environnement convivial, rejoignez-nous !",https://www.emploidakar.com/offre-demploi/alten-senegal-dakar-senegal-stage-consultant-support-fai/
Télévendeurs,Adm Value Sénégal,"Point E, Dakar",Stage,2026-03-26,N/A,"Nous sommes à la recherche des profils télévendeurs  expérimente, ayant une disponibilité totale .Bon niveau de communication en français et dynamique .Pour postuler ,envoyez votreCVà l’adresse suivante :rh@sn.admvalue.com",https://www.emploidakar.com/offre-demploi/adm-value-senegal-point-e-dakar-immeuble-yaye-fatou-dieng-rue-de-ziguichor-stage-televendeurs-2/
Administrateur/trice comptable,COMI – Cooperazione per il Mondo in via di Sviluppo,"Kaffrine, Sénégal",CDD,2026-03-26,N/A,"Administrateur/trice comptable.Projet AID 013244/11/1 Safe SENEGALOrganisation : COMI – Cooperazione per il Mondo in via di SviluppoProjet : SAFE – Sécurité Alimentaire, Filière et Éco-résilience (AID 013244/11/1)Lieu d’affectation : Kaffrine, SénégalType de contrat : CDD 1 an renouvelableDate de début souhaitée : Dès que possibleContexte du projetL’ONG COMI (Coopération pour le monde en voie de développement) met en œuvre le projet SAFE (Sécurité Alimentaire, Filière et Éco-résilience) dans la région de Kaffrine, financé par l’Agence Italienne pour la Coopération au Développement (AICS). L’initiative vise à renforcer la sécurité alimentaire, à lutter contre la malnutrition infantile et à améliorer les revenus des petits producteurs et éleveurs de la zone à travers le renforcement de filières durables (lait, maraîchage).Missions et responsabilitésSous la supervision directe et en coordination avec l’Administratrice Centrale et le Chefde Projet, le/la titulaire du poste sera garant(e) de la gestion financière, comptable etadministrative rigoureuse du projet à Kaffrine.Ses principales missions incluent :Gestion Comptable et Financière :Assurer la tenue quotidienne de la comptabilité (caisse et banque) conformément aux procédures du COMI et du bailleur AICS.Vérifier l’éligibilité et la conformité de l’ensemble des pièces justificatives de dépenses.Préparer les rapprochements bancaires mensuels et les inventaires de caisse.Contribuer à l’élaboration des rapports financiers périodiques et au suivi budgétaire (réalisé vs prévisionnel).Gestion Administrative et RH :Assurer le suivi administratif des contrats du personnel local et des prestataires, y compris les paiements des cotisations sociales et des impôts (CSS, IPRES, RAS SALAIRES, RAS TIERS)Gérer l’archivage physique et numérique de tous les documents administratifs etcomptables du projet.Appuyer le Chef de Projet et l’Administratrice Centrale dans les procédures d’achatde biens et services, en veillant au respect des règles de passation de marchés.Coordination et Partenariats :Travailler en étroite collaboration avec les partenaires du projet pour le suivi de leurs justifications financières.Participer à la préparation des audits internes et externes.Profil recherchéFormation : Diplôme supérieur (Bac+3 minimum) en Comptabilité, Finance, Gestion ou domaine connexe.Expérience : Minimum 3 à 5 ans d’expérience professionnelle à un poste similaire,de préférence au sein d’une ONG internationale.Compétences techniquesExcellente maîtrise des procédures de l’AICS (Agence Italienne pour la Coopération au Développement) est un atout majeur.Maîtrise avancée des outils informatiques (Excel, Word) et des logiciels comptables.Qualités personnelles : Rigueur absolue, sens de l’organisation, capacité à travailler sous pression et en équipe multidisciplinaire.Langues : Parfaite maîtrise du français (écrit et oral). La connaissance du Wolof est un plus.Conditions et modalités de candidatureLieu de travail : Bureau de l’ONG COMI à Kaffrine.Salaire : brut imposable 260.000 FCFADossier de candidature : Les candidats intéressés sont priés d’envoyer un CV actualisé, une lettre de motivation et les contacts de trois références professionnelles par email auxadresses suivantes :À l’attention de Mme Emilia Bianchini :admin.central.senegal@comiong.itVeuillez préciser en objet du mail : « Candidature admin comptable kaffrine – AID 013244/11/1 ».Date limite de dépôt : 27 avril 2026.Seul(e)s les candidat(e)s présélectionné(e)s seront contacté(e)s pour un entretien.",https://www.emploidakar.com/offre-demploi/administrateur-trice-comptable/
Conseiller en laboratoire (Laboratory Advisor),FHI 360,"Dakar, Sénégal",CDD,2026-03-23,N/A,"Titre du Poste : Conseiller en laboratoire (Laboratory Advisor).Lieu du poste : DakarDurée : 6 mois renouvelableType de poste : Local CDDRésumé du posteLe conseiller en laboratoire du programme STRIDES (STRengthening Infectious Disease DEtection Systems) assurera le leadership stratégique et technique pour la conception, la mise en œuvre et le suivi des activités STRIDES au Sénégal. Ce poste apportera un soutien technique de haut niveau aux ministères nationaux et régionaux afin de renforcer et de pérenniser les capacités de base du système de santé publique (GHS), en veillant à la conformité avec les cadres et normes internationaux.Le conseiller en laboratoire STRIDES dirige la conception, la mise en œuvre et le suivi des stratégies techniques visant à renforcer les réseaux de laboratoires qui offrent une couverture complète et un accès universel aux services de laboratoire et de diagnostic pour l’activité STRIDES (STRengthening Infectious disease DEtection Systems). Cela inclura la réalisation d’évaluations des réseaux et des installations de diagnostic, ainsi que la mise en œuvre d’initiatives visant à renforcer la préparation aux épidémies au sein des réseaux de diagnostic tant humains qu’animaux. Il/elle supervisera le spécialiste des laboratoires et du diagnostic afin de s’assurer que toutes les activités STRIDES sont conformes aux objectifs du plan de travail et aux priorités du gouvernement des États-Unis, et qu’elles sont mises en œuvre selon les normes de qualité les plus élevées, conformément aux directives internationales et dans le respect des délais et du budget convenus.ResponsabilitésPlanifier, diriger et coordonner la mise en œuvre des activités de renforcement des laboratoires et des diagnostics de STRIDES afin de garantir que les buts et objectifs respectent ou dépassent les normes de qualité applicables et soient atteints dans les délais et les limites budgétaires prescrits.Établit les normes de qualité de STRIDES en matière de diagnostic et de préparation, en veillant à ce que ces normes guident les plans de travail et les activités de suivi, d’évaluation et d’apprentissage (MEL), y compris celles des sous-traitants.Dirige l’élaboration de plans de travail et de budgets spécifiques à chaque pays pour les activités du réseau de diagnostic, en alignement avec les objectifs de l’activité et en garantissant la conformité avec les politiques et procédures des bailleurs de fonds et de l’organisation.Dirige le personnel de laboratoire/diagnostic de STRIDES dans le pays afin de développer et de gérer les relations avec les homologues des gouvernements nationaux, régionaux et locaux ainsi qu’avec les partenaires multisectoriels de l’ s dans le domaine des réseaux de diagnostic ; identifie le soutien technique et le leadership nécessaires pour répondre aux priorités de l’administration visant à améliorer la préparation des réseaux de laboratoire/diagnostic face aux épidémies.Dirige l’élaboration et la mise en œuvre du soutien technique, du renforcement du réseau de diagnostic et des installations, ainsi que des interventions d’amélioration de la qualité, conformément aux rapports d’évaluation externe conjointe (JEE), aux rapports annuels d’auto-évaluation des États parties (SPAR), aux plans d’action nationaux des pays et à d’autres évaluations.Dirige la mise en œuvre des activités de renforcement du réseau de diagnostic, notamment les mécanismes de transfert des échantillons, les systèmes de gestion de la qualité, la chaîne d’approvisionnement, les systèmes d’information de gestion des laboratoires, les procédures et outils opérationnels standard de diagnostic, l’expansion des points de service de diagnostic au chevet du patient, ainsi que le renforcement de la biosécurité et de la biosûreté.Dirige l’apprentissage croisé et la mise en réseau des laboratoires et des installations de diagnostic entre les pays.Se tient informé des innovations en matière de diagnostic et des approches de renforcement des laboratoires, et veille à ce que les nouvelles connaissances/données et les meilleures pratiques soient partagées avec les équipes STRIDES, les partenaires et les pays hôtes, et appliquées de manière appropriée.Dirige les initiatives d’amélioration des processus de formation et de développement afin de garantir la conformité aux normes techniques.Consulte l’équipe de direction de STRIDES afin d’améliorer la mise en œuvre des activités et les résultats dans le domaine technique des laboratoires et du diagnostic.Supervise et encadre le personnel de laboratoire/de diagnostic ; supervise les processus de recrutement, d’embauche et d’intégration selon les besoins.Soutient la gestion des performances et le développement professionnel des subordonnés directs, notamment par le biais d’un retour d’information continu, d’un accompagnement et d’un soutien à la carrière.Prépare et diffuse les enseignements tirés et les meilleures pratiques afin d’améliorer les futurs programmes de sécurité sanitaire mondiale.Connaissances et compétences requisesConnaissance approfondie du diagnostic des maladies infectieuses et des systèmes de laboratoire, ainsi que des connaissances pratiques en matière de mise en œuvre sur le terrain et de gestion de projet.Excellentes compétences organisationnelles et analytiques.Capacités avérées en matière de gestion de projet et de leadership technique ; une expérience préalable dans le renforcement des capacités de laboratoire/diagnostic lors d’une épidémie de maladie infectieuse émergente est un atout.Expérience dans la mise en œuvre de contrats financés par le gouvernement américain.Capacité à faire preuve de flexibilité tout au long de la mise en œuvre du projet afin de s’adapter à l’évolution des priorités nationales, régionales, mondiales et du gouvernement américain.Capacité à motiver, à influencer et à travailler efficacement avec les autres pour atteindre les objectifs de STRIDES.Capacité à échanger des informations, à présenter des recommandations et à collaborer avec des collègues et des pairs au sein de STRIDES et en externe, selon les besoins.Capacité à établir des relations de travail positives avec diverses communautés de parties prenantes, des responsables gouvernementaux, d’autres organismes multilatéraux et des représentants de bailleurs de fonds.Solides compétences organisationnelles, grand souci du détail et efficacité face aux délais.Excellentes compétences en communication orale et écrite ainsi qu’en analyse, en anglais et en françaisSupervision exercée/reçue :Assure la direction technique des composantes laboratoire et diagnostic au sein de STRIDES et encadre le personnel de niveau inférieur.Le travail est évalué au regard de la réalisation des objectifs de l’activité et de l’administration.Joue un rôle de coaching et de mentorat auprès des autres.Relève du directeur technique de STRIDES Sénégal.FormationMaster ou équivalent international en services de la connaissance/de l’information, santé, développement humain, microbiologie, diagnostic clinique ou dans un domaine connexe.Certification en gestion de projet (PM) souhaitée.ExpérienceGénéralement, plus de 12 ans d’expérience pertinente dans la conception et l’évaluation de programmes/services applicables.Connaissances et expérience avérées dans le domaine du diagnostic des maladies infectieuses.Maîtrise des dernières avancées en matière de diagnostic des maladies infectieuses, y compris les méthodes au point de service et les méthodes moléculaires.Connaissances et expérience en matière de renforcement des laboratoires afin de respecter les normes de qualité internationales.Bonne connaissance des réglementations internationales en matière de biosécurité.Sensibilité avérée aux différences culturelles et compréhension des enjeux éthiques liés au diagnostic et à la surveillance des maladies infectieuses.Expérience professionnelle antérieure au sein d’une organisation non gouvernementale (ONG), d’une agence gouvernementale ou d’une organisation privée.Solide expérience en gestion de contrats, en définition de priorités réalistes et en planification pour la mise en œuvre réussie des activités.Exigences physiques typesEnvironnement de bureau classique.Capacité à passer de longues heures devant un écran d’ordinateur et à effectuer des tâches répétitives au clavier.Capacité à rester assis et debout pendant de longues périodes.Capacité à soulever/déplacer jusqu’à 2,3 kg.Technologies à utiliserOrdinateur de bureau/portable, applications Microsoft (c’est-à-dire Office365, SharePoint, Skype/Zoom/Teams), téléphone portable/technologies mobiles et équipement de bureau standard.Exigences en matière de déplacementsDéplacements nationaux représentant entre 10 et 50 % du temps de travail",https://www.emploidakar.com/offre-demploi/conseiller-en-laboratoire-laboratory-advisor/
