titre,entreprise,localite,categorie,date_publication,date_expiration,description,email,lien
Technicien Soufflage,groupe-topinter,Dakar (seneg...,"Maintenance, Entretien, Contrôle | Industrie Manufacturière, Production, Fabrication",2026-04-21,2026-05-20,"Missions•	Installer, régler et contrôler les machines de soufflage pour assurer une production optimale•	Surveiller le processus de production et ajuster les paramètres pour garantir la qualité des produits•	Réaliser la maintenance préventive et corrective des équipements•	Collaborer avec l’équipe de production pour améliorer les procédés et résoudre les problèmes techniquesProfil•	BTS en automatisme ou électromécanique•	Expérience confirmée dans le domaine du soufflage•	Bonne maîtrise des techniques de production et des normes de sécurité•	Capacité à diagnostiquer rapidement les problèmes et à proposer des solutions•	Esprit d’équipe, organisation et autonomie•	Sens de l’observation pour anticiper les anomalies",grc@groupe-topinter.com,https://senjob.com/sn/jobseekers/technicien-soufflage_e_161466.html
COMMERCIAL VSR,groupe-topinter,Dakar (seneg...,"Commercial, Vente, Business developpement | Distribution, Commerce, Import-Export",2026-04-21,2026-05-20,"Missions Principales: vente de produits alimentaires et d'autres types de produitsProspection active : Identification et démarchage de nouveaux clients (prospection téléphonique ou porte-à-porte)Vente et Négociation : Présentation des produits/services, démonstration, traitement des objections et négociationProfil RecherchéFormation : Bac+2 minimum en commerce/marketing ou expérience équivalenteCompétences : Maîtrise des techniques de vente, excellente communication, et aisance en négociationQualités : Goût du challenge, autonomie, résilience (gestion du refus), et dynamisme",grc@groupe-topinter.com,https://senjob.com/sn/jobseekers/commercial-vsr_e_161465.html
Développeur Fullstack Java/Vue js,N/A,Dakar,"Informatique, Télécoms, Réseaux | Industrie Informatique, Télécoms, Téléservices",2026-04-01,2026-04-30,"Description de l'entrepriseImplantée à Dakar, ALTEN Sénégal est la filiale du groupe ALTEN, leader mondial de l’ingénierie et du conseil en technologies. Elle joue aujourd’hui un rôle clé dans l’accompagnement du développement professionnel des ingénieurs en Afrique de l’Ouest, et accompagne la stratégie de développement de ses clients dans les domaines de l’innovation et des systèmes d’information technologiques.Notre mission : répondre aux ambitions technologiques de nos clients — grands donneurs d’ordre internationaux — dans les secteurs de l’automobile, du ferroviaire, de l’IT, des télécommunications et des médias.Rejoindre ALTEN Sénégal, c’est intégrer un écosystème d’excellence et bénéficier :• D’un parcours de carrière personnalisé et évolutif• D’une politique ambitieuse de développement des compétences• D’un environnement de travail stimulant, collaboratif et porteur de sensDescription du posteAu sein de la Digital Factory Marchandise, Commercial & Links, le consultant interviendra sur la conception et le développement d’applications Full Stack.Ses principales missions :Développement et maintenance d’applications Full Stack (Java / Spring Boot / Vue.js)Conception et développement d’API REST sécuriséesImplémentation d’architectures microservicesDéveloppement d’interfaces dynamiques en Vue.js (Composition API)Intégration et consommation d’API côté frontMise en œuvre des principes DDD, Clean Architecture et SOLIDParticipation aux phases de conception, développement, tests et mise en productionContribution à l’amélioration continue et à la qualité logicielleQualificationsDiplômé(e) d'un Bac + 5 en InformatiqueExpérience : 3 à 7 ans d’expérience en développement Java / Vue.js.Compétences requises :Spring BootVue.jsAPI RESTMicroservicesBases de données SQL / NoSQLDocker / KubernetesCI/CD (GitLab CI/CD)Tests unitaires (JUnit, Mockito)Tests front (Vue Test Utils)DDD / Clean ArchitectureMéthodologie Agile / Scrum",N/A,https://senjob.com/sn/jobseekers/développeur-fullstack-java-vue-js_e_161149.html
04 Assistant(e)s Techniques SAME (MATAM),N/A,matam,"Administration, Services généraux | Qualité, Sécurité, Environnement | Ingénierie, Etudes, Projets, Recherche | Organisation non gouvernementale, Association | Energie, Eau, Environnement",2026-04-24,2026-05-15,"NOM Assistant (e) technique ClimateRiceRÔLE Assistant.e TechniquesNIVEAU DE CONTRIBUTION V7MISSION SénégalBASE MatamDOMAINE Production /Mise en œuvre de projetsDEPARTMENT Mise en œuvre Projets MissionsCATÉGORIE PROFESSIONELLE Assistants(es) / Adjoints terrainACCOMPAGNÉ(E) NonGESTION D'ÉQUIPE NonBUDGET SNDKF0X0 - Dakar. Finanzas MisionesSUPERVISEUR  Chef de projetEXPLICATION DE CONTEXTEAction Contre la Faim met en œuvre au Sénégal des programmes visant à renforcer la résilience des communautés face à l’insécurité alimentaire, en intégrant de plus en plus les enjeux liés au changement climatique et à la durabilité des systèmes de production. Dans ce cadre, le projet ClimateRice vise à promouvoir des pratiques de riziculture durable dans la vallée du fleuve Sénégal, notamment à travers le développement du Système de Riziculture Intensive (SRI), permettant d’améliorer la productivité tout en optimisant l’utilisation de l’eau et en réduisant les émissions de gaz à effet de serre.Le projet s’inscrit également dans une approche innovante visant à explorer et développer des mécanismes de financement climatique, en particulier les crédits carbones, en partenariat avec des acteurs techniques et institutionnels tels que la SAED et CarbonFarm. Cette phase pilote constitue une étape clé pour tester la faisabilité technique et opérationnelle de ces approches, avec une perspective de mise à l’échelle à plus grande échelle en cas de résultats probants.ACCIÓN CONTRA EL HAMBRERÉSUMÉ DE JOB PROPOS GÉNÉRALL’Assistant(e) Technique appuie la mise en œuvre du projet Climate Rice en accompagnant les producteurs et productrices dans l’adoption des pratiques du Système de Riziculture Intensive (SRI), notamment les techniques de gestion optimisée de l’eau (AWD).Il/elle contribue au changement de pratiques agricoles à travers un appui technique de proximité et favorise l’engagement des acteurs communautaires. En collaboration avec le/la Chef(fe) de Projet, il/elle assure la collecte et la transmission des données du projet, notamment dans le cadre du système de suivi, rapportage et vérification (MRV).Il/elle travaille en lien étroit avec les partenaires (SAED, ANCAR, collectivités, organisations de producteurs) afin de garantir une mise en œuvre efficace et coordonnée du projet.FONCTIONS ET RESPONSABILITÉS PRINCIPALESObjectif 1: Assurer la représentation d’ACF auprès des partenaires locauxParticiper aux réunions de coordination avec les partenairesAssurer une collaboration étroite avec les acteurs communautaires et institutionnelsSensibiliser les producteurs et productrices aux objectifs du projet et favoriser leur adhésionPromouvoir la participation active des femmes et des jeunesObjectif 2: Assurer l’accompagnement technique des producteurs et productrices de riz• Participer à l´identification des producteurs et productrices et appuyer la formalisation des accords de participation au projet• Former et accompagner les producteurs sur les pratiques du SRI (repiquage, gestion de l’eau/AWD, fertilisation, etc.)• Assurer le suivi régulier des parcelles et appuyer la mise en œuvre des activités• Contribuer à la planification et à l’exécution des activités communautaires• Superviser les producteurs et productrices dans l’adoption de bonnes pratiques culturales du SRI (Planage, Semis, repiquage, désherbage, épandage d’amendement organique, gestion de la lame d’eau…)• Participer aux actions de sensibilisation sur la pratique SRI (radios, sessions communautaires)• Anticiper tout problème lié à la mise en œuvre des activités sur le terrain et participer à l´identification de solutions dans les meilleurs délaisObjectif 3 :Appuyer le Suivi, l’évaluation et capitalisation du projet Asurer le suivi opérationnel des activités et la mise à jour des plannings d’activités ;• Contribuer à la qualité, la collecte, la transmission des données (MRV) et l’archivage Participer au reporting (hebdomadaire, mensuel)• Appuyer le système de suivi-évaluation en lien avec le MEAL Officer Participer aux réunions de projet et aux cadres de concertation  *• Contribuer à la mise en place du mécanisme de redevabilité communautaire Réaliser toute autre tâche demandée par le management du projet.PROCESS MP2.1-P3 - ExecutionBESOINS DU POSTE COMPÉTENCESTravail en équipe Motivation Organisation et planification Communication efficace et synthèse Capacité d'analyse Négociation Orientation aux résultats Analyse et résolution des problèmes/conflitsCOMPÉTENCES, CONNAISSANCES ET AUTRES REQUIS-Bac +3/4 en Agronomie, Génie Rural, développement communautaire, Climatologie, Changement Climatique et Développement Durable, Economie Rurale, Environnement ou toute autre discipline équivalente.-Au moins 2 à 3 ans d’expérience dans la mise en œuvre ou l’animation de projets de développement, notamment dans les domaines de la sécurité alimentaire, du développement rural, du changement climatique ou des activités génératrices de revenus-Titulaire d’un permis pour la conduite de moto (obligatoire)-Bonne compréhension du cycle de gestion de projet.-Des enjeux liés au genre et au changement de pratiques (approches comportementales)  y-Bonne capacité de communication, d’animation et de facilitation communautaire-Bonnes capacités d’analyse et de rédaction ;-Maîtrise des outils informatiques et bureautique.-La maitrise des outils numériques de collecte de données est un atout-Connaissance des organisations paysannes et des dynamiques communautaires-Connaissance des principes d’agroécologie et des systèmes agricoles irrigués (idéalement riziculture)-Expérience dans un projet agricole, idéalement en lien avec la riziculture-Expérience en formation, accompagnement et encadrement de producteurs ou d’équipes multidisciplinaires et dans l’accompagnement des organisations paysannes ou faitières-Expérience dans des projets impliquant un changement de pratiques (agricoles ou communautaires)-Expérience de travail dans la région de Matam ou dans un contexte similaire-Bonne capacité d’organisation, de planification et sens de la rigueur-Capacité d’adaptation et flexibilité dans un environnement de travail dynamique.-Aptitude à travailler en équipe et à contribuer à un bon climat de travail-Capacité à travailler de manière autonome, avec esprit d’initiative-Bonne résistance au stress et capacité à gérer la pression ;-Capacités de communication, de médiation et de résolution de conflits-Capacité à évoluer dans un environnement multiculturel et multidisciplinaire-Intérêt pour l’apprentissage continu et le renforcement de ses compétencesENGAGEMENTS ENVERS L'ÉGALITÉ DES GENRES ET LA TOLÉRANCE ZÉRO AUX ABUSLe/la titulaire du poste est tenu(e) d’adopter un comportement conforme aux principes éthiques de l’organisation, de signaler toute situation de risque ou de violation et de contribuer à la création d’un environnement de travail sûr, respectueux et inclusif.",N/A,https://senjob.com/sn/jobseekers/04-assistant-e-s-techniques-same--matam-_e_161530.html
CHEF DE SECTEUR JUNIOR,groupe-topinter,dakar senega...,"Commercial, Vente, Business developpement | Industrie Agro-alimentaire",2026-04-08,2026-04-29,"II.	MISSION PRINCIPALELe Chef de secteur Junior assure l’exécution commerciale quotidienne sur un portefeuille de points de vente prédéfini.Il visite ses clients selon un routing fixe, garantit la disponibilité du produit, la visibilité en point de vente et développe la vente additionnelle. Il exécute les directives commerciales et garantit une présence, une visibilité et une activation des produits conformes aux standardsMISSIONSExécution Commerciale et Vente AdditionnelleSuivi des Points de Vente et du MatérielActivation et Visibilité TerrainProfilBTS Technico-commercial, Bac+2/3 en Commerce International, MarketingExpérience professionnelle souhaitée2 ans d’expérience dans un poste similaireMobilité Horizontale : Représentant Commercial, Commercial CHR/GMS,Mobilité verticale : Chef des Ventes",grc@groupe-topinter.com,https://senjob.com/sn/jobseekers/chef-de-secteur-junior_e_161260.html
Responsable de Compétences (RC),alten,Dakar,"Informatique, Télécoms, Réseaux | Industrie Informatique, Télécoms, Téléservices",2026-04-08,2026-04-30,"Description de l'entrepriseImplantée à Dakar, ALTEN Sénégal est la filiale du groupe ALTEN, leader mondial de l’ingénierie et du conseil en technologies. Elle joue aujourd’hui un rôle clé dans l’accompagnement du développement professionnel des ingénieurs en Afrique de l’Ouest, et accompagne la stratégie de développement de ses clients dans les domaines de l’innovation et des systèmes d’information technologiques.Notre mission : répondre aux ambitions technologiques de nos clients — grands donneurs d’ordre internationaux — dans les secteurs de l’automobile, du ferroviaire, de l’IT, des télécommunications et des médias.Rejoindre ALTEN Sénégal, c’est intégrer un écosystème d’excellence et bénéficier :• D’un parcours de carrière personnalisé et évolutif• D’une politique ambitieuse de développement des compétences• D’un environnement de travail stimulant, collaboratif et porteur de sensDescription du posteEn tant que Responsable de Compétences vous serez au cœur de notre dynamique de croissance, vos missions principales seront :Piloter une équipe de 30 à 60 consultants : gestion de carrière, développement des compétences, et accompagnement au quotidien.Garantir l’adéquation entre projets et talents : staffing, intégration, et suivi des performances.Contribuer à notre stratégie RH : conformité, communication, et gestion administrative.Participer à l’avant-vente : élaboration d’offres de service et présentations clients.Analyser les besoins, recruter, et intégrer les nouveaux talents.Développer les compétences, identifier les talents, et assurer un climat de travail motivant.Faire le suivi des KPI : marge brute, taux de satisfaction, attrition, formation, etc.Collaborer et être l'interface avec la Direction Technique, les RH, et les autres services.QualificationsDiplômé d'un  Bac+5 école d’ingénieur, université, ou équivalent.Expériences3 ans et plus en management d’équipe ou gestion de compétences (ESN, conseil, IT).Compétences requisesLeadership, sens de l’écoute, et capacité à négocier.Résistance au stress et diplomatie.Maîtrise des processus RH et des outils de suivi (KPI, reporting)Atouts supplémentairesExpérience dans un environnement technique (IT, cloud, ingénierie).Connaissance des enjeux QHSSE et sécurité de l’information.Informations complémentairesVous êtes rigoureux, créatif, curieux et vous aimez travailler en équipe et monter en compétence dans un environnement dynamique. Les métiers du service vous animent et vous souhaitez évoluer dans un environnement convivial, rejoignez-nous !",senegal.recrutement@alten.com,https://senjob.com/sn/jobseekers/responsable-de-compétences--rc-_e_161259.html
Agents distributeur,N/A,zone rurale,"Marketing, Communication | Services et Prestations aux Entreprises | Distribution, Commerce, Import-Export",2026-04-10,2026-04-30,"A propos de nous :SamaMbey SUARL est une entreprise sociale évoluant dans le domaine agricole.Nous intervenons dans de nombreuses régions du Sénégal. Sama Mbey vise à améliorer les conditions de vie des petits producteurs en milieu rural et veut les aider à sortir de la pauvreté.Chez SamaMbey les petits agriculteurs peuvent se financer s'ils ont le bon outil pour payer petit à petit en avance pour les intrants. Notre vision et objectif à travers notre Étoile polaire sont de travailler avec 1 million de petits producteurs à l’horizon 2026. En plus, SamaMbey Suarl s’engage dans le domaine du développement communautaire en menant  des actions de sensibilisation en nutrition, santé et hygiène.Intitulé du poste :Agent distributeurLocalisation :La prestation se déroulera en milieu rural, dans les zones d'intervention de Sama Mbey, réparties sur trois régions administratives du Sénégal : Matam  Bakel, Hamady Ounare, Matam, Thilogne Kolda    Dabo, Bourocco,Kounkane, Médina Yoro Foula, Tanaff, Vélingara Sédhiou / Ziguinchor Bignona, Bounkiling, Diattacounda, Marsassoum, Médina WandifaNombre de postes:36Type de contrat:Prestation de serviceRôles et responsabilitésLes agents distributeurs auront pour missions :1. VENTE & MOBILISATION- Développement commercial- Assister l'équipe de vente dans l'atteinte des objectifs de paquets finis- Réviser l'outil « Constitution de paquet 2026 » pour le maîtriser- Organiser les intrants selon l'outil de déchargement/chargement- Préparer des lots de paquets en avance- Assister à la formation distributeur organisée par le FC de la zone- Expliquer le contenu de chaque paquet au client- S'assurer que chaque client confirme avoir reçu 100 % des éléments inclus dans son paquet livré- Organiser les intrants restants pour assurer le chargement rapide du camion- Appuyer le chargement des intrants restants- Prospecter activement de nouveaux clients et fidéliser les producteurs existants2. LIVRAISON & SUIVI LOGISTIQUE- Gestion opérationnelle des livraisons- Être présent sur le site de livraison du début à la clôture.- Remplir les bordereaux de livraison.- Effectuer le décompte des paquets en début et fin de journée, et reporter les chiffres sur le bordereau.Cette liste n’est pas exhaustive, ces activités peuvent être adaptées aux besoins spécifiques de Sama Mbey, ainsi qu’aux objectifs et ressources disponibles.Compétences requises1. SAVOIR-FAIRE (Compétences techniques)- Expérience en vente et mobilisation communautaire en milieu rural.- Capacité à gérer des opérations logistiques (décomptes, bordereaux).- Connaissance du secteur agricole  (un atout).2. SAVOIR-ÊTRE (Qualités personnelles)- Force de persuasion : Capacité à convaincre les producteurs et motiver les VEs.- Rigueur et organisation : Respect strict des procédures de livraison et de reporting.- Autonomie et réactivité : Capacité à travailler en zone rurale avec des contraintes logistiques.- Esprit d’équipe : Collaboration étroite avec les VEs et le staff Sama Mbey.Autres compétences souhaitées:- Flexible : Sama Mbey est une organisation en pleine croissance qui se caractérise par des changements réguliers;- Humble : la personne est capable de partager ses connaissances tout en étant à l'écoute des défis des producteurs;- Efficace et proactif: la personne sait faire preuve d’autonomie et de créativité afin d’organiser ses activités;- Orienté vers l’action : la personne sait analyser les données et interpréter les chiffres afin de proposer et de développer des actions;- Ouvert aux retours constructifs.Le candidat idéal doit:- Avoir une expérience professionnelle antérieure dans le domaine du coaching/développement des compétences;- Être originaire de la zone pour laquelle il postule (myAgro recrute à travers plusieurs zones);Profil recherché- Minimum niveau Bac avec une expérience probante en agronomie, en développement communautaire ou dans un autre domaine connexe;- 1 an d’expérience prouvée et vérifiée en tant que agent de terrain;- Capacité à se focaliser sur l’atteinte des résultats;- Excellentes compétences en communication et en travail d’équipe,- Maîtrise orale et écrite, en français et wolof, mandingue, poular (selon la zone);- La connaissance d’autres langues locales est considérée un atout;- Maîtrise de l’outil informatique.Sama Mbey est un employeur garantissant l'égalité des chances. Nous célébrons la diversité et nous nous engageons à créer un espace inclusif permettant à tous les employés de se sentir valorisés pour leurs compétences, leurs expériences et leur point de vue unique. Sama Mbey offre des opportunités d'emploi égales à tous les employés et candidats sans distinction de race, de couleur, de religion, d'orientation sexuelle, de statut matrimonial/parental, d'origine nationale, d'âge, de handicap, d'opinion politique, de statut social, de statut d'ancien combattant, de génétique ou de toute autre base protégée par la loi applicable.",N/A,https://senjob.com/sn/jobseekers/agents-distributeur_e_161306.html
Responsable Comptes Fournisseurs,groupe-topinter,Dakar,"Comptabilité, Finances, Gestion | Distribution, Commerce, Import-Export",2026-04-16,2026-05-08,"Résumé : Le titulaire du poste est chargé du traitement des factures fournisseurs, de la préparation despaiements et du suivi des comptes fournisseurs. Il/elle veille à la conformité des opérations etparticipe aux clôtures mensuelles.-Missions principales :• Vérifier et enregistrer les factures fournisseurs dans l’ERP• Préparer et exécuter les paiements• Réconcilier les comptes fournisseurs et résoudre les écarts• Assurer la conformité documentaire pour les audits• Participer aux clôtures mensuelles (provisions, balances âgées)• Maintenir de bonnes relations avec les fournisseursProfil recherché :• Bac+2/3 en Comptabilité, Finance ou Gestion• Expérience de 2 ans minimum sur un poste similaire• Maîtrise d’Excel et d’un ERP• Rigueur, organisation et bon relationnel",grc@groupe-topinter.com,https://senjob.com/sn/jobseekers/responsable-comptes-fournisseurs_e_161392.html
Consultant Support FAI avec expertise N1,N/A,Dakar,"Informatique, Télécoms, Réseaux | Industrie Informatique, Télécoms, Téléservices",2026-03-31,2026-04-30,"Description de l'entrepriseImplantée à Dakar, ALTEN Sénégal est la filiale du groupe ALTEN, leader mondial de l’ingénierie et du conseil en technologies. Elle joue aujourd’hui un rôle clé dans l’accompagnement du développement professionnel des ingénieurs en Afrique de l’Ouest, et accompagne la stratégie de développement de ses clients dans les domaines de l’innovation et des systèmes d’information technologiques.Notre mission : répondre aux ambitions technologiques de nos clients — grands donneurs d’ordre internationaux — dans les secteurs de l’automobile, du ferroviaire, de l’IT, des télécommunications et des médias.Rejoindre ALTEN Sénégal, c’est intégrer un écosystème d’excellence et bénéficier :• D’un parcours de carrière personnalisé et évolutif• D’une politique ambitieuse de développement des compétences• D’un environnement de travail stimulant, collaboratif et porteur de sensDescription du posteAu sein de l’équipe de support technique clients, vous serez intégré à une chaîne de support de niveau 1 et serez en charge du support et de l’expertise sur l’ensemble des phases du traitement des incidents réseaux.Vous serez amené à :Traiter les plaintes unitaires « Grand Public » et « Entreprises » sur les périmètres d'accès ADSL , FTTH et les services associés (VOIP, IPTV.),Analyser, diagnostiquer et résoudre les incidents avec contraintes de temps,Assurer la satisfaction du client en apportant des réponses pertinentes et pointues dans des délais minimums,Assurer la communication client,Identifier, diagnostiquer les dysfonctionnements, incidents, interruptions de service et mettre en œuvre les mesures correctives,Contrôler de la bonne complétude et avancée des tickets de niveau 1,Assurer un support à l'équipe service clients et aux équipes terrains de premier niveau,Accompagner le client final de bout en bout jusqu’au rétablissement du service,Qualifier les tickets avant escalade sur les services Expert niveau 3 (analyse et diagnostic),Faire le suivi des incidents : Exploitation de la base d'incidents : relances, consolidation, analyse de tendance. Demandes d'actions préventives de fond,Accueillir des demandes des utilisateurs suite à des dysfonctionnements : prise en compte des appels des clientsQualificationsDiplômé d'un Bac +2/+3 avec une spécialisation en réseaux et télécom ou en Informatique.Expérience : Expérience Support client/gestion relation client d’au moins un an exigéUne expérience dans le secteur des Télécoms (ex : Fournisseurs d’Accès Internet) serait un plusCompétences linguistiques :Français : niveau de communication avancé ( B2, C1)Informations complémentairesVous êtes rigoureux, créatif, curieux et vous aimez travailler en équipe et monter en compétence dans un environnement dynamique. Les métiers du service vous animent et vous souhaitez évoluer dans un environnement convivial, rejoignez-nous !",N/A,https://senjob.com/sn/jobseekers/consultant-support-fai-avec-expertise-n1_e_161131.html
Administrateur Ressources Humaines DESK,N/A,Dakar,"Ressources Humaines, Formation | Service public d'état, Institutions, Administratio",2026-04-23,2026-05-08,"Mission principaleAssurer la fiabilité et la fluidité du parcours administratif et opérationnel des expatriés du Desk, en garantissant la qualité des données RH, le respect des échéances clés et une expérience claire et sécurisée pour les collaborateurs, dans un environnement multiculturel exigeant.Activités principalesGestion et sécurisation contractuelle administrative•	Constituer le dossier du personnel expatrié et vérifier leur complétude dès la validation du recrutement en centralisant une liste de documents préétablie; communiquer aux salarié.e.s les informations nécessaires à la création du contrat et à  la souscription  à l’assurance santé•	Élaborer les contrats de travail, les avenants en conformité avec les éléments validés (postes, conditions, dates) et les faire signer dans les 72 heures avant la date de début du contrat ou avant la fin du contrat en cours, les documents de rupture de contrat à l’amiable etc.  et les faire signer avant la date de rupture de contrat•	Assurer la signature des documents contractuels dans les délais requis (avant prise de fonction ou échéance contractuelle)•	Contrôler la cohérence et la fiabilité des informations contractuelles et administratives•	Assurer une révision fiable des fiches de salaire en fin d’année dands le respect des délais et procédures en collaboration avec sa/son Référent.e RH.•	Assurer le suivi des preuves de vie (s’assurer que chaque expatrié a transmis sa preuve de vie au début de sa mission)•	Procéder aux formalités liées à la souscription d’assurance santé pour chaque personnel International terrain dès la signature de son contrat et s’assurer que l’expatrié a reçu d’ALLIANZ toutes les informations nécessaires liées à sa prise en charge santé (carte d’assurance etc.)•	Identifier toute incohérence ou anomalie dans le processus de déploiement de l’expatrié et alerter le/le Référent(e) RH dans les meilleurs délais•	Organiser et coordonner les briefings et débriefings des expatriés (au siège ou à distance)•	Tenir informé les Coordinateurs finances/RH, les Chefs de Mission, les Coordinateurs logistiques les assistants RH sur le terrain de l’arrivée des nouveaux expatriésOrganisation et suivi des déploiements et mouvements•	Organiser les départs en mission (visa, transport, hébergement, documents de mission) dans le respect des délais•	Assurer le suivi des mouvements du personnel (prise de poste, renouvellement, fin de mission)•	Préparer et transmettre les  documents nécessaires aux déplacements et à la prise de fonction•	Préparer et faire valider les engagements de dépenses liés aux frais financiers engendrés par les départs en mission  des expatriés et à leur fin de mission•	Anticiper les échéances de déploiement et alerter le/la Référent (e) RH en cas de risque de retard ou de blocage•	Assurer la mise à jour des outils de suivi des mouvements du personnel•	Coordonner avec les acteurs concernés (terrain, logistique, desk) pour garantir la fluidité des déploiementsCoordination des fins de missions et SDTC•	Assurer la préparation des fins de mission en coordination avec les acteurs concernés (terrain, desk, paie) dès qu’elle a l’information du non renouvellement de contrat d’un expatrié•	Vérifier la disponibilité de l’ensemble des éléments nécessaires à l’établissement du solde de tout compte•	Établir et transmettre les documents de fin de contrat dans les délais requis•	S’assurer de la complétude et de la fiabilité des informations transmises à la paie•	Suivre le traitement et le paiement des soldes de tout compte en lien avec la paie•	Identifier les retards, incohérences ou blocages dans le traitement des SDTC des expatriés et alerter le /la  Référent(e) RH•	Assurer la désactivation  ALLIANZ de l’expatrié un mois après sa fin de missionFiabilisation des données RH, gestion de l’interface avec le service paie et production des reportings pour le suivi de l’activité.•	Collecter, centraliser, et vérifier les données RH nécessaires à la paie (contrats, mouvements, etc.)•	Contrôler la complétude, la cohérence et la fiabilité des informations avant leur transmission•	Identifier les écarts ou incohérences et effectuer les relances nécessaires auprès des interlocuteurs concernés (terrain, desk)•	Assurer une transmission des données dans les délais compatibles avec le calendrier de paie•	Coordonner avec la gestionnaire de paie pour sécuriser la prise en compte des éléments transmis•	Suivre les dossiers jusqu’à leur traitement effectif et gérer les corrections si nécessaire•	Alerter le / la Référent(e) RH en cas de dysfonctionnement ou de risque impactant la paieAccompagnement et information des expatrié.e.s•	Fournir aux expatrié.e.s une information claire, cohérente et fiable à chaque étape de leur parcours (départ, mission, fin de mission)•	Répondre aux demandes ou orienter efficacement vers les interlocuteurs appropriés•	S’assurer que les informations transmises sont comprises et adaptées à un environnement multiculturel•	Anticiper les besoins d’information et limiter les zones d’incertitude pour les expatriés•	Veiller à ne laisser aucune demande sans réponse, même en cas de dépendance à d’autres services•	Contribuer à une expérience fluide et sécurisante pour les expatriésProfil et expérience souhaités•	Diplôme Bac à Bac +3 en Gestion, Administration, Finances, RH, ou formation jugée équivalente.•	Minimum 2 années d’expérience dans un environnement opérationnel exigeant .•	Expérience en gestion de mobilité internationale, coordination RH ou logistique de personnel•	Expérience dans un environnement à forte contrainte de délais et de volumeCompétences techniques•	Bonne maîtrise des outils informatiques (G-Suite e).•	Bonne compréhension des processus RH (contrats, mobilité, fins de missions)•	Capacité à gérer et fiabiliser des données RH complexes•	Connaissance des enjeux de paie et interactions avec un service paie•	Connaissance du droit du travail français est un atoutCompétences comportementale•	Rigueur : capacité à traiter des données avec précision et fiabilité•	Sens du service : attention portée à la qualité de l’expérience des expatriés•	Assertivité : capacité à relancer, coordonner et faire avancer les dossiers sans autorité hiérarchique•	Organisation et gestion des priorités dans un environnement à forte charge•	Capacité à évoluer dans un environnement multiculturel•	Proactivité dans l’identification et la résolution des problèmesConnaissances en langues : La maîtrise du français et de l’anglais (lu, écrit, parlé) est indispensableConditions•	Durée du contrat : Contrat à durée indéterminée de droit sénégalais•	Prise de poste : Dès que possible•	Salaire : 611 293 FCFA•	Contribution frais de transport à 72 032 FCFA•	2,75 Jours de congés payés par Mois ;•	Couverture santé complémentaire, prises en charge par ALIMA pour l’employé et ses ayants droit;•	Participation aux frais de scolarité pour les enfants de 2 à 18 ans selon la politique extra contractuelle d’ALIMA en vigueur.",N/A,https://senjob.com/sn/jobseekers/administrateur-ressources-humaines-desk_e_161529.html
Contrôleur Interne – Projets,N/A,Dakar,"Comptabilité, Finances, Gestion | Banque, Assurance, Finances",2026-04-23,2026-05-08,"•	Titre : Contrôleur Interne – Projets•	Référence : CONTINT/DCI/IPD2026•	Département : Direction Contrôle Interne – Projets•	N+1 : Directeur Contrôle Interne•	Lieu : Campus/Dakar•	Contrat : CDD 12 mois•	Deadline : 29 avril 2026•	Début souhaité : Juin 2026À propos de l’InstitutL’Institut Pasteur de Dakar (IPD) est une fondation d’utilité publique sénégalaise dédiée à la santé publique, la recherche, l’innovation et l’éducation en Afrique. Depuis sa fondation en 1896, l’institut n’a cessé de se développer pour le bénéfice des populations et est aujourd’hui spécialisée dans les 5 domaines suivants :•	Recherche & Développement•	Diagnostic, vaccination, alimentation et environnement•	Éducation, formation et développement des talents•	Expertise et orientation stratégique en santé publique•	Production et distribution de vaccins et de dispositifs médicauxDe manière unique, l’IPD rassemble ainsi des capacités et des fonctions clés pour relever les défis de santé publique et les menaces mondiales et joue un rôle régional important dans ses partenariats avec l’OMS et la lutte contre les maladies infectieuses.A l’IPD, nous inspirons, nous éduquons et nous attirons des Femmes et des Hommes de sciences passionnés et visionnaires pour développer des solutions significatives et efficaces aux problèmes de santé publique en Afrique ! Notre Ambition est de diriger, influencer et améliorer la santé humaine, chaque jour, de manière sûre et durable.Si vous avez l’esprit Pasteurien, comme nous, Rejoignez-Nous !Activités du posteDans le cadre du renforcement du dispositif de contrôle interne et des exigences croissantes des partenaires techniques et financiers en matière de conformité et de transparence, l’IPD recrute un Contrôleur Interne dédié aux projets.Ce poste vise à sécuriser la gestion des opérations, à garantir le respect des procédures internes et contractuelles, et à renforcer la crédibilité de l’institution auprès de ses bailleurs de fonds.Mission généralePlacé sous l’autorité du Directeur du Contrôle Interne, le Contrôleur Interne Projets est chargé d’assurer la mise en œuvre et le suivi du dispositif de contrôle interne au sein des projets portés par l’IPD. Il veille à la conformité des opérations avec les procédures internes de l’institution et les exigences contractuelles des partenaires financiers.Activités principalesContrôle de la conformité et des procédures•	Vérifier la conformité des opérations des projets aux procédures internes de l’IPD et aux règles des bailleurs de fonds•	Contrôler la régularité et la sincérité des pièces justificatives (dépenses, marchés, contrats)•	S’assurer que les autorisations et validations requises sont obtenues avant toute opération•	Identifier les écarts et non-conformités et en assurer le reportingGestion des risques et traçabilité•	Contribuer à l’identification, l’évaluation et la cartographie des risques liés aux projets•	Veiller à la traçabilité complète des opérations financières, administratives et logistiques•	Proposer des mesures correctives et préventives pour réduire l’exposition aux risques•	Participer à la mise à jour du registre des risques projetsSuivi et reporting•	Élaborer des rapports périodiques de contrôle interne à destination du Directeur du Contrôle Interne•	Suivre la mise en œuvre des recommandations formulées à l’issue des missions de contrôle•	Préparer les éléments de réponse aux demandes d’audit externe (auditeurs bailleurs, commissaires aux comptes)•	Alimenter les tableaux de bord de suivi du contrôle interne des projetsAccompagnement et renforcement des capacités•	Sensibiliser et former les équipes projets aux procédures internes et aux exigences des partenaires•	Appuyer les chefs de projets dans l’application correcte des règles de gestion•	Diffuser les bonnes pratiques en matière de gouvernance, de transparence et de conformité•	Contribuer à l’amélioration continue des outils et procédures de contrôle interneProfil recherchéFormationNiveau de qualification ou compétences requises :•	Avoir un Master en Comptabilité Contrôle Audit ou diplôme équivalent•	Avoir au moins 5 ans d’expérience dans le domaine du contrôleCompétences techniques :•	Maîtrise des outils bureautiques et des procédures de gestion administratives•	Maîtrise des risques et procédures : Capacité à identifier, évaluer et cartographier les risques, ainsi qu’à concevoir des procédures de contrôle interne•	Connaissance financière et comptable approfondie•	Analyse de données : Utilisation d’Excel et d’outils informatiques/logiciels métiers•	Veille réglementaire : Capacité à se tenir à jour sur les normes et exigences de conformitéQualités personnelles :•	Rigueur, sens de l’organisation et souci du détail•	Intégrité, discrétion et respect de la confidentialité•	Capacité d’analyse, esprit critique et force de proposition•	Capacité à améliorer ses performances et celles du système de manière continue•	Aptitude à travailler de manière autonome tout en s’intégrant dans une équipe•	Bonnes aptitudes relationnelles et pédagogiques pour l’accompagnement des équipes•	Capacité à gérer les priorités et à travailler sous pression dans des délais serrés•	Sens de la communication et fiabilité•	Aptitude à communiquer en anglaisL’institut Pasteur de Dakar est un employeur de référence qui propose des conditions de travail favorables à l’épanouissement professionnel.",N/A,https://senjob.com/sn/jobseekers/contrôleur-interne-–-projets_e_161528.html
Responsable Développement Formation Continue,N/A,Dakar,"Éducation, Enseignement | Enseignement, Formation",2026-04-23,2026-05-08,"Missions•	Élaborer et piloter le plan d’action commercial ;•	Définir les cibles et planifier les actions de prospection ;•	Promouvoir l’offre du centre, développer sa notoriété et son image ;•	Développer et entretenir des relations avec les entreprises, les financeurs et les prescripteurs ;•	Prospecter les entreprises du secteur de l’industrie agroalimentaire sur l’ensemble du territoire ;•	Identifier les besoins des entreprises et proposer des solutions de formation adaptées ;•	Élaborer les propositions commerciales et négocier les contrats ;•	Assurer la commercialisation des actions de formation ;•	Accompagner les entreprises dans la définition de leurs plans de formation et des dispositifs de financement ;•	Assurer une veille marché (besoins, concurrence, réglementation) et remonter les informations à la direction.",N/A,https://senjob.com/sn/jobseekers/responsable-développement-formation-continue_e_161527.html
Acheteur Sénior,N/A,Dakar,"Achat, Supply Chain, Logistique, Transport | Distribution, Commerce, Import-Export",2026-04-23,2026-05-08,"La Société de Cultures Légumières (SCL), située à 2 km du barrage de Diama, au nord du Sénégal dans la région de Saint-Louis, exploite 1.500 hectares répartis sur 3 sites. Elle emploie 1.250 travailleurs sous contrat et entre 2000 et 6.000 travailleurs journaliers selon les périodes de l’année.Son modèle économique est basé sur la production, le conditionnement et l’exportation des légumes frais, majoritairement du maïs doux et du haricot vert.Pour le renforcement de ces capacités dans le domaine des achats, la SCL recrute un Acheteur Sénior (H/F) expérimenté pour mieux répondre aux exigences de l’entreprise. Ce poste à fort potentiel évolutif, couvre le portefeuille stratégique des intrants agricoles et le conditionnement.Missions stratégiques et opérationnelles :Gestion du portefeuille stratégique :•	Piloter un panel de fournisseurs critiques pour la production (matières premières agricoles, emballages techniques, outillages spécifiques) ;•	Élaborer et mettre en œuvre les stratégies d’achats par catégorie.Analyse de marché et sourcing :•	Réaliser une veille permanente sur la volatilité des cours des matières premières agricoles et les innovations packaging ;•	Identifier et qualifier de nouvelles sources d’approvisionnement.Négociation et contractualisation de haut niveau :•	Piloter les appels d’offre complexes et les RFQ ;•	Négocier des contrats cadres intégrant des clauses de performances (qualité, délai, flexibilité indexation prix) ;•	Mettre en place des outils de couverture de risques prix/volume) pour sécuriser les marges de l’entreprise.Pilotage de performance et gestion du cycle de vie fournisseur :•	Développer et suivre les KPI achats, être le garant du processus Procure-to-Pay et la résolution des litiges complexes (techniques ou financier) en interface avec la comptabilité et les magasins ;•	Proposer des axes d’amélioration continue pour réduire les coûts cachés et optimiser les stocks.Dimension évolutive et management de transition :•	Rapport stratégique: être le bras droit du Directeur des Achats dans la préparation des grosses commandes, revues budgétaires et des rapports Direction Générale ;•	Participer activement à l’optimisation de l’ERP et la digitalisation de la fonction achat.Profil recherché/Compétences requises :•	Être titulaire d’une Licence 3 ou plus de Gestion et commerce avec spécialisation Achat / Supply Chain, avec une expérience de 02 ans au minimum au poste d’acheteur confirmé.•	Être motivé, rigoureux, fort en négociation et aime les défis, avoir le sens de l’éthique, de la communication et du relationnel.",N/A,https://senjob.com/sn/jobseekers/acheteur-sénior_e_161526.html
Chargé Lots Techniques Junior,N/A,Dakar,"Maintenance, Entretien, Contrôle | Industrie Automobile, Mecanique, Navale",2026-04-23,2026-05-08,"Rattaché à l’Ingénieur Senior Lots Techniques, vous intervenez sur l’ensemble des lots techniques du bâtiment, couvrant à la fois les installations électriques (CFO/CFA) et les réseaux fluides (CVC, plomberie, désenfumage). Vous assurez la modélisation BIM sous Revit MEP et la production des plans lots techniques, en garantissant la cohérence inter-lots et la qualité des livrables à chaque phase du projet.Profil recherché•	Bac +2 / Bac +3 en Génie Électrique, Génie Climatique, Énergétique du Bâtiment ou équivalent (DUT Génie Civil option Énergie, BTS Électrotechnique / Fluides)•	Débutant accepté avec maîtrise de Revit MEP. Expérience BIM (stage ou projet académique) couvrant l’un ou les deux lots techniques fortement valorisée.Compétences•	Maîtrise de Revit MEP (impératif) et d’AutoCAD ;•	Bonne compréhension du processus BIM et de la coordination multi-lots ;•	Connaissances de base en électricité bâtiment (CFO/CFA) : chemins de câbles, tableaux, luminaires ;•	Notions solides en CVC et plomberie : réseaux fluides, gainage, tuyauterie, désenfumage ;•	Notions des normes applicables : NF C 15-100 (électricité), NF/ASHRAE (fluides) ;•	Capacité à exploiter les maquettes BIM (quantitatifs, réservations, extractions, clash detection) ;•	Rigueur, sens du détail et organisation dans la gestion simultanée de plusieurs lots ;•	Esprit d’équipe, communication fluide et capacité d’apprentissage rapide.",N/A,https://senjob.com/sn/jobseekers/chargé-lots-techniques-junior_e_161525.html
Gardien,N/A,Dakar,"Qualité, Sécurité, Environnement | Sécurité, Surveillance, Défense, Armée",2026-04-23,2026-05-08,"Nous sommes à la recherche d’un gardien avec un bon niveau d’expression en français.Compétence et aptitude : Ponctuel, respectueux , discipliné.Être disponible à travailler de 16h-00h.",N/A,https://senjob.com/sn/jobseekers/gardien_e_161524.html
Superviseur de Salle,N/A,Dakar,"Maintenance, Entretien, Contrôle | Organisation non gouvernementale, Association",2026-04-23,2026-05-12,"Nous sommes à la recherche d’un superviseur de salle avec un bon niveau d’expression en français. instruit et assiduCompétence et aptitude : Ponctuel, respectueux, discipliné.Être apte et disponible à travailler de 08h-16h/ 16h-00h/ 00h-08h",N/A,https://senjob.com/sn/jobseekers/superviseur-de-salle_e_161523.html
Comptable Sénior,N/A,Dakar,"Comptabilité, Finances, Gestion | Banque, Assurance, Finances",2026-04-23,2026-05-08,"Nous recrutons un Comptable Senior pour un de nos clients évoluant dans le secteur de l’immobilier.Missions principales:•	Gestion de la comptabilité générale (enregistrement des pièces reçues, tenues des journaux, analyses périodiques des comptes)•	Revue des états de rapprochement bancaires mensuels•	Elaboration des reportings et des états financiers•	Revue des déclarations fiscales et sociales•	Suivi du paiement des impôts et taxes•	Suivi des paiementsProfil:•	Bac + 5 en comptabilité ou gestion•	Expérience d’au moins 2 ans dans un poste similaire•	L’expérience en cabinet est un plus•	Savoir travailler sous pression•	Être à l’aise avec Sage Saari/SAP•	Etre à l’aise avec Microsoft office particulièrement Excel",N/A,https://senjob.com/sn/jobseekers/comptable-sénior_e_161522.html
Assistant(e) Contrôle RH,N/A,Dakar,"Ressources Humaines, Formation | Banque, Assurance, Finances",2026-04-23,2026-05-08,"Missions et Responsabilités•	Participer à l’élaboration du budget des frais de personnel•	Suivre et analyser les écarts entre le budget et le réalisé•	Proposer des actions correctives et des optimisations de couts RH•	Collecter, consolider et fiabiliser les données sociales•	Concevoir et produire des tableaux de bord RH réguliers•	S’assurer de la qualité et de la cohérence des données RH•	Mettre en place des processus d’automatisation pour la collecte et l’analyse des donnéesProfil•	Bac + 3/4 Contrôle de Gestion, RH est tout autres équivalents.•	1 à 2 ans d’expérience professionnelle minimum•	Maitrise du système MIAGE",N/A,https://senjob.com/sn/jobseekers/assistant-e--contrôle-rh_e_161521.html
Directeur Système d’Information,N/A,Dakar,"Informatique, Télécoms, Réseaux | Industrie Informatique, Télécoms, Téléservices",2026-04-23,2026-05-08,"Rattaché au Directeur Général, le Directeur Système d’Information assure la gouvernance, la supervision et l’évolution du Système d’Information, en garantissant sa disponibilité, sa sécurité et son adéquation aux besoins métiers, tout en optimisant les coûts et en accompagnant la transformation digitale de la banque.Activités Principales :Stratégie et gouvernance du SI•	Définir et mettre en œuvre la stratégie SI en cohérence avec les orientations du groupe et les objectifs de la filiale.•	Piloter la performance et la conformité du SI (réglementaire, sécurité, continuité d’activité).•	Élaborer et suivre le budget SI, en optimisant les coûts d’infogérance et les investissements.Management de l’infogérance et des prestataires•	Superviser les relations avec le Centre de Support Filiale (CSF) et les autres prestataires techniques.•	Assurer le respect des SLA (niveaux de service) et la qualité des services délivrés.•	Être l’interface principale entre les équipes internes, les utilisateurs et les prestataires externes.Gestion de projets et transformation digitale•	Piloter les projets SI (fonctionnels et techniques) depuis l’expression du besoin jusqu’à la mise en production.•	Accompagner les métiers dans l’évolution des outils et processus, notamment dans le cadre de la digitalisation.•	Assurer la maintenance et la mise à jour de la documentation technique et fonctionnelle.Support utilisateur et micro-informatique•	Superviser la gestion du parc micro-informatique (administration, maintenance, renouvellement).•	Garantir un support de qualité aux utilisateurs en collaboration avec le CSF.•	Promouvoir l’adoption des outils et bonnes pratiques en matière de système d’information.Sécurité, continuité et diffusion de l’information•	Veiller à la sécurité des données et des systèmes, en conformité avec les normes bancaires et celles du groupe.•	Assurer la continuité d’activité et la résilience du SI (PCA/PRA).•	Faciliter la circulation et la qualité de l’information au sein de l’organisation.Management transversal et reporting•	Animer et coordonner les équipes internes dédiées au SI.•	Rendre compte régulièrement à la Direction Générale sur l’état du SI, les projets en cours et les indicateurs clés.•	Réaliser toutes autres missions confiées par la hiérarchie dans le cadre des objectifs du département.Mise en place des instruments organisationnels :•	Rédaction et diffusion des manuels•	Formation du personnel•	Gestion des fiches de fonctionReprises d’éventuels instruments existants :•	Collecte des notes d’instructions existantes•	Analyse de cette documentation pour élimination des sources contradictoires ou redondantes•	Classement en fonction de la nomenclature des manuels•	Réactualisation et rappel des instructionsGestion du Système d’Information :•	Gestion et suivi des habilitations•	Gestion des tables de codifications et de références•	Gestion des incidents•	Optimisation des processus•	Gestion des évolutions•	Gestion de la sécurité•	Gestion de l’éditiqueToute autre tâche confiée par sa hiérarchie dans le cadre des missions.Profil :•	Diplôme d’ingénieur, master en informatique, télécoms ou gestion des systèmes d’information.•	Expérience significative en management du SI dans le secteur bancaire ou financier.•	Connaissance des environnements réglementaires bancaires et des normes de sécurité (ISO, COBIT, etc.).•	Compétences en gestion de projet, négociation avec les prestataires et pilotage budgétaire.•	Leadership, excellent relationnel et capacité à fédérer des équipes internes et externes.•	Savoir faire face aux situations d’urgence.•	Capable de travailler sous pression.•	Rigueur et sens des responsabilités.•	Pragmatisme, orientations solutions.•	Forte autonomie et esprit d’initiative.",N/A,https://senjob.com/sn/jobseekers/directeur-système-d’information_e_161520.html
Développeur IT,N/A,Dakar,"Informatique, Télécoms, Réseaux | Industrie Informatique, Télécoms, Téléservices",2026-04-23,2026-05-08,"Activités Principales :•	Définir une structure optimale des données et développer des programmes d’extraction ;•	Identifier les besoins en termes d’architecture, de données ainsi que l’adéquation avec l’environnement actuel pour le développement des solutions analytiques ;•	Contrôler et surveiller l’état de l’infrastructure ainsi que la sauvegarde et la sécurisation des données ;•	En collaboration avec le Directeur SI, définir et faire évoluer les solutions de stockage des données ;•	Mettre son expertise au profit des métiers pour déployer et soutenir les modèles analytiques et faciliter l’exploitation des données.•	Toute autre tâche confiée par sa hiérarchie dans le cadre des missions.Profil :•	Profil BAC+5 en Informatique avec une très bonne pratique des bases de données et l’application Amplitude, du développement SQL et des autres langages développements : PHP/MYSQL, PYTHON, Java/JavaScript, outil BI, etc.•	Une expérience significative en milieu bancaire.•	Savoir gérer la confidentialité des informations et des données.•	Savoir organiser et planifier ses activités•	Savoir faire face aux situations d’urgence•	Capable de travailler sous pression•	Rigueur et sens des responsabilités•	Pragmatisme, orientations solutions•	Forte autonomie et esprit d’initiative•	Sens du collectif et du travail en équipe",N/A,https://senjob.com/sn/jobseekers/développeur-it_e_161519.html
Responsable de production / Conducteur de Travaux,N/A,Dakar,"Métiers BTP, Bureau d'étude, Immobilier | BTP, Construction, Immobilier, Urbanisme, Archi.",2026-04-23,2026-05-08,"MissionsLe responsable de production organise, planifie, suit la production d’un atelier de confection lourde ainsi que la supervision des chantiers (conduite de travaux).•	Assurer la production•	Planifier la production en collaboration avec la direction générale•	Superviser les services connexes à la production (magasins, services généraux…)•	Réagir aux commandes imprévues et aux aléas techniques en concertation avec le service commercial•	Coordonner les exigences de production et les nécessités de maintenance (outils de production et services généraux)•	Assurer les communications avec les différents services : commercial, comptable et RH•	Suivre les productions journalières par rapport aux prévisions et les réajuster•	Responsable de la maintenance : outils industriels, services généraux, propreté du site et environnement•	Animer le personnel de l’atelier•	Gérer le personnel de production et s’assurer du recrutement nécessaire à la flexibilité ou aux périodes de suractivité•	Gérer le personnel des services annexes : magasiniers, chauffeurs et leurs véhicules•	Améliorer les process de production•	Analyser les défaillances, les dysfonctionnements, proposer des améliorations•	Rechercher et proposer des solutions pour améliorer sans cesse la productivité, la réactivité et la qualité de la production : améliorer les implantations d’ateliers et optimiser les flux.•	Prévoir les investissements nécessaires en collaboration avec la DirectionRésultats attendus•	Efficacité, productivité et qualité de la production, son coût en fonctionnement•	Rendre compte à la Direction Générale•	Assurer un bon climat social•	Autonomie et responsabilitéLe poste dépend de la direction générale. Il encadre les responsables d’ateliers, les chefs d’équipes, les magasiniers, les chauffeurs et le personnel de la production, il est autonome quant aux moyens et à l’organisation des ateliers pour assurer le bon fonctionnement.Environnement de travail•	Il travaille entre son bureau, les ateliers et la Direction. Il se déplace à l’extérieur : chantier et suivi des équipes.•	Les horaires sont soumis aux aléas de la production.Compétences spécifiques•	Optimiser la production : implantation des ateliers, flux, organisation du travail•	Recruter et participer au recrutement de collaborateurs•	Evaluer les compétences et promouvoir ses collaborateurs•	Résoudre des problèmes de natures différentes dans l’urgence•	Connaissance de la confection textile est un plusCompétences transversales•	Etre à l’écoute et disponible•	Savoir être réactif devant les aléas•	Etre à la fois ferme et diplomate, savoir gérer des conflits•	Travailler en équipe•	Analyser et synthétiser de nombreuses informations chiffrées•	Gérer des priorités•	Organiser et planifier les activités•	Maîtriser les outils informatiquesProfil :•	De formation technique supérieure (minimum bac +2) vous justifiez d’une expérience réussie dans le milieu de la production et/ou la conduite de travaux dans le BTP.•	Titulaire d’un permis de conduire•	Français et Wolof impératifs, la maitrise de l’anglais est un plus.",N/A,https://senjob.com/sn/jobseekers/responsable-de-production---conducteur-de-travaux_e_161518.html
Responsable des services hôteliers pour la famille olympique,N/A,Dakar,"Métiers Hôtellerie, Tourisme, Restauration, Loisirs | Tourisme, Hôtellerie, Loisirs, Restauration",2026-04-23,2026-05-08,"Missions et responsabilitésLe/La Olympic Family Hotel Services Manager/Responsable des services hôteliers pour la famille olympique (H/F) pilote l’ensemble des services dédiés à la Famille Olympique au sein de l’Olympic Family Hotel (OFH & OF2), en garantissant une expérience irréprochable, fluide et conforme aux standards du Comité International Olympique (CIO).Véritable chef d’orchestre sur site, le/la Olympic Family Hotel Services Manager est responsable de la qualité d’exécution opérationnelle, de la coordination interservices et de la satisfaction des clients les plus stratégiques des Jeux.Il/Elle est en charge des activités suivantes?:Pilotage de l’expérience client•	Garantir un niveau d’excellence sur l’ensemble du parcours client (arrivée, séjour, départ);•	Assurer la qualité des services hôteliers : réception, conciergerie, housekeeping,restauration, espaces meetings;•	Mettre en œuvre et contrôler les standards spécifiques à la Famille Olympique Coordination opérationnelle.Coordination opérationnelle•	Superviser les équipes OFS sur site;•	Assurer la coordination quotidienne avec les départements Dakar 2026 présents à l’OFH (Transport, Protocole, Sécurité, Accréditations, etc.);•	Être le point de contact principal entre l’hôtel, les équipes OFS et le CIO.Management & leadership•	Encadrer, mobiliser et faire monter en performance les équipes opérationnelles;•	Instaurer une culture de service premium et de réactivité;•	Gérer les priorités dans un environnement à forte pression.Gestion des situations sensibles•	Anticiper, gérer et résoudre les incidents clients avec diplomatie et efficacité;•	Assurer un suivi personnalisé des demandes VIP et sensibles;•	Garantir la confidentialité et la gestion des enjeux protocolairesAmélioration continue & reporting•	Suivre les indicateurs de qualité et de satisfaction;•	Identifier les axes d’amélioration et mettre en place des actions correctives rapides;•	Produire des reportings réguliers à destination du CIO et de Dakar 2026.Qualifications et compétences requises pour le posteFormation et Expérience professionnelle•	Bac+4/5 en management hôtelier international ou équivalent;•	Minimum 5 ans d’expérience en hôtellerie haut de gamme, événementiel international ougrands événements sportifs;•	Expérience confirmée sur des environnements VIP, protocole ou clients sensibles;•	Expérience en ouverture d’hôtel ou grands événements fortement appréciée.Compétences techniques•	Excellente maîtrise des standards hôteliers haut de gamme / luxe;•	Excellentes compétences relationnelles et sens politique.Savoir être•	Leadership confirmé et management d’équipes multiculturelles;•	Gestion du stress et prise de décision rapide;•	Sens aigu du détail et de l’expérience client;•	Capacité à évoluer dans un environnement international exigeant.Langues•	Bilingue français / anglais (indispensable);•	Une troisième langue est un atout.",N/A,https://senjob.com/sn/jobseekers/responsable-des-services-hôteliers-pour-la-famille-olympique_e_161517.html
Responsable des services aux invités,N/A,Dakar,"Métiers Hôtellerie, Tourisme, Restauration, Loisirs | Tourisme, Hôtellerie, Loisirs, Restauration",2026-04-23,2026-05-08,"Missions et responsabilitésLe/La Guest Services Manager/Responsable des services aux invités a pour mission de coordonner et produire des initiatives, événements et expériences impliquant la FamilleOlympique et les invités du COJOJ en dehors des sites de compétition, pendant les Jeux.Il/Elle garantit la cohérence, la qualité et l’impact des interactions entre la Famille Olympique et Dakar 2026, en orchestrant à la fois les invitations reçues et lesinitiatives portées par le Comité d’Organisation.Il/Elle est en charge des activités suivantes?:Coordination des invitations & engagements•	Centraliser et coordonner l’ensemble des invitations adressées à la Famille Olympique (cérémonies, événements partenaires, initiatives institutionnelles, activations);•	Assurer la cohérence globale des sollicitations;•	Suivre les confirmations, niveaux de représentation et présences effectives.Production d’expériences Dakar 2026•	Concevoir et piloter des initiatives à l’initiative de Dakar 2026 dédiées à la Famille Olympique et aux invités du COJOJ (visites, événements culturels, moments institutionnels, expériences exclusives);•	Superviser leur mise en œuvre opérationnelle, en lien avec les fonctions concernées;•	Garantir une expérience fluide, qualitative et alignée avec l’image et les ambitions des Jeux.Orchestration en Games Time•	Superviser la préparation et l’exécution de toutes les initiatives impliquant la Famille Olympique;•	Garantir la fluidité des parcours invités en coordination avec OFS et Protocole;•	Assurer une présence terrain sur les moments clés.Coordination transverse & parties prenantes•	Être le point de référence pour toutes les fonctions souhaitant engager la Famille Olympique;•	Travailler étroitement avec Protocole pour garantir le respect des règles de préséance et des sensibilités diplomatiques;•	Coordonner avec Marketing, Partenariats et Communication pour les initiatives impliquant des invités VIP.Gestion des risques & excellence opérationnelle•	Identifier les risques protocolaires, logistiques ou d’image;•	Garantir une exécution sans incident sur des événements à forte visibilité;•	Assurer un suivi personnalisé des invités clés.Suivi & reporting•	Mettre en place des outils de suivi des invitations, participations et expériences;•	Produire des reportings à destination de la Head of OFS et du CIO;•	Capitaliser sur les retours pour améliorer en continu les dispositifs.Qualifications et compétences requises pour le posteFormation et Expérience professionnelle•	Bac+4/5 en management hôtelier international ou équivalent;•	5 ans d’expérience en événementiel international, grands événements sportifs, protocole ou production d’expériences VIP;•	Expérience confirmée dans la gestion de dignitaires, VIP ou environnements sensibles;•	Expérience en production d’événements fortement appréciée.Compétences techniques•	Expertise en coordination d’événements complexes et multi-sites;•	Capacité à concevoir et produire des expériences premium;•	Capacité à piloter des projets complexes avec de nombreux interlocuteurs;•	Expertise en coordination d’événements complexes et multi-sites;•	Capacité à piloter des projets complexes avec de nombreux interlocuteurs;•	Excellente compréhension des enjeux protocolaires et institutionnels.Savoir être•	Forte capacité d’arbitrage et de priorisation;•	Diplomatie et intelligence relationnelle;•	Grande réactivité et capacité à travailler sous pression;•	Sens aigu du détail et de l’expérience VIP.Langues•	Bilingue français / anglais (indispensable);•	Une troisième langue est un atout.Contraintes du poste•	Contrat CDD à temps plein ;•	Flexibilité à travailler au-delà des horaires de travail conventionnels le cas échéant;•	Poste basé à Dakar avec déplacements fréquents sur les sites.",N/A,https://senjob.com/sn/jobseekers/responsable-des-services-aux-invités_e_161516.html
Developpeur Fullstack,N/A,Dakar,"Informatique, Télécoms, Réseaux | Industrie Informatique, Télécoms, Téléservices",2026-04-23,2026-05-08,"Dans le cadre de la transformation digitale, nous recherchons un développeur full stack junior (Java /JavaScript) pour renforcer les équipes de développements.Activités principales•	Participer à l’analyse la conception et au développement des applications en JAVA/Spring Boot/Angular/NodeJs et applications mobiles.•	Intégration de services dans SONIS (Outil d’inventory Network)•	Collaborer en équipe pour le développement d’applications et la mise en place d’interfaces.•	Développer des applications en architectures distribuées, en respectant à la fois les fonctionnalités et contraintes contenues dans la spécification fournie.•	Expérience dans les technologies de développement Cross-platform (Ionic, React Native, Flutter etc.)•	Rédaction des tests unitaires et des tests d’intégration.•	Participation à la mise en production des applications.•	Apporter son soutien aux analyses d’incidents de niveau 3•	Assurer la maintenance et la documentation.•	Assurer le support des équipes OpérationnelsCompétences requises•	Maitrise du langage JAVA 8+ et de ses frameworks principaux (Spring..), NodeJs et ses frameworks Niveau 4•	Maitrise des APIs restful Niveau 4•	Bonne maîtrise de la chaine d’intégration continue, des outils DevOps (jenkins, Bitbucket…) et des plans de tests (unitaires, non-régressions, d’intégration) Niveau 3•	Bonne connaissance des principes d’architecture réactive. Niveau 3•	Maitrise des architectures orientées microservices et des outils de stockage (SQL et NoSQL) Niveau 3•	Bonne maitrise d’une de ses framework/librairies (Angular, React JS, Ionic, React Native) Niveau 3•	Bonne maitrise des langages : HTML, CSS Niveau 4•	Maitrise des bonnes pratiques en développement frontend et de leur optimisation Niveau 3•	Bonne maitrise des outils de PAO et des spécificités des principaux navigateurs web et mobile. Niveau 2•	Proactive sur les choix technologiques. Niveau 3•	 Une connaissance du développement dans un environnement Agile et les rituels Scrum Niveau 3•	Connaissance du Test Driven Development  Niveau 3•	Une connaissance de docker, de kubernetes et de Openshift Niveau 3•	Bon mindset et team spirit•	Rigoureux, engagé et passioné.•	Créatif.",N/A,https://senjob.com/sn/jobseekers/developpeur-fullstack_e_161515.html
Data Programme Specialist,N/A,Dakar,"Administration, Services généraux | Organisation non gouvernementale, Association",2026-04-23,2026-05-08,"The primary purpose of the Data Programme Specialist (P4) position is to coordinate the technical implementation of regional statistical harmonization and improvement projects across West and Central Africa. This role involves producing high-quality population data by developing harmonized methodological guides and providing specialized technical assistance to National Statistical Offices for censuses and CRVS systems. Additionally, the Specialist promotes data utilization to inform evidence-based policy dialogue and ensures rigorous monitoring and evaluation to maintain project quality, track key performance indicators, and comply with donor requirements.You would be responsible for:Role DescriptionIn all activities s/he fosters collaboration within the West and Central Africa Regional Office, and with HQ and Country Offices, ensuring the timeliness, adequacy, relevance and quality of substantive outputs. The primary roles of the incumbent are:•	Technical support•	Capacity development•	Evidence and knowledge development and dissemination•	Technical representationKey responsibilities1. Technical Coordination & Harmonization•	Methodological Development: Lead the creation and adaptation of practical guides for census management, digital cartography, data cleaning, and geospatial population modeling.•	Standardization: Align regional statistical production with the Strategy for the Harmonization of Statistics in Africa (SHaSA) to ensure data comparability across the CEMAC and ECOWAS zones.•	Innovation: Oversee the integration of new technologies (GIS, satellite imagery, and mobile data collection) into traditional census and CRVS frameworks.2. Capacity Strengthening & Country Support•	Support census, CRVS and surveys activities, including field enumeration, post-enumeration surveys, and annual vital statistics generation, collaborating with technical consultants and Chief Technical Advisors.•	Organize technical meetings and learning events, including eLearning sessions and in-person seminars, on census and survey design, implementation, and data use for development planning.•	Coordinate GIS capacity strengthening for UNFPA census and survey initiatives in conjunction with HQ and Country Offices.•	Maintain the global database of consultants for technical assistance to National Statistical Offices and provide editorial support for census and survey publications.3. Data Utilization & Policy Advocacy•	Evidence Generation: Support the Regional Initiative on the Centrality of Population (RICoP) by analyzing the interconnections between population dynamics, megatrends, and Sustainable Development Goals (SDGs).•	Stakeholder Engagement: Organize high-level policy dialogues and webinars to foster evidence-based planning and resource allocation among decision-makers.•	Digital Dissemination: Oversee the development and regular updating of national Population Data Portals and the UNFPA Census Tracker to ensure access to key demographic indicators, while also producing policy briefs and monographs.•	Research Monitoring: Stay updated on advancements in census, survey, and geospatial research, providing insights on their relevance to UNFPA programming and identifying statistical gaps.•	Support Initiatives: Monitor Strategic Plan indicators and actively contribute to ICPD-related initiatives, events, and knowledge products.4. Project Management & Reporting•	Monitor Project Performance: Act as the primary focal point for project monitoring and evaluation, ensuring tracking of performance indicators and adherence to funding limits.•	Enhance Data Systems: Collaborate with key stakeholders to improve data systems and provide technical assistance to governments.•	Support Resource Mobilization: Assist WCARO leadership in resource mobilization efforts and serve as a liaison for inter-agency groups focused on census, survey, and geospatial data.•	Facilitate Technical Collaboration: Liaise with UN agencies, academia, and research institutions to address technical issues related to census, surveys, and geospatial data.Qualifications and Experience:Education:  An Advanced Degree in quantitative social sciences, e.g. demography, statistics, populationstudies, economy, sociology, geography, data sciences or related field. PhD desirable.Knowledge and Experience:•	Minimum of 7 years of experience in data systems, including at least 4 years at the international level with increasing technical and managerial responsibilities.•	Experience in managing or coordinating global programs or initiatives with deliverables across multiple countries and regions.•	Technical expertise in utilizing census and survey data for developmental purposes; familiarity with GIS and geospatial analysis of population data is advantageous.•	Exceptional writing, editing, and oral communication skills in English, with additional expertise in related areas of population and development research being desirable.Advanced degree in health, population, demography and/or other related social science discipline.Languages:Fluency in English is required, while proficiency in French is desirable to facilitate effective communication with coordination groups and local organizations in both English-speaking and French-speaking countries within the West and Central Africa region.",N/A,https://senjob.com/sn/jobseekers/data-programme-specialist_e_161514.html
Caissiers(ères),N/A,Dakar,"Comptabilité, Finances, Gestion | Banque, Assurance, Finances",2026-04-23,2026-05-08,Un Restaurant situé à Ouakam cherche 2 Caissiers (ères).Les candidats (es) doivent être âgés(es) entre 25 à 45 ans,N/A,https://senjob.com/sn/jobseekers/caissiers-ères-_e_161512.html
Cuisiniers(es) Restaurant,N/A,Dakar,"Métiers Hôtellerie, Tourisme, Restauration, Loisirs | Tourisme, Hôtellerie, Loisirs, Restauration",2026-04-23,2026-05-08,Un Restaurant situé à Ouakam cherche des cuisiniers.Les candidats (es) doivent être âgés(es) entre 25 à 45 ans,N/A,https://senjob.com/sn/jobseekers/cuisiniers-es--restaurant_e_161511.html
Responsable QHSE en restauration,N/A,Dakar,"Métiers Hôtellerie, Tourisme, Restauration, Loisirs | Tourisme, Hôtellerie, Loisirs, Restauration",2026-04-23,2026-05-08,"Votre missionDans le cadre de notre développement en restauration collective, nous recrutons un(e) Responsable QHSE chargé(e) de garantir la mise en œuvre et le respect des normes Qualité, Hygiène, Sécurité et Environnement au sein de nos unités.Véritable pilier de notre organisation, vous contribuez à la performance opérationnelle et à la satisfaction de nos clients en assurant un haut niveau d’exigence sanitaire et réglementaire.Vos principales responsabilitésQualité & Hygiène•	Garantir l’application des normes HACCP et des bonnes pratiques d’hygiène•	Élaborer et piloter le Plan de Maîtrise Sanitaire (PMS)•	Organiser et superviser les audits internes et externes•	Assurer la traçabilité des denrées et le respect de la chaîne du froid•	Mettre en place des actions correctives et gérer les non-conformités•	Former les équipes aux règles d’hygiène et de sécurité alimentaire•	Suivre les analyses microbiologiquesSécurité•	Veiller au respect des règles de sécurité au travail•	Déployer des plans de prévention des risques•	Organiser les formations (EPI, gestes et postures…)•	Assurer le suivi des incidents et proposer des améliorationsEnvironnement•	Promouvoir les bonnes pratiques environnementales•	Sensibiliser à la réduction des déchets et du gaspillage•	Veiller au respect des réglementations environnementalesManagement & animation•	Développer une véritable culture QHSE auprès des équipes•	Former et accompagner les responsables de site•	Concevoir des supports pédagogiques et outils QHSE•	Représenter l’entreprise auprès des clients (commissions restauration)Votre profil•	Formation Bac+3 minimum en QHSE ou équivalent•	Expérience d’au moins 5 ans, idéalement en restauration collective•	Maîtrise des normes HACCP, ISO 22000, ISO 9001•	Expérience des audits et certifications•	Solides capacités d’analyse, d’organisation et de gestion des risquesVos atouts•	Leadership et capacité à fédérer•	Pédagogie et sens de la transmission•	Rigueur et réactivité•	Exemplarité et sens des responsabilitésConditions•	Poste basé à Dakar•	Déplacements possibles sur le territoire sénégalaisPourquoi nous rejoindre ?Rejoignez une entreprise en pleine croissance, engagée dans une restauration collective de qualité, valorisant les savoir-faire locaux et plaçant la sécurité et la satisfaction client au cœur de ses priorités.",N/A,https://senjob.com/sn/jobseekers/responsable-qhse-en-restauration_e_161510.html
Project Management Specialist,N/A,Dakar,"Direction générale, Management | Organisation non gouvernementale, Association",2026-04-23,2026-05-08,"Under the supervision of the designated OTLs, to conduct Bank’s technical-assistance operations due-diligence, monitor day-to-day technical-assistance operations management activities, and carry out day-to-day development-project operations management activities (under specific portfolio, particularly Energy sector) under the guidance of Project Team within approved costs, timeliness and quality, to ensure efficient execution of the bank’s mandate to support economic development in the associated member and non-member countries.Responsible for day-to-day communication, monitoring and implementation support to the project management units and executing agencies; supervision of project contract management and resources; preparation of implementation reports to the bank management, and proactive mitigation of project implementation issues. In addition, provide support in project preparation and appraisal, portfolio quality review, procurement review, and disbursement processes. Contribute to knowledge management agenda by identifying lessons learned from the projects.Key accountabilitiesProject Appraisal:•	Provide technical and professional support to the Operations Team Leader or lead when assigned, the pipeline development and preparation of project appraisals and comprehensive due diligence of the technical, financial, procurement, institutional, economic, social and environmental aspects of the project proposals ensuring the same are in line with the operations manual and applicable policies/procedures of the Bank.•	Liaise with the respective Sector Teams in CPO to further refine and enhance the project appraisal documents prior to submission for the Board approval.Project Implementation and Monitoring:•	Coordinate with the respective Operations Team Leader, in all aspects of the project implementation to ensure projects are completed as per the project charter/plan.•	Lead the preparation of periodic project implementation assessment and support reports for each project under the portfolio to ensure implementation issues and proposed actions are documented as a reference and for smooth execution.•	Maintain adequate, up-to-date, and accurate project information and key records in the bank’s operations management system.•	Assess implementation progress of Bank’s approved operations and provide feedback/recommendations on bank’s position to relevant authorities/stakeholders.•	Contribute to maintenance of project implementation plans to ensure ongoing monitoring of project progress, pro-active identification of issues, recommendation and implementation of action plans to resolve issues promptly.•	Review implementation quality and progress of Bank’s approved operations and provide recommendations for improvements to the relevant authorities/stakeholders.•	Provide inputs to the Procurement and Financial Management staff to ensure procurement of materials and disbursal of funds for the projects are in line with the policies of the Bank.•	Monitor contracts and financial management activities of the projects and provide recommendations on bank’s position to relevant authorities/stakeholders.Project Closure and Review:•	Provide inputs to the Task Team Leader or lead as assigned in the development of project completion reports, at the completion of each project•	Compile inputs for the Sectoral Teams in CPO ensuring lessons learnt during the project implementation are recorded as reference for the future projects.General Project Management:•	Provide inputs to Operations Team Leader during the operational cycle of the projects to ensure necessary operational policies and procedures are followed and improvements suggested are being implemented.•	Support Operations Team Leader in engaging external expertise according to the bank’s procurement policy, to complement internal resources, ensuring quality project due diligence, implementation and lessons mining.Job requirementsBachelor’s degree in Engineering, Environmental Science, Economics, Project Management, or related fields in the Energy sector.Additional qualification or certification in Project Management/PMP would be desirable.Minimum 5 years of experience in project management, preferably in the development sector with an MDB or an International NGO.Languages: English: Mandatory l French: Mandatory",N/A,https://senjob.com/sn/jobseekers/project-management-specialist_e_161509.html
CAISSIER H/F,N/A,Dakar,"Assistanat, secrétariat, Accueil | Tourisme, Hôtellerie, Loisirs, Restauration",2026-04-03,2026-04-30,"La Pâtisserie Kanel, reconnue pour ses douceurs artisanales et son accueil chaleureux, recherche une caissière à mi-journée pour rejoindre son équipe conviviale et passionnée ?- Votre mission :Accueillir les clients avec sourire et professionnalismeAssurer les encaissements avec rigueur et rapiditéConseiller les clients sur nos produits avec un esprit commercialVeiller à la bonne gestion de la caisse et au suivi des ventes- Profil recherché :Dynamique, souriante et dotée d’un excellent sens du relationnelAisance commerciale et goût pour le contact clientSens de l’organisation et bonne gestion des prioritésSérieuse, ponctuelle et fiable- Conditions :Poste à mi-journéeCadre de travail agréable au sein d’une équipe passionnée-Si vous aimez le contact humain et souhaitez évoluer dans un environnement gourmand et chaleureux, envoyez-nous votre candidature !",N/A,https://senjob.com/sn/jobseekers/caissier-h-f_e_161192.html
CHEF PATISSIER H/F,N/A,Dakar (seneg...,"Métiers Hôtellerie, Tourisme, Restauration, Loisirs | Tourisme, Hôtellerie, Loisirs, Restauration",2026-04-03,2026-04-30,"Chez Kanel, nous sommes dans une phase clé : structurer notre production pour garantir un niveau de qualité constant, tout en accompagnant notre croissance.Dans ce contexte, nous ouvrons un poste de Chef Pâtissier avec un rôle central dans l’organisation de la production et l’encadrement des équipes.Au-delà de la technique, nous recherchons surtout une personne capable d’apporter de la rigueur, de la stabilité et une vraie exigence au quotidien.C’est un poste pour quelqu’un qui aime construire, organiser et faire progresser une équipe dans un environnement en évolution.",N/A,https://senjob.com/sn/jobseekers/chef-patissier-h-f_e_161191.html
"Agent QHSE – Qualité, Hygiène, Sécurité, Environnement",N/A,Dakar (seneg...,"Qualité, Sécurité, Environnement | BTP, Construction, Immobilier, Urbanisme, Archi.",2026-04-15,2026-04-29,"Secteur : Bâtiment et Travaux Publics (BTP)2. Rattachement hiérarchiqueL’Agent QHSE est placé sous l’autorité du Directeur Technique ou du Responsable QHSE.Il travaille en collaboration avec :• Les conducteurs de travaux• Les chefs de chantier• Les équipes techniques• Les sous-traitants3. Mission principaleL’Agent QHSE est chargé de veiller au respect des règles de Qualité, Hygiène, Sécurité etEnvironnement sur les chantiers et au sein de l’entreprise.Il contribue activement à la prévention des risques professionnels, à la réduction desaccidents de travail et à l’amélioration continue des pratiques de sécurité.4. Activités principales• Veiller au respect des règles de sécurité sur les chantiers.• Contrôler l’application des procédures QHSE de l’entreprise.• Identifier les situations dangereuses et proposer des actions correctives.• Sensibiliser et former les équipes aux règles de sécurité.• Participer aux audits internes et contrôles réglementaires.• Mettre en place des actions d’amélioration continue.5. Missions opérationnelles sur chantier• Réaliser des inspections régulières de sécurité sur les chantiers.• Vérifier le port des Equipements de Protection Individuelle (EPI).• Contrôler les installations de chantier.• Participer aux réunions de chantier relatives à la sécurité.• Mettre en place les procédures de prévention des risques.• Organiser des causeries sécurité avec les équipes.• Accueillir et sensibiliser les nouveaux arrivants aux règles de sécurité.6. Gestion documentaire QHSE• Participer à l’élaboration et à la mise à jour du PPSPS (Plan Particulier de Sécurité et deProtection de la Santé).• Tenir à jour les registres de sécurité.• Rédiger les rapports d’inspection et de contrôle.• Mettre à jour les procédures et consignes QHSE.7. Analyse des incidents et accidents• Participer aux enquêtes après accident du travail.• Identifier les causes et proposer des mesures correctives.• Suivre la mise en oeuvre des actions de prévention.8. Responsabilités environnementales• Veiller au respect des règles environnementales sur les chantiers.• Participer à la gestion des déchets de chantier.• Sensibiliser les équipes aux pratiques respectueuses de l’environnement.• Réduire l’impact environnemental des activités de chantier.9. Objectifs du poste• Réduction du nombre d’accidents de travail.• Amélioration du respect des règles de sécurité sur les chantiers.",N/A,"https://senjob.com/sn/jobseekers/agent-qhse-–-qualité,-hygiène,-sécurité,-environnement_e_161371.html"
Commercial Terrain,N/A,Dakar,"Commercial, Vente, Business developpement | Distribution, Commerce, Import-Export",2026-04-23,2026-04-28,"PROPOS DE NAK’ALANak’ala est une entreprise agroalimentaire sénégalaise fondée en 2022 à Dakar.Nous construisons une marque alimentaire moderne, ambitieuse et profondément gourmande.Notre obsession : le goût.Nous créons des produits incomparablement bons, puis nous les rendons intelligents (riches en protéines, faibles en sucre).Aujourd’hui, Nak’ala est distribuée en grande distribution et en CHR et connaît une forte croissance.OBJECTIF DU STAGELe/la Stagiaire Commercial(e) Terrain participera activement au développement de la présence de Nak’ala dans les points de vente à Dakar.Ce stage est une immersion complète dans le développement commercial d’une marque en croissance.MISSIONSProspection & Développement•	Accompagner la prospection de nouveaux points de vente•	Participer aux rendez-vous commerciaux•	Contribuer à l’ouverture de points de venteSuivi terrain•	Participer aux tournées commerciales•	Vérifier la mise en rayon et la disponibilité des produits•	Aider au suivi des réassorts•	Collecter les retours clients•	Assurer une veille de la concurrence enseignes et fournisseursAnalyse & Reporting•	Aider au suivi des ventes•	Participer à l’analyse des performances•	Remonter les informations terrain•	Produire les reporting d’activitésOBJECTIFS DU STAGE•	Contribuer à l’ouverture de nouveaux points de vente•	Participer à l’augmentation du chiffre d’affaires•	Développer une compréhension concrète du commerce terrain sur le canal formelPROFIL RECHERCHÉ•	Étudiant(e) en commerce, gestion ou marketing•	Dynamique, motivé(e) et orienté(e) résultats•	À l’aise sur le terrain•	Bon relationnel•	Envie d’apprendre vite et de prendre des responsabilités•	Permis de conduire appréciéCE QUE NOUS OFFRONS•	Une expérience terrain concrète•	Un apprentissage rapide du développement commercial•	Une immersion dans une startup ambitieuse•	Possibilité d’embauche à l’issue du stage selon performance",N/A,https://senjob.com/sn/jobseekers/commercial-terrain_e_161508.html
Télétravail - placement auprès d'entreprises internationales,N/A,Dakar,"Assistanat, secrétariat, Accueil | Commercial, Vente, Business developpement | Internet, SSII, Digital | Organisation non gouvernementale, Association | Tourisme, Hôtellerie, Loisirs, Restauration | Communication, Marketing, Médias",2026-03-30,2026-04-29,"Rejoignez notre programme de formation intensive et soyez placé chez des clients internationaux. Nous vous formons aux meilleures pratiques du télétravail, puis vous mettons en relation avec des entreprises recherchant des talents bilingues français-anglais.Éligibilité : • Basé au Sénégal avec autorisation de travail • Maîtrise ou aisance en français et en anglais • Connexion Internet fiable et équipement pour télétravailDomaines : administration, expérience client, finances, ventes et marketing, gestion de projet.Postes à temps plein, à temps partiel et pour les freelancesFormation et placement gratuits ! Première formation : mai 2026.Postulez sur www.moyatalent.com",N/A,https://senjob.com/sn/jobseekers/télétravail---placement-auprès-d-entreprises-internationales_e_161106.html
Opérateur SCADA,N/A,Dakar,"Maintenance, Entretien, Contrôle | Industrie Automobile, Mecanique, Navale",2026-04-22,2026-05-07,"Responsabilités•	Veiller au respect strict des consignes de sécurité et des standards de qualité de l’eau produite.•	Surveiller en temps réel les paramètres de fonctionnement de l’usine sur les écrans de contrôle : pressions, débits, niveaux, conductivité, pH, etc.•	Opérer les équipements (démarrage/arrêt des pompes, ajustement des vannes, régulation des dosages chimiques) via l’interface SCADA pour maintenir les performances optimales du processus.Profil requis•	BTS/DUT en Contrôle Industriel et Régulation Automatique (CIRA), Électrotechnique, Maintenance Industrielle, ou expérience équivalente significative.•	Expérience de 3 à 5 ans minimum sur un poste similaire, de préférence dans une centrale électrique ou un environnement industriel à processus continu.•	Habilitations requises : Des habilitations électriques (par ex. B1V, BR) seraient un atout.",N/A,https://senjob.com/sn/jobseekers/opérateur-scada_e_161507.html
Référent(e) Bailleurs Desk 3,N/A,Dakar,"Administration, Services généraux | Organisation non gouvernementale, Association",2026-04-22,2026-05-07,"ObjectifsLe ou la Référent·e Bailleurs est la référente technique directe pour les Responsables/Chargés Relations Bailleurs travaillant dans le pays d’intervention du Desk 3.Activités principalesLe ou la Référent·e Bailleurs est responsable de la gestion des financements pour les pays du Desk 3, en appui technique aux Responsables/Chargés Relations Bailleurs pays.  Il·Elle est amenée à effectuer des missions terrain régulières en fonction des besoins identifiés sur chaque mission.Appuyer les Chargés de Support aux Opérations à produire des notes conceptuelles et des propositions de qualité conformément à la stratégie opérationnelleLe ou la Référent·e Bailleurs participe et conseille l’équipe de coordination sur l’élaboration du projet et la stratégie du programme. Il·Elle appuie les Responsables/Chargés Relations Bailleurs Pays dans la rédaction des notes conceptuelles solides et des propositions à l’intention des bailleurs. Il·Elle révise, commente, corrige et valide les notes conceptuelles et les propositions pour s’assurer qu’elles comprennent une bonne analyse technique et opérationnelle, qu’elles démontrent une connaissance du contexte et des risques, qu’elles présentent une vision stratégique solide et qu’elles soient conformes au budget et aux directives des bailleurs. Au besoin, il·elle rédige une note conceptuelle ou participe à la rédaction.Superviser la gestion des contrats de financement et les exigences contractuelles et fournir des conseils techniquesLe ou la Référent·e Bailleurs fournit des informations et conseille le desk et les équipes pays en ce qui concerne la réglementation des bailleurs et les exigences contractuelles et participe à l’analyse des éventuels risques financiers liés aux contrats. Il·Elle soutient les Responsables/Chargés Relations Bailleurs Pays pour s’assurer que les engagements envers les bailleurs sont respectés. Il·Elle doit être capable de proposer des modifications contractuelles aux bailleurs si les plans opérationnels sont modifiés.Appuyer et superviser la rédaction de rapports narratifs à l’intention des bailleurs et des partenaires.Le ou la Référent·e Bailleurs appuie et supervise les Responsables/Chargés Relations Bailleurs Pays dans l’élaboration des rapports narratifs. Les Responsables/Chargés Relations Bailleurs Pays sont responsables de la rédaction et de l’élaboration des rapports narratifs, conformément aux exigences contractuelles, ils garantissent également un suivi et une analyse opérationnelle solide. Le ou la Référent·e Bailleurs travaille avec l’équipe opérationnelle pour rédiger un rapport précis, détaillé et clair, selon les exigences et le format des bailleurs et dans les délais.Assurer la recherche de financementsLe ou la Référent·e Bailleurs appui les Responsables/Chargés Relations Bailleurs Pays et le Service Bailleurs à Dakar dans la recherche de nouvelles opportunités de financement. A ce titre il·elle doit s’assurer d’avoir une bonne connaissance des opérations d’ALIMA et du contexte humanitaire. Il·Elle doit également maîtriser les stratégies et processus des bailleurs finançant ou non ALIMA.Entretenir des relations avec les bailleursLe ou la Référent·e Bailleurs contribue à entretenir des relations avec les bailleurs, de fournir des informations régulières sur les opérations en cours et de maintenir un dialogue ouvert tout au long de l’année. Pendant les mois de négociation des contrats de financement, il·elle est responsable du suivi de la négociation à chaque étape et peut prendre en charge la négociation si nécessaire (de l’équipe de coordination sur le terrain ou du Responsable de Programmes Desk) ; il·elle assure également la relation avec les bailleurs en ce qui concerne la gestion des contrats de financement, y compris les exigences contractuelles, en coordination avec l’équipe du Desk et pays.Mise en œuvre des mesures de prévention contre les abus de pouvoir, les violences sexistes et sexuellesLe ou la Référent·e Bailleurs participe aux formations et séances de sensibilisation qui sont organisées. Il·Elle a une parfaite connaissance des obligations bailleurs en matière de protection contre l’exploitation et les abus sexuels. Il·Elle s’assure que ces éléments sont suivis et figurent dans toutes les propositions de projet et les rapports. Il·Elle contribue à créer et maintenir un environnement épanouissant et protecteurProfil recherché•	3 ans minimum dans la gestion des contrats de financement et la rédaction des rapports à l’intention des bailleurs, dans un contexte humanitaire et dans le cadre d’un projet ou programme.•	Connaissance des processus et des règles des principaux bailleurs de fonds (ECHO, BHA, CDCS, DUE, AFD, UN…)•	Bonne compréhension des projets santé et nutrition•	Expérience dans l’accompagnement et la formation des Responsables/Chargés Relations Bailleurs Pays•	Excellente expression écrite et orale en français et anglais obligatoire, en arabe est un atout",N/A,https://senjob.com/sn/jobseekers/référent-e--bailleurs-desk-3_e_161506.html
Chargé(e) du suivi budgétaire,N/A,Dakar,"Comptabilité, Finances, Gestion | Banque, Assurance, Finances",2026-04-22,2026-05-07,"Présente sur le marché depuis juillet 2016, la SODECA (Société d’Embouteillage Casamançaise) est une entreprise de production d’eau minérale et de jus naturels dont les marques sont la « Casamançaise » et la « Casamançaise le Jus ». Son siège est basé au Cap Skirring, en basse Casamance.Comme tous les produits de la Casamance, réputés être de qualité (mangue, miel, huile de palme, etc.), nos produits bénéficient également de ce label « qualité ».La SODECA SAU est à la recherche d’un (e) Chargé(e) du suivi budgétaire.Descriptif du poste•	Lieu de travail : Cap Skirring•	Type de contrat : CDD•	Rémunération : à négocier selon profil.MissionsDans le cadre de notre développement, nous recrutons un (e) Chargé(e) du suivi budgétaire. Sous la responsabilité du Contrôleur permanent, vous aurez comme responsabilité d’assurer le suivi, l’analyse et l’optimisation du budget de l’organisation afin de garantir une gestion financière rigoureuse et efficace.ActivitésÉlaboration du budget annuel•	Recueillir les besoins financiers auprès des différents départements.•	Consolider les prévisions en tenant compte des objectifs stratégiques de l’entreprise.•	Présenter le budget à la direction et assurer sa validation.Suivi et pilotage budgétaire•	Mettre en place des outils de suivi (tableaux de bord, logiciels de gestion).•	Contrôler régulièrement l’évolution des dépenses et des recettes.•	Produire des rapports périodiques pour informer la direction de l’état d’avancement.Analyse des écarts•	Comparer les réalisations avec les prévisions budgétaires.•	Identifier les causes des écarts (dépenses imprévues, sous-estimation des coûts, variations de revenus).•	Rédiger des analyses claires et proposer des explications aux responsables concernés.Proposition d’actions correctives•	Définir des mesures pour réduire les coûts ou optimiser les ressources.•	Collaborer avec les services opérationnels pour mettre en œuvre les ajustements.•	Suivre l’impact des actions correctives sur la performance financière.Fiabilité des données financières•	Vérifier la cohérence et l’exactitude des informations transmises par les services.•	Garantir la conformité des données avec les normes comptables et les procédures internes.•	Assurer la transmission d’informations fiables et pertinentes à la direction pour faciliter la prise de décision.Compétences•	Excellente maîtrise des outils de gestion budgétaire et de reporting (Excel, ERP odoo, BI).•	Solides compétences en analyse financière et contrôle de gestion.•	Capacité à interpréter les données et à formuler des recommandations stratégiques.•	Rigueur, sens de l’organisation et esprit critique.•	Bonnes aptitudes de communication pour interagir avec les différents services.•	Savoir travailler en équipe•	Avoir un maximum d’autonomie et principalement orienté vers les objectifs et une bonne adaptabilité•	Avoir un esprit professionnelProfil recherché•	Bac+4/5 en finance, comptabilité, contrôle de gestion ou équivalent.•	Expérience confirmée en contrôle budgétaire ou en gestion financière.•	Connaissance des normes comptables et des pratiques de gestion budgétaire.",N/A,https://senjob.com/sn/jobseekers/chargé-e--du-suivi-budgétaire_e_161505.html
Coordinateur(trice) logistique,N/A,Dakar,"Achat, Supply Chain, Logistique, Transport | Transport, Logistique, Services postaux",2026-04-22,2026-05-07,"Présente sur le marché depuis juillet 2016, la SODECA (Société d’Embouteillage Casamançaise) est une entreprise de production d’eau minérale et de jus naturels dont les marques sont la « Casamançaise » et la « Casamançaise le Jus ». Son siège est basé au Cap Skirring, en basse Casamance.Comme tous les produits de la Casamance, réputés être de qualité (mangue, miel, huile de palme, etc.), nos produits bénéficient également de ce label « qualité ».La SODECA SAU est à la recherche d’un (e) Chargé(e) du suivi budgétaire.Descriptif du poste•	Lieu de travail : Cap Skirring•	Type de contrat : CDD•	Rémunération : à négocier selon profil.MissionsDans le cadre de notre développement, nous recrutons un(e) coordinateur(trice) logistique. Sous la responsabilité du Responsable logistique, vous aurez comme responsabilité de coordonner la fluidité quotidienne des flux des matières premières et des produits finisActivités•	Appliquer et ajuster les plans d’approvisionnement en matières premières pour coller au planning de la production•	Assurer la liaison quotidienne entre la production, les achats et le commercial pour garantir la disponibilité des produits•	Organiser les expéditions, sélectionner les solutions de transport adaptées et suivre les livraisons (respect des délais et des coûts négociés)•	Monitorer les niveaux de stocks de stock en temps réel, analyser les écarts et anticiper les ruptures en fonction des prévisions de ventes•	Mettre à jour les tableaux de bord logistiques (taux de service, fiabilité des stocks, délais de livraison) et proposer des actions correctives•	Coordonner les mouvements entre l’usine et les entrepôts•	Superviser rigoureusement la rotation des stocks (méthode FEFO) et assurer la traçabilité complète des matières premières et produits finis•	Gérer les anomalies de réception, les retours clientsCompétences•	Avoir un niveau d’étude supérieur (Bac + 5)•	Avoir une expérience d’au moins 5 ans dans l’industrie agroalimentaire•	Esprit professionnel•	Avoir un maximum d’autonomie et principalement orienté vers les objectifs et une bonne adaptabilité•	Maîtriser l’outil informatique pour faire ses reporting•	Savoir travailler en équipe•	Être travailleur, sérieux, intègre, rigoureux et organisé",N/A,https://senjob.com/sn/jobseekers/coordinateur-trice--logistique_e_161504.html
Comptable CI,N/A,Dakar,"Comptabilité, Finances, Gestion | Banque, Assurance, Finances",2026-04-22,2026-05-07,"Votre mission :Rattaché(e) au Directeur Administratif et Financier, vous êtes en charge de la tenue comptable complète des opérations de deux filiales ivoiriennes du groupe.Localisation : Dakar, SénégalProfil recherché :•	Diplômé(e) en Comptabilité, Finance, Audit (Bac+3 à Bac+5)•	Expérience confirmée d’au moins 5 ans dans un poste similaire, idéalement dans un environnement industriel ou agroalimentaire•	Parfaite maîtrise du SYSCOHADA révisé, des normes comptables locales, et des logiciels comptables (SAGE, SAARI, etc.)•	Solide compréhension des règles fiscales et sociales en Côte d’Ivoire•	Rigueur, discrétion, autonomie, sens de l’organisation•	Bonne capacité de communication et d’interaction avec les autres services (opérations, ventes, RH…)",N/A,https://senjob.com/sn/jobseekers/comptable-ci_e_161503.html
Agents distributeur,N/A,zone rural...,"Marketing, Communication | Services et Prestations aux Entreprises | Distribution, Commerce, Import-Export",N/A,N/A,"A propos de nous :SamaMbey SUARL est une entreprise sociale évoluant dans le domaine agricole.Nous intervenons dans de nombreuses régions du Sénégal. Sama Mbey vise à améliorer les conditions de vie des petits producteurs en milieu rural et veut les aider à sortir de la pauvreté.Chez SamaMbey les petits agriculteurs peuvent se financer s'ils ont le bon outil pour payer petit à petit en avance pour les intrants. Notre vision et objectif à travers notre Étoile polaire sont de travailler avec 1 million de petits producteurs à l’horizon 2026. En plus, SamaMbey Suarl s’engage dans le domaine du développement communautaire en menant  des actions de sensibilisation en nutrition, santé et hygiène.Intitulé du poste :Agent distributeurLocalisation :La prestation se déroulera en milieu rural, dans les zones d'intervention de Sama Mbey, réparties sur trois régions administratives du Sénégal : Matam  Bakel, Hamady Ounare, Matam, Thilogne Kolda    Dabo, Bourocco,Kounkane, Médina Yoro Foula, Tanaff, Vélingara Sédhiou / Ziguinchor Bignona, Bounkiling, Diattacounda, Marsassoum, Médina WandifaNombre de postes:36Type de contrat:Prestation de serviceRôles et responsabilitésLes agents distributeurs auront pour missions :1. VENTE & MOBILISATION- Développement commercial- Assister l'équipe de vente dans l'atteinte des objectifs de paquets finis- Réviser l'outil « Constitution de paquet 2026 » pour le maîtriser- Organiser les intrants selon l'outil de déchargement/chargement- Préparer des lots de paquets en avance- Assister à la formation distributeur organisée par le FC de la zone- Expliquer le contenu de chaque paquet au client- S'assurer que chaque client confirme avoir reçu 100 % des éléments inclus dans son paquet livré- Organiser les intrants restants pour assurer le chargement rapide du camion- Appuyer le chargement des intrants restants- Prospecter activement de nouveaux clients et fidéliser les producteurs existants2. LIVRAISON & SUIVI LOGISTIQUE- Gestion opérationnelle des livraisons- Être présent sur le site de livraison du début à la clôture.- Remplir les bordereaux de livraison.- Effectuer le décompte des paquets en début et fin de journée, et reporter les chiffres sur le bordereau.Cette liste n’est pas exhaustive, ces activités peuvent être adaptées aux besoins spécifiques de Sama Mbey, ainsi qu’aux objectifs et ressources disponibles.Compétences requises1. SAVOIR-FAIRE (Compétences techniques)- Expérience en vente et mobilisation communautaire en milieu rural.- Capacité à gérer des opérations logistiques (décomptes, bordereaux).- Connaissance du secteur agricole  (un atout).2. SAVOIR-ÊTRE (Qualités personnelles)- Force de persuasion : Capacité à convaincre les producteurs et motiver les VEs.- Rigueur et organisation : Respect strict des procédures de livraison et de reporting.- Autonomie et réactivité : Capacité à travailler en zone rurale avec des contraintes logistiques.- Esprit d’équipe : Collaboration étroite avec les VEs et le staff Sama Mbey.Autres compétences souhaitées:- Flexible : Sama Mbey est une organisation en pleine croissance qui se caractérise par des changements réguliers;- Humble : la personne est capable de partager ses connaissances tout en étant à l'écoute des défis des producteurs;- Efficace et proactif: la personne sait faire preuve d’autonomie et de créativité afin d’organiser ses activités;- Orienté vers l’action : la personne sait analyser les données et interpréter les chiffres afin de proposer et de développer des actions;- Ouvert aux retours constructifs.Le candidat idéal doit:- Avoir une expérience professionnelle antérieure dans le domaine du coaching/développement des compétences;- Être originaire de la zone pour laquelle il postule (myAgro recrute à travers plusieurs zones);Profil recherché- Minimum niveau Bac avec une expérience probante en agronomie, en développement communautaire ou dans un autre domaine connexe;- 1 an d’expérience prouvée et vérifiée en tant que agent de terrain;- Capacité à se focaliser sur l’atteinte des résultats;- Excellentes compétences en communication et en travail d’équipe,- Maîtrise orale et écrite, en français et wolof, mandingue, poular (selon la zone);- La connaissance d’autres langues locales est considérée un atout;- Maîtrise de l’outil informatique.Sama Mbey est un employeur garantissant l'égalité des chances. Nous célébrons la diversité et nous nous engageons à créer un espace inclusif permettant à tous les employés de se sentir valorisés pour leurs compétences, leurs expériences et leur point de vue unique. Sama Mbey offre des opportunités d'emploi égales à tous les employés et candidats sans distinction de race, de couleur, de religion, d'orientation sexuelle, de statut matrimonial/parental, d'origine nationale, d'âge, de handicap, d'opinion politique, de statut social, de statut d'ancien combattant, de génétique ou de toute autre base protégée par la loi applicable.",N/A,https://senjob.com/sn/jobseekers/agents-distributeur_e_161306.html
Chargé de communication,gmail,SALY (MBOU...,"Marketing, Communication | Organisation non gouvernementale, Association | Communication, Marketing, Médias",N/A,N/A,"À propos de nousL’association ALEFS intervient à SALY / MBOURl dans les domaines de l’éducation et de l’accompagnement des enfants et des femmes vulnérables.Forte de plusieurs années d’engagement et d’actions concrètes sur le terrain, ALEFS souhaite aujourd’hui renforcer sa communication pour :-mieux valoriser ses actions,-développer sa visibilité,-structurer ses outils,-et préparer des partenariats avec des acteurs institutionnels.Le posteNous recrutons un(e) Chargé(e) de communication opérationnel(le) capable de produire, organiser et diffuser les contenus de communication de l’association.-Il s’agit d’un poste très concret, orienté action, avec un impact direct sur la visibilité de l’association.-Vos missions-Communication quotidienne (priorité)Mettre à jour le site internet (WordPress)Rédiger des articles à partir des activités terrainAnimer les réseaux sociaux (Facebook, Instagram, TikTok)Élaborer et suivre un calendrier éditorialCréer des visuels simples (Canva)Réaliser de courtes vidéos (30 à 90 secondes)Participer à la diffusion d’une newsletter trimestrielleOrganiser les contenus (photos, vidéos, documents)-Objectif: remettre en place une communication régulière, structurée et fiable-Structuration des supports-Harmoniser les documents institutionnels (plaquette, supports, etc.)-Organiser une banque d’images et de vidéos-Mettre en forme les rapports d’activité-Appuyer la rédaction de projets et dossiers-Adaptation des contenusVous adaptez la communication selon les publics :Parrains et bénévolesDonateursGrand publicFuturs bénévoles / stagiairesPartenaires institutionnels-Profil recherchéIndispensable :Expérience antérieure de 5 ans en entreprise ou associationExcellente rédaction en françaisBonne maîtrise des réseaux sociauxConnaissance de WordPressMaîtrise de Canva (ou équivalent)Capacité à faire des montages vidéo simplesOrganisation, autonomie et rigueurBonne maîtrise des outils bureautiquesAtouts supplémentaires :Expérience dans une ONG ou associationConnaissance du contexte sénégalaisSensibilité aux enjeux sociauxMaîtrise de DropboxNotions d’anglais-Conditions-CDD de 6 mois renouvelable-Temps plein privilégié (¾ temps partiel possible)-Télétravail partiel avec présence à Saly (minimum 2 jours/semaine)-Rémunération selon profil et expérience-Évaluation à 6 mois-Pourquoi rejoindre ALEFS ?Un poste utile et concret, avec un impact directUne association reconnue localementUne grande autonomie dans le travailUne mission porteuse de sens",alefsenegal@gmail.com,https://senjob.com/sn/jobseekers/chargé-de-communication_e_161258.html
04 Assistant(e)s Techniques SAME (MATAM),N/A,matam,"Administration, Services généraux | Qualité, Sécurité, Environnement | Ingénierie, Etudes, Projets, Recherche | Organisation non gouvernementale, Association | Energie, Eau, Environnement",N/A,N/A,"NOM Assistant (e) technique ClimateRiceRÔLE Assistant.e TechniquesNIVEAU DE CONTRIBUTION V7MISSION SénégalBASE MatamDOMAINE Production /Mise en œuvre de projetsDEPARTMENT Mise en œuvre Projets MissionsCATÉGORIE PROFESSIONELLE Assistants(es) / Adjoints terrainACCOMPAGNÉ(E) NonGESTION D'ÉQUIPE NonBUDGET SNDKF0X0 - Dakar. Finanzas MisionesSUPERVISEUR  Chef de projetEXPLICATION DE CONTEXTEAction Contre la Faim met en œuvre au Sénégal des programmes visant à renforcer la résilience des communautés face à l’insécurité alimentaire, en intégrant de plus en plus les enjeux liés au changement climatique et à la durabilité des systèmes de production. Dans ce cadre, le projet ClimateRice vise à promouvoir des pratiques de riziculture durable dans la vallée du fleuve Sénégal, notamment à travers le développement du Système de Riziculture Intensive (SRI), permettant d’améliorer la productivité tout en optimisant l’utilisation de l’eau et en réduisant les émissions de gaz à effet de serre.Le projet s’inscrit également dans une approche innovante visant à explorer et développer des mécanismes de financement climatique, en particulier les crédits carbones, en partenariat avec des acteurs techniques et institutionnels tels que la SAED et CarbonFarm. Cette phase pilote constitue une étape clé pour tester la faisabilité technique et opérationnelle de ces approches, avec une perspective de mise à l’échelle à plus grande échelle en cas de résultats probants.ACCIÓN CONTRA EL HAMBRERÉSUMÉ DE JOB PROPOS GÉNÉRALL’Assistant(e) Technique appuie la mise en œuvre du projet Climate Rice en accompagnant les producteurs et productrices dans l’adoption des pratiques du Système de Riziculture Intensive (SRI), notamment les techniques de gestion optimisée de l’eau (AWD).Il/elle contribue au changement de pratiques agricoles à travers un appui technique de proximité et favorise l’engagement des acteurs communautaires. En collaboration avec le/la Chef(fe) de Projet, il/elle assure la collecte et la transmission des données du projet, notamment dans le cadre du système de suivi, rapportage et vérification (MRV).Il/elle travaille en lien étroit avec les partenaires (SAED, ANCAR, collectivités, organisations de producteurs) afin de garantir une mise en œuvre efficace et coordonnée du projet.FONCTIONS ET RESPONSABILITÉS PRINCIPALESObjectif 1: Assurer la représentation d’ACF auprès des partenaires locauxParticiper aux réunions de coordination avec les partenairesAssurer une collaboration étroite avec les acteurs communautaires et institutionnelsSensibiliser les producteurs et productrices aux objectifs du projet et favoriser leur adhésionPromouvoir la participation active des femmes et des jeunesObjectif 2: Assurer l’accompagnement technique des producteurs et productrices de riz• Participer à l´identification des producteurs et productrices et appuyer la formalisation des accords de participation au projet• Former et accompagner les producteurs sur les pratiques du SRI (repiquage, gestion de l’eau/AWD, fertilisation, etc.)• Assurer le suivi régulier des parcelles et appuyer la mise en œuvre des activités• Contribuer à la planification et à l’exécution des activités communautaires• Superviser les producteurs et productrices dans l’adoption de bonnes pratiques culturales du SRI (Planage, Semis, repiquage, désherbage, épandage d’amendement organique, gestion de la lame d’eau…)• Participer aux actions de sensibilisation sur la pratique SRI (radios, sessions communautaires)• Anticiper tout problème lié à la mise en œuvre des activités sur le terrain et participer à l´identification de solutions dans les meilleurs délaisObjectif 3 :Appuyer le Suivi, l’évaluation et capitalisation du projet Asurer le suivi opérationnel des activités et la mise à jour des plannings d’activités ;• Contribuer à la qualité, la collecte, la transmission des données (MRV) et l’archivage Participer au reporting (hebdomadaire, mensuel)• Appuyer le système de suivi-évaluation en lien avec le MEAL Officer Participer aux réunions de projet et aux cadres de concertation  *• Contribuer à la mise en place du mécanisme de redevabilité communautaire Réaliser toute autre tâche demandée par le management du projet.PROCESS MP2.1-P3 - ExecutionBESOINS DU POSTE COMPÉTENCESTravail en équipe Motivation Organisation et planification Communication efficace et synthèse Capacité d'analyse Négociation Orientation aux résultats Analyse et résolution des problèmes/conflitsCOMPÉTENCES, CONNAISSANCES ET AUTRES REQUIS-Bac +3/4 en Agronomie, Génie Rural, développement communautaire, Climatologie, Changement Climatique et Développement Durable, Economie Rurale, Environnement ou toute autre discipline équivalente.-Au moins 2 à 3 ans d’expérience dans la mise en œuvre ou l’animation de projets de développement, notamment dans les domaines de la sécurité alimentaire, du développement rural, du changement climatique ou des activités génératrices de revenus-Titulaire d’un permis pour la conduite de moto (obligatoire)-Bonne compréhension du cycle de gestion de projet.-Des enjeux liés au genre et au changement de pratiques (approches comportementales)  y-Bonne capacité de communication, d’animation et de facilitation communautaire-Bonnes capacités d’analyse et de rédaction ;-Maîtrise des outils informatiques et bureautique.-La maitrise des outils numériques de collecte de données est un atout-Connaissance des organisations paysannes et des dynamiques communautaires-Connaissance des principes d’agroécologie et des systèmes agricoles irrigués (idéalement riziculture)-Expérience dans un projet agricole, idéalement en lien avec la riziculture-Expérience en formation, accompagnement et encadrement de producteurs ou d’équipes multidisciplinaires et dans l’accompagnement des organisations paysannes ou faitières-Expérience dans des projets impliquant un changement de pratiques (agricoles ou communautaires)-Expérience de travail dans la région de Matam ou dans un contexte similaire-Bonne capacité d’organisation, de planification et sens de la rigueur-Capacité d’adaptation et flexibilité dans un environnement de travail dynamique.-Aptitude à travailler en équipe et à contribuer à un bon climat de travail-Capacité à travailler de manière autonome, avec esprit d’initiative-Bonne résistance au stress et capacité à gérer la pression ;-Capacités de communication, de médiation et de résolution de conflits-Capacité à évoluer dans un environnement multiculturel et multidisciplinaire-Intérêt pour l’apprentissage continu et le renforcement de ses compétencesENGAGEMENTS ENVERS L'ÉGALITÉ DES GENRES ET LA TOLÉRANCE ZÉRO AUX ABUSLe/la titulaire du poste est tenu(e) d’adopter un comportement conforme aux principes éthiques de l’organisation, de signaler toute situation de risque ou de violation et de contribuer à la création d’un environnement de travail sûr, respectueux et inclusif.",N/A,https://senjob.com/sn/jobseekers/04-assistant-e-s-techniques-same--matam-_e_161530.html
Technicien Soufflage,groupe-topinter,Dakar (seneg...,"Maintenance, Entretien, Contrôle | Industrie Manufacturière, Production, Fabrication",2026-04-21,2026-05-20,"Missions•	Installer, régler et contrôler les machines de soufflage pour assurer une production optimale•	Surveiller le processus de production et ajuster les paramètres pour garantir la qualité des produits•	Réaliser la maintenance préventive et corrective des équipements•	Collaborer avec l’équipe de production pour améliorer les procédés et résoudre les problèmes techniquesProfil•	BTS en automatisme ou électromécanique•	Expérience confirmée dans le domaine du soufflage•	Bonne maîtrise des techniques de production et des normes de sécurité•	Capacité à diagnostiquer rapidement les problèmes et à proposer des solutions•	Esprit d’équipe, organisation et autonomie•	Sens de l’observation pour anticiper les anomalies",grc@groupe-topinter.com,https://senjob.com/sn/jobseekers/technicien-soufflage_e_161466.html
COMMERCIAL VSR,groupe-topinter,Dakar (seneg...,"Commercial, Vente, Business developpement | Distribution, Commerce, Import-Export",2026-04-21,2026-05-20,"Missions Principales: vente de produits alimentaires et d'autres types de produitsProspection active : Identification et démarchage de nouveaux clients (prospection téléphonique ou porte-à-porte)Vente et Négociation : Présentation des produits/services, démonstration, traitement des objections et négociationProfil RecherchéFormation : Bac+2 minimum en commerce/marketing ou expérience équivalenteCompétences : Maîtrise des techniques de vente, excellente communication, et aisance en négociationQualités : Goût du challenge, autonomie, résilience (gestion du refus), et dynamisme",grc@groupe-topinter.com,https://senjob.com/sn/jobseekers/commercial-vsr_e_161465.html
Développeur Fullstack Java/Vue js,N/A,Dakar,"Informatique, Télécoms, Réseaux | Industrie Informatique, Télécoms, Téléservices",2026-04-01,2026-04-30,"Description de l'entrepriseImplantée à Dakar, ALTEN Sénégal est la filiale du groupe ALTEN, leader mondial de l’ingénierie et du conseil en technologies. Elle joue aujourd’hui un rôle clé dans l’accompagnement du développement professionnel des ingénieurs en Afrique de l’Ouest, et accompagne la stratégie de développement de ses clients dans les domaines de l’innovation et des systèmes d’information technologiques.Notre mission : répondre aux ambitions technologiques de nos clients — grands donneurs d’ordre internationaux — dans les secteurs de l’automobile, du ferroviaire, de l’IT, des télécommunications et des médias.Rejoindre ALTEN Sénégal, c’est intégrer un écosystème d’excellence et bénéficier :• D’un parcours de carrière personnalisé et évolutif• D’une politique ambitieuse de développement des compétences• D’un environnement de travail stimulant, collaboratif et porteur de sensDescription du posteAu sein de la Digital Factory Marchandise, Commercial & Links, le consultant interviendra sur la conception et le développement d’applications Full Stack.Ses principales missions :Développement et maintenance d’applications Full Stack (Java / Spring Boot / Vue.js)Conception et développement d’API REST sécuriséesImplémentation d’architectures microservicesDéveloppement d’interfaces dynamiques en Vue.js (Composition API)Intégration et consommation d’API côté frontMise en œuvre des principes DDD, Clean Architecture et SOLIDParticipation aux phases de conception, développement, tests et mise en productionContribution à l’amélioration continue et à la qualité logicielleQualificationsDiplômé(e) d'un Bac + 5 en InformatiqueExpérience : 3 à 7 ans d’expérience en développement Java / Vue.js.Compétences requises :Spring BootVue.jsAPI RESTMicroservicesBases de données SQL / NoSQLDocker / KubernetesCI/CD (GitLab CI/CD)Tests unitaires (JUnit, Mockito)Tests front (Vue Test Utils)DDD / Clean ArchitectureMéthodologie Agile / Scrum",N/A,https://senjob.com/sn/jobseekers/développeur-fullstack-java-vue-js_e_161149.html
04 Assistant(e)s Techniques SAME (MATAM),N/A,matam,"Administration, Services généraux | Qualité, Sécurité, Environnement | Ingénierie, Etudes, Projets, Recherche | Organisation non gouvernementale, Association | Energie, Eau, Environnement",2026-04-24,2026-05-15,"NOM Assistant (e) technique ClimateRiceRÔLE Assistant.e TechniquesNIVEAU DE CONTRIBUTION V7MISSION SénégalBASE MatamDOMAINE Production /Mise en œuvre de projetsDEPARTMENT Mise en œuvre Projets MissionsCATÉGORIE PROFESSIONELLE Assistants(es) / Adjoints terrainACCOMPAGNÉ(E) NonGESTION D'ÉQUIPE NonBUDGET SNDKF0X0 - Dakar. Finanzas MisionesSUPERVISEUR  Chef de projetEXPLICATION DE CONTEXTEAction Contre la Faim met en œuvre au Sénégal des programmes visant à renforcer la résilience des communautés face à l’insécurité alimentaire, en intégrant de plus en plus les enjeux liés au changement climatique et à la durabilité des systèmes de production. Dans ce cadre, le projet ClimateRice vise à promouvoir des pratiques de riziculture durable dans la vallée du fleuve Sénégal, notamment à travers le développement du Système de Riziculture Intensive (SRI), permettant d’améliorer la productivité tout en optimisant l’utilisation de l’eau et en réduisant les émissions de gaz à effet de serre.Le projet s’inscrit également dans une approche innovante visant à explorer et développer des mécanismes de financement climatique, en particulier les crédits carbones, en partenariat avec des acteurs techniques et institutionnels tels que la SAED et CarbonFarm. Cette phase pilote constitue une étape clé pour tester la faisabilité technique et opérationnelle de ces approches, avec une perspective de mise à l’échelle à plus grande échelle en cas de résultats probants.ACCIÓN CONTRA EL HAMBRERÉSUMÉ DE JOB PROPOS GÉNÉRALL’Assistant(e) Technique appuie la mise en œuvre du projet Climate Rice en accompagnant les producteurs et productrices dans l’adoption des pratiques du Système de Riziculture Intensive (SRI), notamment les techniques de gestion optimisée de l’eau (AWD).Il/elle contribue au changement de pratiques agricoles à travers un appui technique de proximité et favorise l’engagement des acteurs communautaires. En collaboration avec le/la Chef(fe) de Projet, il/elle assure la collecte et la transmission des données du projet, notamment dans le cadre du système de suivi, rapportage et vérification (MRV).Il/elle travaille en lien étroit avec les partenaires (SAED, ANCAR, collectivités, organisations de producteurs) afin de garantir une mise en œuvre efficace et coordonnée du projet.FONCTIONS ET RESPONSABILITÉS PRINCIPALESObjectif 1: Assurer la représentation d’ACF auprès des partenaires locauxParticiper aux réunions de coordination avec les partenairesAssurer une collaboration étroite avec les acteurs communautaires et institutionnelsSensibiliser les producteurs et productrices aux objectifs du projet et favoriser leur adhésionPromouvoir la participation active des femmes et des jeunesObjectif 2: Assurer l’accompagnement technique des producteurs et productrices de riz• Participer à l´identification des producteurs et productrices et appuyer la formalisation des accords de participation au projet• Former et accompagner les producteurs sur les pratiques du SRI (repiquage, gestion de l’eau/AWD, fertilisation, etc.)• Assurer le suivi régulier des parcelles et appuyer la mise en œuvre des activités• Contribuer à la planification et à l’exécution des activités communautaires• Superviser les producteurs et productrices dans l’adoption de bonnes pratiques culturales du SRI (Planage, Semis, repiquage, désherbage, épandage d’amendement organique, gestion de la lame d’eau…)• Participer aux actions de sensibilisation sur la pratique SRI (radios, sessions communautaires)• Anticiper tout problème lié à la mise en œuvre des activités sur le terrain et participer à l´identification de solutions dans les meilleurs délaisObjectif 3 :Appuyer le Suivi, l’évaluation et capitalisation du projet Asurer le suivi opérationnel des activités et la mise à jour des plannings d’activités ;• Contribuer à la qualité, la collecte, la transmission des données (MRV) et l’archivage Participer au reporting (hebdomadaire, mensuel)• Appuyer le système de suivi-évaluation en lien avec le MEAL Officer Participer aux réunions de projet et aux cadres de concertation  *• Contribuer à la mise en place du mécanisme de redevabilité communautaire Réaliser toute autre tâche demandée par le management du projet.PROCESS MP2.1-P3 - ExecutionBESOINS DU POSTE COMPÉTENCESTravail en équipe Motivation Organisation et planification Communication efficace et synthèse Capacité d'analyse Négociation Orientation aux résultats Analyse et résolution des problèmes/conflitsCOMPÉTENCES, CONNAISSANCES ET AUTRES REQUIS-Bac +3/4 en Agronomie, Génie Rural, développement communautaire, Climatologie, Changement Climatique et Développement Durable, Economie Rurale, Environnement ou toute autre discipline équivalente.-Au moins 2 à 3 ans d’expérience dans la mise en œuvre ou l’animation de projets de développement, notamment dans les domaines de la sécurité alimentaire, du développement rural, du changement climatique ou des activités génératrices de revenus-Titulaire d’un permis pour la conduite de moto (obligatoire)-Bonne compréhension du cycle de gestion de projet.-Des enjeux liés au genre et au changement de pratiques (approches comportementales)  y-Bonne capacité de communication, d’animation et de facilitation communautaire-Bonnes capacités d’analyse et de rédaction ;-Maîtrise des outils informatiques et bureautique.-La maitrise des outils numériques de collecte de données est un atout-Connaissance des organisations paysannes et des dynamiques communautaires-Connaissance des principes d’agroécologie et des systèmes agricoles irrigués (idéalement riziculture)-Expérience dans un projet agricole, idéalement en lien avec la riziculture-Expérience en formation, accompagnement et encadrement de producteurs ou d’équipes multidisciplinaires et dans l’accompagnement des organisations paysannes ou faitières-Expérience dans des projets impliquant un changement de pratiques (agricoles ou communautaires)-Expérience de travail dans la région de Matam ou dans un contexte similaire-Bonne capacité d’organisation, de planification et sens de la rigueur-Capacité d’adaptation et flexibilité dans un environnement de travail dynamique.-Aptitude à travailler en équipe et à contribuer à un bon climat de travail-Capacité à travailler de manière autonome, avec esprit d’initiative-Bonne résistance au stress et capacité à gérer la pression ;-Capacités de communication, de médiation et de résolution de conflits-Capacité à évoluer dans un environnement multiculturel et multidisciplinaire-Intérêt pour l’apprentissage continu et le renforcement de ses compétencesENGAGEMENTS ENVERS L'ÉGALITÉ DES GENRES ET LA TOLÉRANCE ZÉRO AUX ABUSLe/la titulaire du poste est tenu(e) d’adopter un comportement conforme aux principes éthiques de l’organisation, de signaler toute situation de risque ou de violation et de contribuer à la création d’un environnement de travail sûr, respectueux et inclusif.",N/A,https://senjob.com/sn/jobseekers/04-assistant-e-s-techniques-same--matam-_e_161530.html
CHEF DE SECTEUR JUNIOR,groupe-topinter,dakar senega...,"Commercial, Vente, Business developpement | Industrie Agro-alimentaire",2026-04-08,2026-04-29,"II.	MISSION PRINCIPALELe Chef de secteur Junior assure l’exécution commerciale quotidienne sur un portefeuille de points de vente prédéfini.Il visite ses clients selon un routing fixe, garantit la disponibilité du produit, la visibilité en point de vente et développe la vente additionnelle. Il exécute les directives commerciales et garantit une présence, une visibilité et une activation des produits conformes aux standardsMISSIONSExécution Commerciale et Vente AdditionnelleSuivi des Points de Vente et du MatérielActivation et Visibilité TerrainProfilBTS Technico-commercial, Bac+2/3 en Commerce International, MarketingExpérience professionnelle souhaitée2 ans d’expérience dans un poste similaireMobilité Horizontale : Représentant Commercial, Commercial CHR/GMS,Mobilité verticale : Chef des Ventes",grc@groupe-topinter.com,https://senjob.com/sn/jobseekers/chef-de-secteur-junior_e_161260.html
Responsable de Compétences (RC),alten,Dakar,"Informatique, Télécoms, Réseaux | Industrie Informatique, Télécoms, Téléservices",2026-04-08,2026-04-30,"Description de l'entrepriseImplantée à Dakar, ALTEN Sénégal est la filiale du groupe ALTEN, leader mondial de l’ingénierie et du conseil en technologies. Elle joue aujourd’hui un rôle clé dans l’accompagnement du développement professionnel des ingénieurs en Afrique de l’Ouest, et accompagne la stratégie de développement de ses clients dans les domaines de l’innovation et des systèmes d’information technologiques.Notre mission : répondre aux ambitions technologiques de nos clients — grands donneurs d’ordre internationaux — dans les secteurs de l’automobile, du ferroviaire, de l’IT, des télécommunications et des médias.Rejoindre ALTEN Sénégal, c’est intégrer un écosystème d’excellence et bénéficier :• D’un parcours de carrière personnalisé et évolutif• D’une politique ambitieuse de développement des compétences• D’un environnement de travail stimulant, collaboratif et porteur de sensDescription du posteEn tant que Responsable de Compétences vous serez au cœur de notre dynamique de croissance, vos missions principales seront :Piloter une équipe de 30 à 60 consultants : gestion de carrière, développement des compétences, et accompagnement au quotidien.Garantir l’adéquation entre projets et talents : staffing, intégration, et suivi des performances.Contribuer à notre stratégie RH : conformité, communication, et gestion administrative.Participer à l’avant-vente : élaboration d’offres de service et présentations clients.Analyser les besoins, recruter, et intégrer les nouveaux talents.Développer les compétences, identifier les talents, et assurer un climat de travail motivant.Faire le suivi des KPI : marge brute, taux de satisfaction, attrition, formation, etc.Collaborer et être l'interface avec la Direction Technique, les RH, et les autres services.QualificationsDiplômé d'un  Bac+5 école d’ingénieur, université, ou équivalent.Expériences3 ans et plus en management d’équipe ou gestion de compétences (ESN, conseil, IT).Compétences requisesLeadership, sens de l’écoute, et capacité à négocier.Résistance au stress et diplomatie.Maîtrise des processus RH et des outils de suivi (KPI, reporting)Atouts supplémentairesExpérience dans un environnement technique (IT, cloud, ingénierie).Connaissance des enjeux QHSSE et sécurité de l’information.Informations complémentairesVous êtes rigoureux, créatif, curieux et vous aimez travailler en équipe et monter en compétence dans un environnement dynamique. Les métiers du service vous animent et vous souhaitez évoluer dans un environnement convivial, rejoignez-nous !",senegal.recrutement@alten.com,https://senjob.com/sn/jobseekers/responsable-de-compétences--rc-_e_161259.html
Agents distributeur,N/A,zone rurale,"Marketing, Communication | Services et Prestations aux Entreprises | Distribution, Commerce, Import-Export",2026-04-10,2026-04-30,"A propos de nous :SamaMbey SUARL est une entreprise sociale évoluant dans le domaine agricole.Nous intervenons dans de nombreuses régions du Sénégal. Sama Mbey vise à améliorer les conditions de vie des petits producteurs en milieu rural et veut les aider à sortir de la pauvreté.Chez SamaMbey les petits agriculteurs peuvent se financer s'ils ont le bon outil pour payer petit à petit en avance pour les intrants. Notre vision et objectif à travers notre Étoile polaire sont de travailler avec 1 million de petits producteurs à l’horizon 2026. En plus, SamaMbey Suarl s’engage dans le domaine du développement communautaire en menant  des actions de sensibilisation en nutrition, santé et hygiène.Intitulé du poste :Agent distributeurLocalisation :La prestation se déroulera en milieu rural, dans les zones d'intervention de Sama Mbey, réparties sur trois régions administratives du Sénégal : Matam  Bakel, Hamady Ounare, Matam, Thilogne Kolda    Dabo, Bourocco,Kounkane, Médina Yoro Foula, Tanaff, Vélingara Sédhiou / Ziguinchor Bignona, Bounkiling, Diattacounda, Marsassoum, Médina WandifaNombre de postes:36Type de contrat:Prestation de serviceRôles et responsabilitésLes agents distributeurs auront pour missions :1. VENTE & MOBILISATION- Développement commercial- Assister l'équipe de vente dans l'atteinte des objectifs de paquets finis- Réviser l'outil « Constitution de paquet 2026 » pour le maîtriser- Organiser les intrants selon l'outil de déchargement/chargement- Préparer des lots de paquets en avance- Assister à la formation distributeur organisée par le FC de la zone- Expliquer le contenu de chaque paquet au client- S'assurer que chaque client confirme avoir reçu 100 % des éléments inclus dans son paquet livré- Organiser les intrants restants pour assurer le chargement rapide du camion- Appuyer le chargement des intrants restants- Prospecter activement de nouveaux clients et fidéliser les producteurs existants2. LIVRAISON & SUIVI LOGISTIQUE- Gestion opérationnelle des livraisons- Être présent sur le site de livraison du début à la clôture.- Remplir les bordereaux de livraison.- Effectuer le décompte des paquets en début et fin de journée, et reporter les chiffres sur le bordereau.Cette liste n’est pas exhaustive, ces activités peuvent être adaptées aux besoins spécifiques de Sama Mbey, ainsi qu’aux objectifs et ressources disponibles.Compétences requises1. SAVOIR-FAIRE (Compétences techniques)- Expérience en vente et mobilisation communautaire en milieu rural.- Capacité à gérer des opérations logistiques (décomptes, bordereaux).- Connaissance du secteur agricole  (un atout).2. SAVOIR-ÊTRE (Qualités personnelles)- Force de persuasion : Capacité à convaincre les producteurs et motiver les VEs.- Rigueur et organisation : Respect strict des procédures de livraison et de reporting.- Autonomie et réactivité : Capacité à travailler en zone rurale avec des contraintes logistiques.- Esprit d’équipe : Collaboration étroite avec les VEs et le staff Sama Mbey.Autres compétences souhaitées:- Flexible : Sama Mbey est une organisation en pleine croissance qui se caractérise par des changements réguliers;- Humble : la personne est capable de partager ses connaissances tout en étant à l'écoute des défis des producteurs;- Efficace et proactif: la personne sait faire preuve d’autonomie et de créativité afin d’organiser ses activités;- Orienté vers l’action : la personne sait analyser les données et interpréter les chiffres afin de proposer et de développer des actions;- Ouvert aux retours constructifs.Le candidat idéal doit:- Avoir une expérience professionnelle antérieure dans le domaine du coaching/développement des compétences;- Être originaire de la zone pour laquelle il postule (myAgro recrute à travers plusieurs zones);Profil recherché- Minimum niveau Bac avec une expérience probante en agronomie, en développement communautaire ou dans un autre domaine connexe;- 1 an d’expérience prouvée et vérifiée en tant que agent de terrain;- Capacité à se focaliser sur l’atteinte des résultats;- Excellentes compétences en communication et en travail d’équipe,- Maîtrise orale et écrite, en français et wolof, mandingue, poular (selon la zone);- La connaissance d’autres langues locales est considérée un atout;- Maîtrise de l’outil informatique.Sama Mbey est un employeur garantissant l'égalité des chances. Nous célébrons la diversité et nous nous engageons à créer un espace inclusif permettant à tous les employés de se sentir valorisés pour leurs compétences, leurs expériences et leur point de vue unique. Sama Mbey offre des opportunités d'emploi égales à tous les employés et candidats sans distinction de race, de couleur, de religion, d'orientation sexuelle, de statut matrimonial/parental, d'origine nationale, d'âge, de handicap, d'opinion politique, de statut social, de statut d'ancien combattant, de génétique ou de toute autre base protégée par la loi applicable.",N/A,https://senjob.com/sn/jobseekers/agents-distributeur_e_161306.html
Responsable Comptes Fournisseurs,groupe-topinter,Dakar,"Comptabilité, Finances, Gestion | Distribution, Commerce, Import-Export",2026-04-16,2026-05-08,"Résumé : Le titulaire du poste est chargé du traitement des factures fournisseurs, de la préparation despaiements et du suivi des comptes fournisseurs. Il/elle veille à la conformité des opérations etparticipe aux clôtures mensuelles.-Missions principales :• Vérifier et enregistrer les factures fournisseurs dans l’ERP• Préparer et exécuter les paiements• Réconcilier les comptes fournisseurs et résoudre les écarts• Assurer la conformité documentaire pour les audits• Participer aux clôtures mensuelles (provisions, balances âgées)• Maintenir de bonnes relations avec les fournisseursProfil recherché :• Bac+2/3 en Comptabilité, Finance ou Gestion• Expérience de 2 ans minimum sur un poste similaire• Maîtrise d’Excel et d’un ERP• Rigueur, organisation et bon relationnel",grc@groupe-topinter.com,https://senjob.com/sn/jobseekers/responsable-comptes-fournisseurs_e_161392.html
Consultant Support FAI avec expertise N1,N/A,Dakar,"Informatique, Télécoms, Réseaux | Industrie Informatique, Télécoms, Téléservices",2026-03-31,2026-04-30,"Description de l'entrepriseImplantée à Dakar, ALTEN Sénégal est la filiale du groupe ALTEN, leader mondial de l’ingénierie et du conseil en technologies. Elle joue aujourd’hui un rôle clé dans l’accompagnement du développement professionnel des ingénieurs en Afrique de l’Ouest, et accompagne la stratégie de développement de ses clients dans les domaines de l’innovation et des systèmes d’information technologiques.Notre mission : répondre aux ambitions technologiques de nos clients — grands donneurs d’ordre internationaux — dans les secteurs de l’automobile, du ferroviaire, de l’IT, des télécommunications et des médias.Rejoindre ALTEN Sénégal, c’est intégrer un écosystème d’excellence et bénéficier :• D’un parcours de carrière personnalisé et évolutif• D’une politique ambitieuse de développement des compétences• D’un environnement de travail stimulant, collaboratif et porteur de sensDescription du posteAu sein de l’équipe de support technique clients, vous serez intégré à une chaîne de support de niveau 1 et serez en charge du support et de l’expertise sur l’ensemble des phases du traitement des incidents réseaux.Vous serez amené à :Traiter les plaintes unitaires « Grand Public » et « Entreprises » sur les périmètres d'accès ADSL , FTTH et les services associés (VOIP, IPTV.),Analyser, diagnostiquer et résoudre les incidents avec contraintes de temps,Assurer la satisfaction du client en apportant des réponses pertinentes et pointues dans des délais minimums,Assurer la communication client,Identifier, diagnostiquer les dysfonctionnements, incidents, interruptions de service et mettre en œuvre les mesures correctives,Contrôler de la bonne complétude et avancée des tickets de niveau 1,Assurer un support à l'équipe service clients et aux équipes terrains de premier niveau,Accompagner le client final de bout en bout jusqu’au rétablissement du service,Qualifier les tickets avant escalade sur les services Expert niveau 3 (analyse et diagnostic),Faire le suivi des incidents : Exploitation de la base d'incidents : relances, consolidation, analyse de tendance. Demandes d'actions préventives de fond,Accueillir des demandes des utilisateurs suite à des dysfonctionnements : prise en compte des appels des clientsQualificationsDiplômé d'un Bac +2/+3 avec une spécialisation en réseaux et télécom ou en Informatique.Expérience : Expérience Support client/gestion relation client d’au moins un an exigéUne expérience dans le secteur des Télécoms (ex : Fournisseurs d’Accès Internet) serait un plusCompétences linguistiques :Français : niveau de communication avancé ( B2, C1)Informations complémentairesVous êtes rigoureux, créatif, curieux et vous aimez travailler en équipe et monter en compétence dans un environnement dynamique. Les métiers du service vous animent et vous souhaitez évoluer dans un environnement convivial, rejoignez-nous !",N/A,https://senjob.com/sn/jobseekers/consultant-support-fai-avec-expertise-n1_e_161131.html
Administrateur Ressources Humaines DESK,N/A,Dakar,"Ressources Humaines, Formation | Service public d'état, Institutions, Administratio",2026-04-23,2026-05-08,"Mission principaleAssurer la fiabilité et la fluidité du parcours administratif et opérationnel des expatriés du Desk, en garantissant la qualité des données RH, le respect des échéances clés et une expérience claire et sécurisée pour les collaborateurs, dans un environnement multiculturel exigeant.Activités principalesGestion et sécurisation contractuelle administrative•	Constituer le dossier du personnel expatrié et vérifier leur complétude dès la validation du recrutement en centralisant une liste de documents préétablie; communiquer aux salarié.e.s les informations nécessaires à la création du contrat et à  la souscription  à l’assurance santé•	Élaborer les contrats de travail, les avenants en conformité avec les éléments validés (postes, conditions, dates) et les faire signer dans les 72 heures avant la date de début du contrat ou avant la fin du contrat en cours, les documents de rupture de contrat à l’amiable etc.  et les faire signer avant la date de rupture de contrat•	Assurer la signature des documents contractuels dans les délais requis (avant prise de fonction ou échéance contractuelle)•	Contrôler la cohérence et la fiabilité des informations contractuelles et administratives•	Assurer une révision fiable des fiches de salaire en fin d’année dands le respect des délais et procédures en collaboration avec sa/son Référent.e RH.•	Assurer le suivi des preuves de vie (s’assurer que chaque expatrié a transmis sa preuve de vie au début de sa mission)•	Procéder aux formalités liées à la souscription d’assurance santé pour chaque personnel International terrain dès la signature de son contrat et s’assurer que l’expatrié a reçu d’ALLIANZ toutes les informations nécessaires liées à sa prise en charge santé (carte d’assurance etc.)•	Identifier toute incohérence ou anomalie dans le processus de déploiement de l’expatrié et alerter le/le Référent(e) RH dans les meilleurs délais•	Organiser et coordonner les briefings et débriefings des expatriés (au siège ou à distance)•	Tenir informé les Coordinateurs finances/RH, les Chefs de Mission, les Coordinateurs logistiques les assistants RH sur le terrain de l’arrivée des nouveaux expatriésOrganisation et suivi des déploiements et mouvements•	Organiser les départs en mission (visa, transport, hébergement, documents de mission) dans le respect des délais•	Assurer le suivi des mouvements du personnel (prise de poste, renouvellement, fin de mission)•	Préparer et transmettre les  documents nécessaires aux déplacements et à la prise de fonction•	Préparer et faire valider les engagements de dépenses liés aux frais financiers engendrés par les départs en mission  des expatriés et à leur fin de mission•	Anticiper les échéances de déploiement et alerter le/la Référent (e) RH en cas de risque de retard ou de blocage•	Assurer la mise à jour des outils de suivi des mouvements du personnel•	Coordonner avec les acteurs concernés (terrain, logistique, desk) pour garantir la fluidité des déploiementsCoordination des fins de missions et SDTC•	Assurer la préparation des fins de mission en coordination avec les acteurs concernés (terrain, desk, paie) dès qu’elle a l’information du non renouvellement de contrat d’un expatrié•	Vérifier la disponibilité de l’ensemble des éléments nécessaires à l’établissement du solde de tout compte•	Établir et transmettre les documents de fin de contrat dans les délais requis•	S’assurer de la complétude et de la fiabilité des informations transmises à la paie•	Suivre le traitement et le paiement des soldes de tout compte en lien avec la paie•	Identifier les retards, incohérences ou blocages dans le traitement des SDTC des expatriés et alerter le /la  Référent(e) RH•	Assurer la désactivation  ALLIANZ de l’expatrié un mois après sa fin de missionFiabilisation des données RH, gestion de l’interface avec le service paie et production des reportings pour le suivi de l’activité.•	Collecter, centraliser, et vérifier les données RH nécessaires à la paie (contrats, mouvements, etc.)•	Contrôler la complétude, la cohérence et la fiabilité des informations avant leur transmission•	Identifier les écarts ou incohérences et effectuer les relances nécessaires auprès des interlocuteurs concernés (terrain, desk)•	Assurer une transmission des données dans les délais compatibles avec le calendrier de paie•	Coordonner avec la gestionnaire de paie pour sécuriser la prise en compte des éléments transmis•	Suivre les dossiers jusqu’à leur traitement effectif et gérer les corrections si nécessaire•	Alerter le / la Référent(e) RH en cas de dysfonctionnement ou de risque impactant la paieAccompagnement et information des expatrié.e.s•	Fournir aux expatrié.e.s une information claire, cohérente et fiable à chaque étape de leur parcours (départ, mission, fin de mission)•	Répondre aux demandes ou orienter efficacement vers les interlocuteurs appropriés•	S’assurer que les informations transmises sont comprises et adaptées à un environnement multiculturel•	Anticiper les besoins d’information et limiter les zones d’incertitude pour les expatriés•	Veiller à ne laisser aucune demande sans réponse, même en cas de dépendance à d’autres services•	Contribuer à une expérience fluide et sécurisante pour les expatriésProfil et expérience souhaités•	Diplôme Bac à Bac +3 en Gestion, Administration, Finances, RH, ou formation jugée équivalente.•	Minimum 2 années d’expérience dans un environnement opérationnel exigeant .•	Expérience en gestion de mobilité internationale, coordination RH ou logistique de personnel•	Expérience dans un environnement à forte contrainte de délais et de volumeCompétences techniques•	Bonne maîtrise des outils informatiques (G-Suite e).•	Bonne compréhension des processus RH (contrats, mobilité, fins de missions)•	Capacité à gérer et fiabiliser des données RH complexes•	Connaissance des enjeux de paie et interactions avec un service paie•	Connaissance du droit du travail français est un atoutCompétences comportementale•	Rigueur : capacité à traiter des données avec précision et fiabilité•	Sens du service : attention portée à la qualité de l’expérience des expatriés•	Assertivité : capacité à relancer, coordonner et faire avancer les dossiers sans autorité hiérarchique•	Organisation et gestion des priorités dans un environnement à forte charge•	Capacité à évoluer dans un environnement multiculturel•	Proactivité dans l’identification et la résolution des problèmesConnaissances en langues : La maîtrise du français et de l’anglais (lu, écrit, parlé) est indispensableConditions•	Durée du contrat : Contrat à durée indéterminée de droit sénégalais•	Prise de poste : Dès que possible•	Salaire : 611 293 FCFA•	Contribution frais de transport à 72 032 FCFA•	2,75 Jours de congés payés par Mois ;•	Couverture santé complémentaire, prises en charge par ALIMA pour l’employé et ses ayants droit;•	Participation aux frais de scolarité pour les enfants de 2 à 18 ans selon la politique extra contractuelle d’ALIMA en vigueur.",N/A,https://senjob.com/sn/jobseekers/administrateur-ressources-humaines-desk_e_161529.html
Contrôleur Interne – Projets,N/A,Dakar,"Comptabilité, Finances, Gestion | Banque, Assurance, Finances",2026-04-23,2026-05-08,"•	Titre : Contrôleur Interne – Projets•	Référence : CONTINT/DCI/IPD2026•	Département : Direction Contrôle Interne – Projets•	N+1 : Directeur Contrôle Interne•	Lieu : Campus/Dakar•	Contrat : CDD 12 mois•	Deadline : 29 avril 2026•	Début souhaité : Juin 2026À propos de l’InstitutL’Institut Pasteur de Dakar (IPD) est une fondation d’utilité publique sénégalaise dédiée à la santé publique, la recherche, l’innovation et l’éducation en Afrique. Depuis sa fondation en 1896, l’institut n’a cessé de se développer pour le bénéfice des populations et est aujourd’hui spécialisée dans les 5 domaines suivants :•	Recherche & Développement•	Diagnostic, vaccination, alimentation et environnement•	Éducation, formation et développement des talents•	Expertise et orientation stratégique en santé publique•	Production et distribution de vaccins et de dispositifs médicauxDe manière unique, l’IPD rassemble ainsi des capacités et des fonctions clés pour relever les défis de santé publique et les menaces mondiales et joue un rôle régional important dans ses partenariats avec l’OMS et la lutte contre les maladies infectieuses.A l’IPD, nous inspirons, nous éduquons et nous attirons des Femmes et des Hommes de sciences passionnés et visionnaires pour développer des solutions significatives et efficaces aux problèmes de santé publique en Afrique ! Notre Ambition est de diriger, influencer et améliorer la santé humaine, chaque jour, de manière sûre et durable.Si vous avez l’esprit Pasteurien, comme nous, Rejoignez-Nous !Activités du posteDans le cadre du renforcement du dispositif de contrôle interne et des exigences croissantes des partenaires techniques et financiers en matière de conformité et de transparence, l’IPD recrute un Contrôleur Interne dédié aux projets.Ce poste vise à sécuriser la gestion des opérations, à garantir le respect des procédures internes et contractuelles, et à renforcer la crédibilité de l’institution auprès de ses bailleurs de fonds.Mission généralePlacé sous l’autorité du Directeur du Contrôle Interne, le Contrôleur Interne Projets est chargé d’assurer la mise en œuvre et le suivi du dispositif de contrôle interne au sein des projets portés par l’IPD. Il veille à la conformité des opérations avec les procédures internes de l’institution et les exigences contractuelles des partenaires financiers.Activités principalesContrôle de la conformité et des procédures•	Vérifier la conformité des opérations des projets aux procédures internes de l’IPD et aux règles des bailleurs de fonds•	Contrôler la régularité et la sincérité des pièces justificatives (dépenses, marchés, contrats)•	S’assurer que les autorisations et validations requises sont obtenues avant toute opération•	Identifier les écarts et non-conformités et en assurer le reportingGestion des risques et traçabilité•	Contribuer à l’identification, l’évaluation et la cartographie des risques liés aux projets•	Veiller à la traçabilité complète des opérations financières, administratives et logistiques•	Proposer des mesures correctives et préventives pour réduire l’exposition aux risques•	Participer à la mise à jour du registre des risques projetsSuivi et reporting•	Élaborer des rapports périodiques de contrôle interne à destination du Directeur du Contrôle Interne•	Suivre la mise en œuvre des recommandations formulées à l’issue des missions de contrôle•	Préparer les éléments de réponse aux demandes d’audit externe (auditeurs bailleurs, commissaires aux comptes)•	Alimenter les tableaux de bord de suivi du contrôle interne des projetsAccompagnement et renforcement des capacités•	Sensibiliser et former les équipes projets aux procédures internes et aux exigences des partenaires•	Appuyer les chefs de projets dans l’application correcte des règles de gestion•	Diffuser les bonnes pratiques en matière de gouvernance, de transparence et de conformité•	Contribuer à l’amélioration continue des outils et procédures de contrôle interneProfil recherchéFormationNiveau de qualification ou compétences requises :•	Avoir un Master en Comptabilité Contrôle Audit ou diplôme équivalent•	Avoir au moins 5 ans d’expérience dans le domaine du contrôleCompétences techniques :•	Maîtrise des outils bureautiques et des procédures de gestion administratives•	Maîtrise des risques et procédures : Capacité à identifier, évaluer et cartographier les risques, ainsi qu’à concevoir des procédures de contrôle interne•	Connaissance financière et comptable approfondie•	Analyse de données : Utilisation d’Excel et d’outils informatiques/logiciels métiers•	Veille réglementaire : Capacité à se tenir à jour sur les normes et exigences de conformitéQualités personnelles :•	Rigueur, sens de l’organisation et souci du détail•	Intégrité, discrétion et respect de la confidentialité•	Capacité d’analyse, esprit critique et force de proposition•	Capacité à améliorer ses performances et celles du système de manière continue•	Aptitude à travailler de manière autonome tout en s’intégrant dans une équipe•	Bonnes aptitudes relationnelles et pédagogiques pour l’accompagnement des équipes•	Capacité à gérer les priorités et à travailler sous pression dans des délais serrés•	Sens de la communication et fiabilité•	Aptitude à communiquer en anglaisL’institut Pasteur de Dakar est un employeur de référence qui propose des conditions de travail favorables à l’épanouissement professionnel.",N/A,https://senjob.com/sn/jobseekers/contrôleur-interne-–-projets_e_161528.html
Responsable Développement Formation Continue,N/A,Dakar,"Éducation, Enseignement | Enseignement, Formation",2026-04-23,2026-05-08,"Missions•	Élaborer et piloter le plan d’action commercial ;•	Définir les cibles et planifier les actions de prospection ;•	Promouvoir l’offre du centre, développer sa notoriété et son image ;•	Développer et entretenir des relations avec les entreprises, les financeurs et les prescripteurs ;•	Prospecter les entreprises du secteur de l’industrie agroalimentaire sur l’ensemble du territoire ;•	Identifier les besoins des entreprises et proposer des solutions de formation adaptées ;•	Élaborer les propositions commerciales et négocier les contrats ;•	Assurer la commercialisation des actions de formation ;•	Accompagner les entreprises dans la définition de leurs plans de formation et des dispositifs de financement ;•	Assurer une veille marché (besoins, concurrence, réglementation) et remonter les informations à la direction.",N/A,https://senjob.com/sn/jobseekers/responsable-développement-formation-continue_e_161527.html
Acheteur Sénior,N/A,Dakar,"Achat, Supply Chain, Logistique, Transport | Distribution, Commerce, Import-Export",2026-04-23,2026-05-08,"La Société de Cultures Légumières (SCL), située à 2 km du barrage de Diama, au nord du Sénégal dans la région de Saint-Louis, exploite 1.500 hectares répartis sur 3 sites. Elle emploie 1.250 travailleurs sous contrat et entre 2000 et 6.000 travailleurs journaliers selon les périodes de l’année.Son modèle économique est basé sur la production, le conditionnement et l’exportation des légumes frais, majoritairement du maïs doux et du haricot vert.Pour le renforcement de ces capacités dans le domaine des achats, la SCL recrute un Acheteur Sénior (H/F) expérimenté pour mieux répondre aux exigences de l’entreprise. Ce poste à fort potentiel évolutif, couvre le portefeuille stratégique des intrants agricoles et le conditionnement.Missions stratégiques et opérationnelles :Gestion du portefeuille stratégique :•	Piloter un panel de fournisseurs critiques pour la production (matières premières agricoles, emballages techniques, outillages spécifiques) ;•	Élaborer et mettre en œuvre les stratégies d’achats par catégorie.Analyse de marché et sourcing :•	Réaliser une veille permanente sur la volatilité des cours des matières premières agricoles et les innovations packaging ;•	Identifier et qualifier de nouvelles sources d’approvisionnement.Négociation et contractualisation de haut niveau :•	Piloter les appels d’offre complexes et les RFQ ;•	Négocier des contrats cadres intégrant des clauses de performances (qualité, délai, flexibilité indexation prix) ;•	Mettre en place des outils de couverture de risques prix/volume) pour sécuriser les marges de l’entreprise.Pilotage de performance et gestion du cycle de vie fournisseur :•	Développer et suivre les KPI achats, être le garant du processus Procure-to-Pay et la résolution des litiges complexes (techniques ou financier) en interface avec la comptabilité et les magasins ;•	Proposer des axes d’amélioration continue pour réduire les coûts cachés et optimiser les stocks.Dimension évolutive et management de transition :•	Rapport stratégique: être le bras droit du Directeur des Achats dans la préparation des grosses commandes, revues budgétaires et des rapports Direction Générale ;•	Participer activement à l’optimisation de l’ERP et la digitalisation de la fonction achat.Profil recherché/Compétences requises :•	Être titulaire d’une Licence 3 ou plus de Gestion et commerce avec spécialisation Achat / Supply Chain, avec une expérience de 02 ans au minimum au poste d’acheteur confirmé.•	Être motivé, rigoureux, fort en négociation et aime les défis, avoir le sens de l’éthique, de la communication et du relationnel.",N/A,https://senjob.com/sn/jobseekers/acheteur-sénior_e_161526.html
Chargé Lots Techniques Junior,N/A,Dakar,"Maintenance, Entretien, Contrôle | Industrie Automobile, Mecanique, Navale",2026-04-23,2026-05-08,"Rattaché à l’Ingénieur Senior Lots Techniques, vous intervenez sur l’ensemble des lots techniques du bâtiment, couvrant à la fois les installations électriques (CFO/CFA) et les réseaux fluides (CVC, plomberie, désenfumage). Vous assurez la modélisation BIM sous Revit MEP et la production des plans lots techniques, en garantissant la cohérence inter-lots et la qualité des livrables à chaque phase du projet.Profil recherché•	Bac +2 / Bac +3 en Génie Électrique, Génie Climatique, Énergétique du Bâtiment ou équivalent (DUT Génie Civil option Énergie, BTS Électrotechnique / Fluides)•	Débutant accepté avec maîtrise de Revit MEP. Expérience BIM (stage ou projet académique) couvrant l’un ou les deux lots techniques fortement valorisée.Compétences•	Maîtrise de Revit MEP (impératif) et d’AutoCAD ;•	Bonne compréhension du processus BIM et de la coordination multi-lots ;•	Connaissances de base en électricité bâtiment (CFO/CFA) : chemins de câbles, tableaux, luminaires ;•	Notions solides en CVC et plomberie : réseaux fluides, gainage, tuyauterie, désenfumage ;•	Notions des normes applicables : NF C 15-100 (électricité), NF/ASHRAE (fluides) ;•	Capacité à exploiter les maquettes BIM (quantitatifs, réservations, extractions, clash detection) ;•	Rigueur, sens du détail et organisation dans la gestion simultanée de plusieurs lots ;•	Esprit d’équipe, communication fluide et capacité d’apprentissage rapide.",N/A,https://senjob.com/sn/jobseekers/chargé-lots-techniques-junior_e_161525.html
Gardien,N/A,Dakar,"Qualité, Sécurité, Environnement | Sécurité, Surveillance, Défense, Armée",2026-04-23,2026-05-08,"Nous sommes à la recherche d’un gardien avec un bon niveau d’expression en français.Compétence et aptitude : Ponctuel, respectueux , discipliné.Être disponible à travailler de 16h-00h.",N/A,https://senjob.com/sn/jobseekers/gardien_e_161524.html
Superviseur de Salle,N/A,Dakar,"Maintenance, Entretien, Contrôle | Organisation non gouvernementale, Association",2026-04-23,2026-05-12,"Nous sommes à la recherche d’un superviseur de salle avec un bon niveau d’expression en français. instruit et assiduCompétence et aptitude : Ponctuel, respectueux, discipliné.Être apte et disponible à travailler de 08h-16h/ 16h-00h/ 00h-08h",N/A,https://senjob.com/sn/jobseekers/superviseur-de-salle_e_161523.html
Comptable Sénior,N/A,Dakar,"Comptabilité, Finances, Gestion | Banque, Assurance, Finances",2026-04-23,2026-05-08,"Nous recrutons un Comptable Senior pour un de nos clients évoluant dans le secteur de l’immobilier.Missions principales:•	Gestion de la comptabilité générale (enregistrement des pièces reçues, tenues des journaux, analyses périodiques des comptes)•	Revue des états de rapprochement bancaires mensuels•	Elaboration des reportings et des états financiers•	Revue des déclarations fiscales et sociales•	Suivi du paiement des impôts et taxes•	Suivi des paiementsProfil:•	Bac + 5 en comptabilité ou gestion•	Expérience d’au moins 2 ans dans un poste similaire•	L’expérience en cabinet est un plus•	Savoir travailler sous pression•	Être à l’aise avec Sage Saari/SAP•	Etre à l’aise avec Microsoft office particulièrement Excel",N/A,https://senjob.com/sn/jobseekers/comptable-sénior_e_161522.html
Assistant(e) Contrôle RH,N/A,Dakar,"Ressources Humaines, Formation | Banque, Assurance, Finances",2026-04-23,2026-05-08,"Missions et Responsabilités•	Participer à l’élaboration du budget des frais de personnel•	Suivre et analyser les écarts entre le budget et le réalisé•	Proposer des actions correctives et des optimisations de couts RH•	Collecter, consolider et fiabiliser les données sociales•	Concevoir et produire des tableaux de bord RH réguliers•	S’assurer de la qualité et de la cohérence des données RH•	Mettre en place des processus d’automatisation pour la collecte et l’analyse des donnéesProfil•	Bac + 3/4 Contrôle de Gestion, RH est tout autres équivalents.•	1 à 2 ans d’expérience professionnelle minimum•	Maitrise du système MIAGE",N/A,https://senjob.com/sn/jobseekers/assistant-e--contrôle-rh_e_161521.html
Directeur Système d’Information,N/A,Dakar,"Informatique, Télécoms, Réseaux | Industrie Informatique, Télécoms, Téléservices",2026-04-23,2026-05-08,"Rattaché au Directeur Général, le Directeur Système d’Information assure la gouvernance, la supervision et l’évolution du Système d’Information, en garantissant sa disponibilité, sa sécurité et son adéquation aux besoins métiers, tout en optimisant les coûts et en accompagnant la transformation digitale de la banque.Activités Principales :Stratégie et gouvernance du SI•	Définir et mettre en œuvre la stratégie SI en cohérence avec les orientations du groupe et les objectifs de la filiale.•	Piloter la performance et la conformité du SI (réglementaire, sécurité, continuité d’activité).•	Élaborer et suivre le budget SI, en optimisant les coûts d’infogérance et les investissements.Management de l’infogérance et des prestataires•	Superviser les relations avec le Centre de Support Filiale (CSF) et les autres prestataires techniques.•	Assurer le respect des SLA (niveaux de service) et la qualité des services délivrés.•	Être l’interface principale entre les équipes internes, les utilisateurs et les prestataires externes.Gestion de projets et transformation digitale•	Piloter les projets SI (fonctionnels et techniques) depuis l’expression du besoin jusqu’à la mise en production.•	Accompagner les métiers dans l’évolution des outils et processus, notamment dans le cadre de la digitalisation.•	Assurer la maintenance et la mise à jour de la documentation technique et fonctionnelle.Support utilisateur et micro-informatique•	Superviser la gestion du parc micro-informatique (administration, maintenance, renouvellement).•	Garantir un support de qualité aux utilisateurs en collaboration avec le CSF.•	Promouvoir l’adoption des outils et bonnes pratiques en matière de système d’information.Sécurité, continuité et diffusion de l’information•	Veiller à la sécurité des données et des systèmes, en conformité avec les normes bancaires et celles du groupe.•	Assurer la continuité d’activité et la résilience du SI (PCA/PRA).•	Faciliter la circulation et la qualité de l’information au sein de l’organisation.Management transversal et reporting•	Animer et coordonner les équipes internes dédiées au SI.•	Rendre compte régulièrement à la Direction Générale sur l’état du SI, les projets en cours et les indicateurs clés.•	Réaliser toutes autres missions confiées par la hiérarchie dans le cadre des objectifs du département.Mise en place des instruments organisationnels :•	Rédaction et diffusion des manuels•	Formation du personnel•	Gestion des fiches de fonctionReprises d’éventuels instruments existants :•	Collecte des notes d’instructions existantes•	Analyse de cette documentation pour élimination des sources contradictoires ou redondantes•	Classement en fonction de la nomenclature des manuels•	Réactualisation et rappel des instructionsGestion du Système d’Information :•	Gestion et suivi des habilitations•	Gestion des tables de codifications et de références•	Gestion des incidents•	Optimisation des processus•	Gestion des évolutions•	Gestion de la sécurité•	Gestion de l’éditiqueToute autre tâche confiée par sa hiérarchie dans le cadre des missions.Profil :•	Diplôme d’ingénieur, master en informatique, télécoms ou gestion des systèmes d’information.•	Expérience significative en management du SI dans le secteur bancaire ou financier.•	Connaissance des environnements réglementaires bancaires et des normes de sécurité (ISO, COBIT, etc.).•	Compétences en gestion de projet, négociation avec les prestataires et pilotage budgétaire.•	Leadership, excellent relationnel et capacité à fédérer des équipes internes et externes.•	Savoir faire face aux situations d’urgence.•	Capable de travailler sous pression.•	Rigueur et sens des responsabilités.•	Pragmatisme, orientations solutions.•	Forte autonomie et esprit d’initiative.",N/A,https://senjob.com/sn/jobseekers/directeur-système-d’information_e_161520.html
Développeur IT,N/A,Dakar,"Informatique, Télécoms, Réseaux | Industrie Informatique, Télécoms, Téléservices",2026-04-23,2026-05-08,"Activités Principales :•	Définir une structure optimale des données et développer des programmes d’extraction ;•	Identifier les besoins en termes d’architecture, de données ainsi que l’adéquation avec l’environnement actuel pour le développement des solutions analytiques ;•	Contrôler et surveiller l’état de l’infrastructure ainsi que la sauvegarde et la sécurisation des données ;•	En collaboration avec le Directeur SI, définir et faire évoluer les solutions de stockage des données ;•	Mettre son expertise au profit des métiers pour déployer et soutenir les modèles analytiques et faciliter l’exploitation des données.•	Toute autre tâche confiée par sa hiérarchie dans le cadre des missions.Profil :•	Profil BAC+5 en Informatique avec une très bonne pratique des bases de données et l’application Amplitude, du développement SQL et des autres langages développements : PHP/MYSQL, PYTHON, Java/JavaScript, outil BI, etc.•	Une expérience significative en milieu bancaire.•	Savoir gérer la confidentialité des informations et des données.•	Savoir organiser et planifier ses activités•	Savoir faire face aux situations d’urgence•	Capable de travailler sous pression•	Rigueur et sens des responsabilités•	Pragmatisme, orientations solutions•	Forte autonomie et esprit d’initiative•	Sens du collectif et du travail en équipe",N/A,https://senjob.com/sn/jobseekers/développeur-it_e_161519.html
Responsable de production / Conducteur de Travaux,N/A,Dakar,"Métiers BTP, Bureau d'étude, Immobilier | BTP, Construction, Immobilier, Urbanisme, Archi.",2026-04-23,2026-05-08,"MissionsLe responsable de production organise, planifie, suit la production d’un atelier de confection lourde ainsi que la supervision des chantiers (conduite de travaux).•	Assurer la production•	Planifier la production en collaboration avec la direction générale•	Superviser les services connexes à la production (magasins, services généraux…)•	Réagir aux commandes imprévues et aux aléas techniques en concertation avec le service commercial•	Coordonner les exigences de production et les nécessités de maintenance (outils de production et services généraux)•	Assurer les communications avec les différents services : commercial, comptable et RH•	Suivre les productions journalières par rapport aux prévisions et les réajuster•	Responsable de la maintenance : outils industriels, services généraux, propreté du site et environnement•	Animer le personnel de l’atelier•	Gérer le personnel de production et s’assurer du recrutement nécessaire à la flexibilité ou aux périodes de suractivité•	Gérer le personnel des services annexes : magasiniers, chauffeurs et leurs véhicules•	Améliorer les process de production•	Analyser les défaillances, les dysfonctionnements, proposer des améliorations•	Rechercher et proposer des solutions pour améliorer sans cesse la productivité, la réactivité et la qualité de la production : améliorer les implantations d’ateliers et optimiser les flux.•	Prévoir les investissements nécessaires en collaboration avec la DirectionRésultats attendus•	Efficacité, productivité et qualité de la production, son coût en fonctionnement•	Rendre compte à la Direction Générale•	Assurer un bon climat social•	Autonomie et responsabilitéLe poste dépend de la direction générale. Il encadre les responsables d’ateliers, les chefs d’équipes, les magasiniers, les chauffeurs et le personnel de la production, il est autonome quant aux moyens et à l’organisation des ateliers pour assurer le bon fonctionnement.Environnement de travail•	Il travaille entre son bureau, les ateliers et la Direction. Il se déplace à l’extérieur : chantier et suivi des équipes.•	Les horaires sont soumis aux aléas de la production.Compétences spécifiques•	Optimiser la production : implantation des ateliers, flux, organisation du travail•	Recruter et participer au recrutement de collaborateurs•	Evaluer les compétences et promouvoir ses collaborateurs•	Résoudre des problèmes de natures différentes dans l’urgence•	Connaissance de la confection textile est un plusCompétences transversales•	Etre à l’écoute et disponible•	Savoir être réactif devant les aléas•	Etre à la fois ferme et diplomate, savoir gérer des conflits•	Travailler en équipe•	Analyser et synthétiser de nombreuses informations chiffrées•	Gérer des priorités•	Organiser et planifier les activités•	Maîtriser les outils informatiquesProfil :•	De formation technique supérieure (minimum bac +2) vous justifiez d’une expérience réussie dans le milieu de la production et/ou la conduite de travaux dans le BTP.•	Titulaire d’un permis de conduire•	Français et Wolof impératifs, la maitrise de l’anglais est un plus.",N/A,https://senjob.com/sn/jobseekers/responsable-de-production---conducteur-de-travaux_e_161518.html
Responsable des services hôteliers pour la famille olympique,N/A,Dakar,"Métiers Hôtellerie, Tourisme, Restauration, Loisirs | Tourisme, Hôtellerie, Loisirs, Restauration",2026-04-23,2026-05-08,"Missions et responsabilitésLe/La Olympic Family Hotel Services Manager/Responsable des services hôteliers pour la famille olympique (H/F) pilote l’ensemble des services dédiés à la Famille Olympique au sein de l’Olympic Family Hotel (OFH & OF2), en garantissant une expérience irréprochable, fluide et conforme aux standards du Comité International Olympique (CIO).Véritable chef d’orchestre sur site, le/la Olympic Family Hotel Services Manager est responsable de la qualité d’exécution opérationnelle, de la coordination interservices et de la satisfaction des clients les plus stratégiques des Jeux.Il/Elle est en charge des activités suivantes?:Pilotage de l’expérience client•	Garantir un niveau d’excellence sur l’ensemble du parcours client (arrivée, séjour, départ);•	Assurer la qualité des services hôteliers : réception, conciergerie, housekeeping,restauration, espaces meetings;•	Mettre en œuvre et contrôler les standards spécifiques à la Famille Olympique Coordination opérationnelle.Coordination opérationnelle•	Superviser les équipes OFS sur site;•	Assurer la coordination quotidienne avec les départements Dakar 2026 présents à l’OFH (Transport, Protocole, Sécurité, Accréditations, etc.);•	Être le point de contact principal entre l’hôtel, les équipes OFS et le CIO.Management & leadership•	Encadrer, mobiliser et faire monter en performance les équipes opérationnelles;•	Instaurer une culture de service premium et de réactivité;•	Gérer les priorités dans un environnement à forte pression.Gestion des situations sensibles•	Anticiper, gérer et résoudre les incidents clients avec diplomatie et efficacité;•	Assurer un suivi personnalisé des demandes VIP et sensibles;•	Garantir la confidentialité et la gestion des enjeux protocolairesAmélioration continue & reporting•	Suivre les indicateurs de qualité et de satisfaction;•	Identifier les axes d’amélioration et mettre en place des actions correctives rapides;•	Produire des reportings réguliers à destination du CIO et de Dakar 2026.Qualifications et compétences requises pour le posteFormation et Expérience professionnelle•	Bac+4/5 en management hôtelier international ou équivalent;•	Minimum 5 ans d’expérience en hôtellerie haut de gamme, événementiel international ougrands événements sportifs;•	Expérience confirmée sur des environnements VIP, protocole ou clients sensibles;•	Expérience en ouverture d’hôtel ou grands événements fortement appréciée.Compétences techniques•	Excellente maîtrise des standards hôteliers haut de gamme / luxe;•	Excellentes compétences relationnelles et sens politique.Savoir être•	Leadership confirmé et management d’équipes multiculturelles;•	Gestion du stress et prise de décision rapide;•	Sens aigu du détail et de l’expérience client;•	Capacité à évoluer dans un environnement international exigeant.Langues•	Bilingue français / anglais (indispensable);•	Une troisième langue est un atout.",N/A,https://senjob.com/sn/jobseekers/responsable-des-services-hôteliers-pour-la-famille-olympique_e_161517.html
Responsable des services aux invités,N/A,Dakar,"Métiers Hôtellerie, Tourisme, Restauration, Loisirs | Tourisme, Hôtellerie, Loisirs, Restauration",2026-04-23,2026-05-08,"Missions et responsabilitésLe/La Guest Services Manager/Responsable des services aux invités a pour mission de coordonner et produire des initiatives, événements et expériences impliquant la FamilleOlympique et les invités du COJOJ en dehors des sites de compétition, pendant les Jeux.Il/Elle garantit la cohérence, la qualité et l’impact des interactions entre la Famille Olympique et Dakar 2026, en orchestrant à la fois les invitations reçues et lesinitiatives portées par le Comité d’Organisation.Il/Elle est en charge des activités suivantes?:Coordination des invitations & engagements•	Centraliser et coordonner l’ensemble des invitations adressées à la Famille Olympique (cérémonies, événements partenaires, initiatives institutionnelles, activations);•	Assurer la cohérence globale des sollicitations;•	Suivre les confirmations, niveaux de représentation et présences effectives.Production d’expériences Dakar 2026•	Concevoir et piloter des initiatives à l’initiative de Dakar 2026 dédiées à la Famille Olympique et aux invités du COJOJ (visites, événements culturels, moments institutionnels, expériences exclusives);•	Superviser leur mise en œuvre opérationnelle, en lien avec les fonctions concernées;•	Garantir une expérience fluide, qualitative et alignée avec l’image et les ambitions des Jeux.Orchestration en Games Time•	Superviser la préparation et l’exécution de toutes les initiatives impliquant la Famille Olympique;•	Garantir la fluidité des parcours invités en coordination avec OFS et Protocole;•	Assurer une présence terrain sur les moments clés.Coordination transverse & parties prenantes•	Être le point de référence pour toutes les fonctions souhaitant engager la Famille Olympique;•	Travailler étroitement avec Protocole pour garantir le respect des règles de préséance et des sensibilités diplomatiques;•	Coordonner avec Marketing, Partenariats et Communication pour les initiatives impliquant des invités VIP.Gestion des risques & excellence opérationnelle•	Identifier les risques protocolaires, logistiques ou d’image;•	Garantir une exécution sans incident sur des événements à forte visibilité;•	Assurer un suivi personnalisé des invités clés.Suivi & reporting•	Mettre en place des outils de suivi des invitations, participations et expériences;•	Produire des reportings à destination de la Head of OFS et du CIO;•	Capitaliser sur les retours pour améliorer en continu les dispositifs.Qualifications et compétences requises pour le posteFormation et Expérience professionnelle•	Bac+4/5 en management hôtelier international ou équivalent;•	5 ans d’expérience en événementiel international, grands événements sportifs, protocole ou production d’expériences VIP;•	Expérience confirmée dans la gestion de dignitaires, VIP ou environnements sensibles;•	Expérience en production d’événements fortement appréciée.Compétences techniques•	Expertise en coordination d’événements complexes et multi-sites;•	Capacité à concevoir et produire des expériences premium;•	Capacité à piloter des projets complexes avec de nombreux interlocuteurs;•	Expertise en coordination d’événements complexes et multi-sites;•	Capacité à piloter des projets complexes avec de nombreux interlocuteurs;•	Excellente compréhension des enjeux protocolaires et institutionnels.Savoir être•	Forte capacité d’arbitrage et de priorisation;•	Diplomatie et intelligence relationnelle;•	Grande réactivité et capacité à travailler sous pression;•	Sens aigu du détail et de l’expérience VIP.Langues•	Bilingue français / anglais (indispensable);•	Une troisième langue est un atout.Contraintes du poste•	Contrat CDD à temps plein ;•	Flexibilité à travailler au-delà des horaires de travail conventionnels le cas échéant;•	Poste basé à Dakar avec déplacements fréquents sur les sites.",N/A,https://senjob.com/sn/jobseekers/responsable-des-services-aux-invités_e_161516.html
Developpeur Fullstack,N/A,Dakar,"Informatique, Télécoms, Réseaux | Industrie Informatique, Télécoms, Téléservices",2026-04-23,2026-05-08,"Dans le cadre de la transformation digitale, nous recherchons un développeur full stack junior (Java /JavaScript) pour renforcer les équipes de développements.Activités principales•	Participer à l’analyse la conception et au développement des applications en JAVA/Spring Boot/Angular/NodeJs et applications mobiles.•	Intégration de services dans SONIS (Outil d’inventory Network)•	Collaborer en équipe pour le développement d’applications et la mise en place d’interfaces.•	Développer des applications en architectures distribuées, en respectant à la fois les fonctionnalités et contraintes contenues dans la spécification fournie.•	Expérience dans les technologies de développement Cross-platform (Ionic, React Native, Flutter etc.)•	Rédaction des tests unitaires et des tests d’intégration.•	Participation à la mise en production des applications.•	Apporter son soutien aux analyses d’incidents de niveau 3•	Assurer la maintenance et la documentation.•	Assurer le support des équipes OpérationnelsCompétences requises•	Maitrise du langage JAVA 8+ et de ses frameworks principaux (Spring..), NodeJs et ses frameworks Niveau 4•	Maitrise des APIs restful Niveau 4•	Bonne maîtrise de la chaine d’intégration continue, des outils DevOps (jenkins, Bitbucket…) et des plans de tests (unitaires, non-régressions, d’intégration) Niveau 3•	Bonne connaissance des principes d’architecture réactive. Niveau 3•	Maitrise des architectures orientées microservices et des outils de stockage (SQL et NoSQL) Niveau 3•	Bonne maitrise d’une de ses framework/librairies (Angular, React JS, Ionic, React Native) Niveau 3•	Bonne maitrise des langages : HTML, CSS Niveau 4•	Maitrise des bonnes pratiques en développement frontend et de leur optimisation Niveau 3•	Bonne maitrise des outils de PAO et des spécificités des principaux navigateurs web et mobile. Niveau 2•	Proactive sur les choix technologiques. Niveau 3•	 Une connaissance du développement dans un environnement Agile et les rituels Scrum Niveau 3•	Connaissance du Test Driven Development  Niveau 3•	Une connaissance de docker, de kubernetes et de Openshift Niveau 3•	Bon mindset et team spirit•	Rigoureux, engagé et passioné.•	Créatif.",N/A,https://senjob.com/sn/jobseekers/developpeur-fullstack_e_161515.html
Data Programme Specialist,N/A,Dakar,"Administration, Services généraux | Organisation non gouvernementale, Association",2026-04-23,2026-05-08,"The primary purpose of the Data Programme Specialist (P4) position is to coordinate the technical implementation of regional statistical harmonization and improvement projects across West and Central Africa. This role involves producing high-quality population data by developing harmonized methodological guides and providing specialized technical assistance to National Statistical Offices for censuses and CRVS systems. Additionally, the Specialist promotes data utilization to inform evidence-based policy dialogue and ensures rigorous monitoring and evaluation to maintain project quality, track key performance indicators, and comply with donor requirements.You would be responsible for:Role DescriptionIn all activities s/he fosters collaboration within the West and Central Africa Regional Office, and with HQ and Country Offices, ensuring the timeliness, adequacy, relevance and quality of substantive outputs. The primary roles of the incumbent are:•	Technical support•	Capacity development•	Evidence and knowledge development and dissemination•	Technical representationKey responsibilities1. Technical Coordination & Harmonization•	Methodological Development: Lead the creation and adaptation of practical guides for census management, digital cartography, data cleaning, and geospatial population modeling.•	Standardization: Align regional statistical production with the Strategy for the Harmonization of Statistics in Africa (SHaSA) to ensure data comparability across the CEMAC and ECOWAS zones.•	Innovation: Oversee the integration of new technologies (GIS, satellite imagery, and mobile data collection) into traditional census and CRVS frameworks.2. Capacity Strengthening & Country Support•	Support census, CRVS and surveys activities, including field enumeration, post-enumeration surveys, and annual vital statistics generation, collaborating with technical consultants and Chief Technical Advisors.•	Organize technical meetings and learning events, including eLearning sessions and in-person seminars, on census and survey design, implementation, and data use for development planning.•	Coordinate GIS capacity strengthening for UNFPA census and survey initiatives in conjunction with HQ and Country Offices.•	Maintain the global database of consultants for technical assistance to National Statistical Offices and provide editorial support for census and survey publications.3. Data Utilization & Policy Advocacy•	Evidence Generation: Support the Regional Initiative on the Centrality of Population (RICoP) by analyzing the interconnections between population dynamics, megatrends, and Sustainable Development Goals (SDGs).•	Stakeholder Engagement: Organize high-level policy dialogues and webinars to foster evidence-based planning and resource allocation among decision-makers.•	Digital Dissemination: Oversee the development and regular updating of national Population Data Portals and the UNFPA Census Tracker to ensure access to key demographic indicators, while also producing policy briefs and monographs.•	Research Monitoring: Stay updated on advancements in census, survey, and geospatial research, providing insights on their relevance to UNFPA programming and identifying statistical gaps.•	Support Initiatives: Monitor Strategic Plan indicators and actively contribute to ICPD-related initiatives, events, and knowledge products.4. Project Management & Reporting•	Monitor Project Performance: Act as the primary focal point for project monitoring and evaluation, ensuring tracking of performance indicators and adherence to funding limits.•	Enhance Data Systems: Collaborate with key stakeholders to improve data systems and provide technical assistance to governments.•	Support Resource Mobilization: Assist WCARO leadership in resource mobilization efforts and serve as a liaison for inter-agency groups focused on census, survey, and geospatial data.•	Facilitate Technical Collaboration: Liaise with UN agencies, academia, and research institutions to address technical issues related to census, surveys, and geospatial data.Qualifications and Experience:Education:  An Advanced Degree in quantitative social sciences, e.g. demography, statistics, populationstudies, economy, sociology, geography, data sciences or related field. PhD desirable.Knowledge and Experience:•	Minimum of 7 years of experience in data systems, including at least 4 years at the international level with increasing technical and managerial responsibilities.•	Experience in managing or coordinating global programs or initiatives with deliverables across multiple countries and regions.•	Technical expertise in utilizing census and survey data for developmental purposes; familiarity with GIS and geospatial analysis of population data is advantageous.•	Exceptional writing, editing, and oral communication skills in English, with additional expertise in related areas of population and development research being desirable.Advanced degree in health, population, demography and/or other related social science discipline.Languages:Fluency in English is required, while proficiency in French is desirable to facilitate effective communication with coordination groups and local organizations in both English-speaking and French-speaking countries within the West and Central Africa region.",N/A,https://senjob.com/sn/jobseekers/data-programme-specialist_e_161514.html
Caissiers(ères),N/A,Dakar,"Comptabilité, Finances, Gestion | Banque, Assurance, Finances",2026-04-23,2026-05-08,Un Restaurant situé à Ouakam cherche 2 Caissiers (ères).Les candidats (es) doivent être âgés(es) entre 25 à 45 ans,N/A,https://senjob.com/sn/jobseekers/caissiers-ères-_e_161512.html
Cuisiniers(es) Restaurant,N/A,Dakar,"Métiers Hôtellerie, Tourisme, Restauration, Loisirs | Tourisme, Hôtellerie, Loisirs, Restauration",2026-04-23,2026-05-08,Un Restaurant situé à Ouakam cherche des cuisiniers.Les candidats (es) doivent être âgés(es) entre 25 à 45 ans,N/A,https://senjob.com/sn/jobseekers/cuisiniers-es--restaurant_e_161511.html
Responsable QHSE en restauration,N/A,Dakar,"Métiers Hôtellerie, Tourisme, Restauration, Loisirs | Tourisme, Hôtellerie, Loisirs, Restauration",2026-04-23,2026-05-08,"Votre missionDans le cadre de notre développement en restauration collective, nous recrutons un(e) Responsable QHSE chargé(e) de garantir la mise en œuvre et le respect des normes Qualité, Hygiène, Sécurité et Environnement au sein de nos unités.Véritable pilier de notre organisation, vous contribuez à la performance opérationnelle et à la satisfaction de nos clients en assurant un haut niveau d’exigence sanitaire et réglementaire.Vos principales responsabilitésQualité & Hygiène•	Garantir l’application des normes HACCP et des bonnes pratiques d’hygiène•	Élaborer et piloter le Plan de Maîtrise Sanitaire (PMS)•	Organiser et superviser les audits internes et externes•	Assurer la traçabilité des denrées et le respect de la chaîne du froid•	Mettre en place des actions correctives et gérer les non-conformités•	Former les équipes aux règles d’hygiène et de sécurité alimentaire•	Suivre les analyses microbiologiquesSécurité•	Veiller au respect des règles de sécurité au travail•	Déployer des plans de prévention des risques•	Organiser les formations (EPI, gestes et postures…)•	Assurer le suivi des incidents et proposer des améliorationsEnvironnement•	Promouvoir les bonnes pratiques environnementales•	Sensibiliser à la réduction des déchets et du gaspillage•	Veiller au respect des réglementations environnementalesManagement & animation•	Développer une véritable culture QHSE auprès des équipes•	Former et accompagner les responsables de site•	Concevoir des supports pédagogiques et outils QHSE•	Représenter l’entreprise auprès des clients (commissions restauration)Votre profil•	Formation Bac+3 minimum en QHSE ou équivalent•	Expérience d’au moins 5 ans, idéalement en restauration collective•	Maîtrise des normes HACCP, ISO 22000, ISO 9001•	Expérience des audits et certifications•	Solides capacités d’analyse, d’organisation et de gestion des risquesVos atouts•	Leadership et capacité à fédérer•	Pédagogie et sens de la transmission•	Rigueur et réactivité•	Exemplarité et sens des responsabilitésConditions•	Poste basé à Dakar•	Déplacements possibles sur le territoire sénégalaisPourquoi nous rejoindre ?Rejoignez une entreprise en pleine croissance, engagée dans une restauration collective de qualité, valorisant les savoir-faire locaux et plaçant la sécurité et la satisfaction client au cœur de ses priorités.",N/A,https://senjob.com/sn/jobseekers/responsable-qhse-en-restauration_e_161510.html
Project Management Specialist,N/A,Dakar,"Direction générale, Management | Organisation non gouvernementale, Association",2026-04-23,2026-05-08,"Under the supervision of the designated OTLs, to conduct Bank’s technical-assistance operations due-diligence, monitor day-to-day technical-assistance operations management activities, and carry out day-to-day development-project operations management activities (under specific portfolio, particularly Energy sector) under the guidance of Project Team within approved costs, timeliness and quality, to ensure efficient execution of the bank’s mandate to support economic development in the associated member and non-member countries.Responsible for day-to-day communication, monitoring and implementation support to the project management units and executing agencies; supervision of project contract management and resources; preparation of implementation reports to the bank management, and proactive mitigation of project implementation issues. In addition, provide support in project preparation and appraisal, portfolio quality review, procurement review, and disbursement processes. Contribute to knowledge management agenda by identifying lessons learned from the projects.Key accountabilitiesProject Appraisal:•	Provide technical and professional support to the Operations Team Leader or lead when assigned, the pipeline development and preparation of project appraisals and comprehensive due diligence of the technical, financial, procurement, institutional, economic, social and environmental aspects of the project proposals ensuring the same are in line with the operations manual and applicable policies/procedures of the Bank.•	Liaise with the respective Sector Teams in CPO to further refine and enhance the project appraisal documents prior to submission for the Board approval.Project Implementation and Monitoring:•	Coordinate with the respective Operations Team Leader, in all aspects of the project implementation to ensure projects are completed as per the project charter/plan.•	Lead the preparation of periodic project implementation assessment and support reports for each project under the portfolio to ensure implementation issues and proposed actions are documented as a reference and for smooth execution.•	Maintain adequate, up-to-date, and accurate project information and key records in the bank’s operations management system.•	Assess implementation progress of Bank’s approved operations and provide feedback/recommendations on bank’s position to relevant authorities/stakeholders.•	Contribute to maintenance of project implementation plans to ensure ongoing monitoring of project progress, pro-active identification of issues, recommendation and implementation of action plans to resolve issues promptly.•	Review implementation quality and progress of Bank’s approved operations and provide recommendations for improvements to the relevant authorities/stakeholders.•	Provide inputs to the Procurement and Financial Management staff to ensure procurement of materials and disbursal of funds for the projects are in line with the policies of the Bank.•	Monitor contracts and financial management activities of the projects and provide recommendations on bank’s position to relevant authorities/stakeholders.Project Closure and Review:•	Provide inputs to the Task Team Leader or lead as assigned in the development of project completion reports, at the completion of each project•	Compile inputs for the Sectoral Teams in CPO ensuring lessons learnt during the project implementation are recorded as reference for the future projects.General Project Management:•	Provide inputs to Operations Team Leader during the operational cycle of the projects to ensure necessary operational policies and procedures are followed and improvements suggested are being implemented.•	Support Operations Team Leader in engaging external expertise according to the bank’s procurement policy, to complement internal resources, ensuring quality project due diligence, implementation and lessons mining.Job requirementsBachelor’s degree in Engineering, Environmental Science, Economics, Project Management, or related fields in the Energy sector.Additional qualification or certification in Project Management/PMP would be desirable.Minimum 5 years of experience in project management, preferably in the development sector with an MDB or an International NGO.Languages: English: Mandatory l French: Mandatory",N/A,https://senjob.com/sn/jobseekers/project-management-specialist_e_161509.html
CAISSIER H/F,N/A,Dakar,"Assistanat, secrétariat, Accueil | Tourisme, Hôtellerie, Loisirs, Restauration",2026-04-03,2026-04-30,"La Pâtisserie Kanel, reconnue pour ses douceurs artisanales et son accueil chaleureux, recherche une caissière à mi-journée pour rejoindre son équipe conviviale et passionnée ?- Votre mission :Accueillir les clients avec sourire et professionnalismeAssurer les encaissements avec rigueur et rapiditéConseiller les clients sur nos produits avec un esprit commercialVeiller à la bonne gestion de la caisse et au suivi des ventes- Profil recherché :Dynamique, souriante et dotée d’un excellent sens du relationnelAisance commerciale et goût pour le contact clientSens de l’organisation et bonne gestion des prioritésSérieuse, ponctuelle et fiable- Conditions :Poste à mi-journéeCadre de travail agréable au sein d’une équipe passionnée-Si vous aimez le contact humain et souhaitez évoluer dans un environnement gourmand et chaleureux, envoyez-nous votre candidature !",N/A,https://senjob.com/sn/jobseekers/caissier-h-f_e_161192.html
CHEF PATISSIER H/F,N/A,Dakar (seneg...,"Métiers Hôtellerie, Tourisme, Restauration, Loisirs | Tourisme, Hôtellerie, Loisirs, Restauration",2026-04-03,2026-04-30,"Chez Kanel, nous sommes dans une phase clé : structurer notre production pour garantir un niveau de qualité constant, tout en accompagnant notre croissance.Dans ce contexte, nous ouvrons un poste de Chef Pâtissier avec un rôle central dans l’organisation de la production et l’encadrement des équipes.Au-delà de la technique, nous recherchons surtout une personne capable d’apporter de la rigueur, de la stabilité et une vraie exigence au quotidien.C’est un poste pour quelqu’un qui aime construire, organiser et faire progresser une équipe dans un environnement en évolution.",N/A,https://senjob.com/sn/jobseekers/chef-patissier-h-f_e_161191.html
"Agent QHSE – Qualité, Hygiène, Sécurité, Environnement",N/A,Dakar (seneg...,"Qualité, Sécurité, Environnement | BTP, Construction, Immobilier, Urbanisme, Archi.",2026-04-15,2026-04-29,"Secteur : Bâtiment et Travaux Publics (BTP)2. Rattachement hiérarchiqueL’Agent QHSE est placé sous l’autorité du Directeur Technique ou du Responsable QHSE.Il travaille en collaboration avec :• Les conducteurs de travaux• Les chefs de chantier• Les équipes techniques• Les sous-traitants3. Mission principaleL’Agent QHSE est chargé de veiller au respect des règles de Qualité, Hygiène, Sécurité etEnvironnement sur les chantiers et au sein de l’entreprise.Il contribue activement à la prévention des risques professionnels, à la réduction desaccidents de travail et à l’amélioration continue des pratiques de sécurité.4. Activités principales• Veiller au respect des règles de sécurité sur les chantiers.• Contrôler l’application des procédures QHSE de l’entreprise.• Identifier les situations dangereuses et proposer des actions correctives.• Sensibiliser et former les équipes aux règles de sécurité.• Participer aux audits internes et contrôles réglementaires.• Mettre en place des actions d’amélioration continue.5. Missions opérationnelles sur chantier• Réaliser des inspections régulières de sécurité sur les chantiers.• Vérifier le port des Equipements de Protection Individuelle (EPI).• Contrôler les installations de chantier.• Participer aux réunions de chantier relatives à la sécurité.• Mettre en place les procédures de prévention des risques.• Organiser des causeries sécurité avec les équipes.• Accueillir et sensibiliser les nouveaux arrivants aux règles de sécurité.6. Gestion documentaire QHSE• Participer à l’élaboration et à la mise à jour du PPSPS (Plan Particulier de Sécurité et deProtection de la Santé).• Tenir à jour les registres de sécurité.• Rédiger les rapports d’inspection et de contrôle.• Mettre à jour les procédures et consignes QHSE.7. Analyse des incidents et accidents• Participer aux enquêtes après accident du travail.• Identifier les causes et proposer des mesures correctives.• Suivre la mise en oeuvre des actions de prévention.8. Responsabilités environnementales• Veiller au respect des règles environnementales sur les chantiers.• Participer à la gestion des déchets de chantier.• Sensibiliser les équipes aux pratiques respectueuses de l’environnement.• Réduire l’impact environnemental des activités de chantier.9. Objectifs du poste• Réduction du nombre d’accidents de travail.• Amélioration du respect des règles de sécurité sur les chantiers.",N/A,"https://senjob.com/sn/jobseekers/agent-qhse-–-qualité,-hygiène,-sécurité,-environnement_e_161371.html"
Commercial Terrain,N/A,Dakar,"Commercial, Vente, Business developpement | Distribution, Commerce, Import-Export",2026-04-23,2026-04-28,"PROPOS DE NAK’ALANak’ala est une entreprise agroalimentaire sénégalaise fondée en 2022 à Dakar.Nous construisons une marque alimentaire moderne, ambitieuse et profondément gourmande.Notre obsession : le goût.Nous créons des produits incomparablement bons, puis nous les rendons intelligents (riches en protéines, faibles en sucre).Aujourd’hui, Nak’ala est distribuée en grande distribution et en CHR et connaît une forte croissance.OBJECTIF DU STAGELe/la Stagiaire Commercial(e) Terrain participera activement au développement de la présence de Nak’ala dans les points de vente à Dakar.Ce stage est une immersion complète dans le développement commercial d’une marque en croissance.MISSIONSProspection & Développement•	Accompagner la prospection de nouveaux points de vente•	Participer aux rendez-vous commerciaux•	Contribuer à l’ouverture de points de venteSuivi terrain•	Participer aux tournées commerciales•	Vérifier la mise en rayon et la disponibilité des produits•	Aider au suivi des réassorts•	Collecter les retours clients•	Assurer une veille de la concurrence enseignes et fournisseursAnalyse & Reporting•	Aider au suivi des ventes•	Participer à l’analyse des performances•	Remonter les informations terrain•	Produire les reporting d’activitésOBJECTIFS DU STAGE•	Contribuer à l’ouverture de nouveaux points de vente•	Participer à l’augmentation du chiffre d’affaires•	Développer une compréhension concrète du commerce terrain sur le canal formelPROFIL RECHERCHÉ•	Étudiant(e) en commerce, gestion ou marketing•	Dynamique, motivé(e) et orienté(e) résultats•	À l’aise sur le terrain•	Bon relationnel•	Envie d’apprendre vite et de prendre des responsabilités•	Permis de conduire appréciéCE QUE NOUS OFFRONS•	Une expérience terrain concrète•	Un apprentissage rapide du développement commercial•	Une immersion dans une startup ambitieuse•	Possibilité d’embauche à l’issue du stage selon performance",N/A,https://senjob.com/sn/jobseekers/commercial-terrain_e_161508.html
Télétravail - placement auprès d'entreprises internationales,N/A,Dakar,"Assistanat, secrétariat, Accueil | Commercial, Vente, Business developpement | Internet, SSII, Digital | Organisation non gouvernementale, Association | Tourisme, Hôtellerie, Loisirs, Restauration | Communication, Marketing, Médias",2026-03-30,2026-04-29,"Rejoignez notre programme de formation intensive et soyez placé chez des clients internationaux. Nous vous formons aux meilleures pratiques du télétravail, puis vous mettons en relation avec des entreprises recherchant des talents bilingues français-anglais.Éligibilité : • Basé au Sénégal avec autorisation de travail • Maîtrise ou aisance en français et en anglais • Connexion Internet fiable et équipement pour télétravailDomaines : administration, expérience client, finances, ventes et marketing, gestion de projet.Postes à temps plein, à temps partiel et pour les freelancesFormation et placement gratuits ! Première formation : mai 2026.Postulez sur www.moyatalent.com",N/A,https://senjob.com/sn/jobseekers/télétravail---placement-auprès-d-entreprises-internationales_e_161106.html
Opérateur SCADA,N/A,Dakar,"Maintenance, Entretien, Contrôle | Industrie Automobile, Mecanique, Navale",2026-04-22,2026-05-07,"Responsabilités•	Veiller au respect strict des consignes de sécurité et des standards de qualité de l’eau produite.•	Surveiller en temps réel les paramètres de fonctionnement de l’usine sur les écrans de contrôle : pressions, débits, niveaux, conductivité, pH, etc.•	Opérer les équipements (démarrage/arrêt des pompes, ajustement des vannes, régulation des dosages chimiques) via l’interface SCADA pour maintenir les performances optimales du processus.Profil requis•	BTS/DUT en Contrôle Industriel et Régulation Automatique (CIRA), Électrotechnique, Maintenance Industrielle, ou expérience équivalente significative.•	Expérience de 3 à 5 ans minimum sur un poste similaire, de préférence dans une centrale électrique ou un environnement industriel à processus continu.•	Habilitations requises : Des habilitations électriques (par ex. B1V, BR) seraient un atout.",N/A,https://senjob.com/sn/jobseekers/opérateur-scada_e_161507.html
Référent(e) Bailleurs Desk 3,N/A,Dakar,"Administration, Services généraux | Organisation non gouvernementale, Association",2026-04-22,2026-05-07,"ObjectifsLe ou la Référent·e Bailleurs est la référente technique directe pour les Responsables/Chargés Relations Bailleurs travaillant dans le pays d’intervention du Desk 3.Activités principalesLe ou la Référent·e Bailleurs est responsable de la gestion des financements pour les pays du Desk 3, en appui technique aux Responsables/Chargés Relations Bailleurs pays.  Il·Elle est amenée à effectuer des missions terrain régulières en fonction des besoins identifiés sur chaque mission.Appuyer les Chargés de Support aux Opérations à produire des notes conceptuelles et des propositions de qualité conformément à la stratégie opérationnelleLe ou la Référent·e Bailleurs participe et conseille l’équipe de coordination sur l’élaboration du projet et la stratégie du programme. Il·Elle appuie les Responsables/Chargés Relations Bailleurs Pays dans la rédaction des notes conceptuelles solides et des propositions à l’intention des bailleurs. Il·Elle révise, commente, corrige et valide les notes conceptuelles et les propositions pour s’assurer qu’elles comprennent une bonne analyse technique et opérationnelle, qu’elles démontrent une connaissance du contexte et des risques, qu’elles présentent une vision stratégique solide et qu’elles soient conformes au budget et aux directives des bailleurs. Au besoin, il·elle rédige une note conceptuelle ou participe à la rédaction.Superviser la gestion des contrats de financement et les exigences contractuelles et fournir des conseils techniquesLe ou la Référent·e Bailleurs fournit des informations et conseille le desk et les équipes pays en ce qui concerne la réglementation des bailleurs et les exigences contractuelles et participe à l’analyse des éventuels risques financiers liés aux contrats. Il·Elle soutient les Responsables/Chargés Relations Bailleurs Pays pour s’assurer que les engagements envers les bailleurs sont respectés. Il·Elle doit être capable de proposer des modifications contractuelles aux bailleurs si les plans opérationnels sont modifiés.Appuyer et superviser la rédaction de rapports narratifs à l’intention des bailleurs et des partenaires.Le ou la Référent·e Bailleurs appuie et supervise les Responsables/Chargés Relations Bailleurs Pays dans l’élaboration des rapports narratifs. Les Responsables/Chargés Relations Bailleurs Pays sont responsables de la rédaction et de l’élaboration des rapports narratifs, conformément aux exigences contractuelles, ils garantissent également un suivi et une analyse opérationnelle solide. Le ou la Référent·e Bailleurs travaille avec l’équipe opérationnelle pour rédiger un rapport précis, détaillé et clair, selon les exigences et le format des bailleurs et dans les délais.Assurer la recherche de financementsLe ou la Référent·e Bailleurs appui les Responsables/Chargés Relations Bailleurs Pays et le Service Bailleurs à Dakar dans la recherche de nouvelles opportunités de financement. A ce titre il·elle doit s’assurer d’avoir une bonne connaissance des opérations d’ALIMA et du contexte humanitaire. Il·Elle doit également maîtriser les stratégies et processus des bailleurs finançant ou non ALIMA.Entretenir des relations avec les bailleursLe ou la Référent·e Bailleurs contribue à entretenir des relations avec les bailleurs, de fournir des informations régulières sur les opérations en cours et de maintenir un dialogue ouvert tout au long de l’année. Pendant les mois de négociation des contrats de financement, il·elle est responsable du suivi de la négociation à chaque étape et peut prendre en charge la négociation si nécessaire (de l’équipe de coordination sur le terrain ou du Responsable de Programmes Desk) ; il·elle assure également la relation avec les bailleurs en ce qui concerne la gestion des contrats de financement, y compris les exigences contractuelles, en coordination avec l’équipe du Desk et pays.Mise en œuvre des mesures de prévention contre les abus de pouvoir, les violences sexistes et sexuellesLe ou la Référent·e Bailleurs participe aux formations et séances de sensibilisation qui sont organisées. Il·Elle a une parfaite connaissance des obligations bailleurs en matière de protection contre l’exploitation et les abus sexuels. Il·Elle s’assure que ces éléments sont suivis et figurent dans toutes les propositions de projet et les rapports. Il·Elle contribue à créer et maintenir un environnement épanouissant et protecteurProfil recherché•	3 ans minimum dans la gestion des contrats de financement et la rédaction des rapports à l’intention des bailleurs, dans un contexte humanitaire et dans le cadre d’un projet ou programme.•	Connaissance des processus et des règles des principaux bailleurs de fonds (ECHO, BHA, CDCS, DUE, AFD, UN…)•	Bonne compréhension des projets santé et nutrition•	Expérience dans l’accompagnement et la formation des Responsables/Chargés Relations Bailleurs Pays•	Excellente expression écrite et orale en français et anglais obligatoire, en arabe est un atout",N/A,https://senjob.com/sn/jobseekers/référent-e--bailleurs-desk-3_e_161506.html
Chargé(e) du suivi budgétaire,N/A,Dakar,"Comptabilité, Finances, Gestion | Banque, Assurance, Finances",2026-04-22,2026-05-07,"Présente sur le marché depuis juillet 2016, la SODECA (Société d’Embouteillage Casamançaise) est une entreprise de production d’eau minérale et de jus naturels dont les marques sont la « Casamançaise » et la « Casamançaise le Jus ». Son siège est basé au Cap Skirring, en basse Casamance.Comme tous les produits de la Casamance, réputés être de qualité (mangue, miel, huile de palme, etc.), nos produits bénéficient également de ce label « qualité ».La SODECA SAU est à la recherche d’un (e) Chargé(e) du suivi budgétaire.Descriptif du poste•	Lieu de travail : Cap Skirring•	Type de contrat : CDD•	Rémunération : à négocier selon profil.MissionsDans le cadre de notre développement, nous recrutons un (e) Chargé(e) du suivi budgétaire. Sous la responsabilité du Contrôleur permanent, vous aurez comme responsabilité d’assurer le suivi, l’analyse et l’optimisation du budget de l’organisation afin de garantir une gestion financière rigoureuse et efficace.ActivitésÉlaboration du budget annuel•	Recueillir les besoins financiers auprès des différents départements.•	Consolider les prévisions en tenant compte des objectifs stratégiques de l’entreprise.•	Présenter le budget à la direction et assurer sa validation.Suivi et pilotage budgétaire•	Mettre en place des outils de suivi (tableaux de bord, logiciels de gestion).•	Contrôler régulièrement l’évolution des dépenses et des recettes.•	Produire des rapports périodiques pour informer la direction de l’état d’avancement.Analyse des écarts•	Comparer les réalisations avec les prévisions budgétaires.•	Identifier les causes des écarts (dépenses imprévues, sous-estimation des coûts, variations de revenus).•	Rédiger des analyses claires et proposer des explications aux responsables concernés.Proposition d’actions correctives•	Définir des mesures pour réduire les coûts ou optimiser les ressources.•	Collaborer avec les services opérationnels pour mettre en œuvre les ajustements.•	Suivre l’impact des actions correctives sur la performance financière.Fiabilité des données financières•	Vérifier la cohérence et l’exactitude des informations transmises par les services.•	Garantir la conformité des données avec les normes comptables et les procédures internes.•	Assurer la transmission d’informations fiables et pertinentes à la direction pour faciliter la prise de décision.Compétences•	Excellente maîtrise des outils de gestion budgétaire et de reporting (Excel, ERP odoo, BI).•	Solides compétences en analyse financière et contrôle de gestion.•	Capacité à interpréter les données et à formuler des recommandations stratégiques.•	Rigueur, sens de l’organisation et esprit critique.•	Bonnes aptitudes de communication pour interagir avec les différents services.•	Savoir travailler en équipe•	Avoir un maximum d’autonomie et principalement orienté vers les objectifs et une bonne adaptabilité•	Avoir un esprit professionnelProfil recherché•	Bac+4/5 en finance, comptabilité, contrôle de gestion ou équivalent.•	Expérience confirmée en contrôle budgétaire ou en gestion financière.•	Connaissance des normes comptables et des pratiques de gestion budgétaire.",N/A,https://senjob.com/sn/jobseekers/chargé-e--du-suivi-budgétaire_e_161505.html
Coordinateur(trice) logistique,N/A,Dakar,"Achat, Supply Chain, Logistique, Transport | Transport, Logistique, Services postaux",2026-04-22,2026-05-07,"Présente sur le marché depuis juillet 2016, la SODECA (Société d’Embouteillage Casamançaise) est une entreprise de production d’eau minérale et de jus naturels dont les marques sont la « Casamançaise » et la « Casamançaise le Jus ». Son siège est basé au Cap Skirring, en basse Casamance.Comme tous les produits de la Casamance, réputés être de qualité (mangue, miel, huile de palme, etc.), nos produits bénéficient également de ce label « qualité ».La SODECA SAU est à la recherche d’un (e) Chargé(e) du suivi budgétaire.Descriptif du poste•	Lieu de travail : Cap Skirring•	Type de contrat : CDD•	Rémunération : à négocier selon profil.MissionsDans le cadre de notre développement, nous recrutons un(e) coordinateur(trice) logistique. Sous la responsabilité du Responsable logistique, vous aurez comme responsabilité de coordonner la fluidité quotidienne des flux des matières premières et des produits finisActivités•	Appliquer et ajuster les plans d’approvisionnement en matières premières pour coller au planning de la production•	Assurer la liaison quotidienne entre la production, les achats et le commercial pour garantir la disponibilité des produits•	Organiser les expéditions, sélectionner les solutions de transport adaptées et suivre les livraisons (respect des délais et des coûts négociés)•	Monitorer les niveaux de stocks de stock en temps réel, analyser les écarts et anticiper les ruptures en fonction des prévisions de ventes•	Mettre à jour les tableaux de bord logistiques (taux de service, fiabilité des stocks, délais de livraison) et proposer des actions correctives•	Coordonner les mouvements entre l’usine et les entrepôts•	Superviser rigoureusement la rotation des stocks (méthode FEFO) et assurer la traçabilité complète des matières premières et produits finis•	Gérer les anomalies de réception, les retours clientsCompétences•	Avoir un niveau d’étude supérieur (Bac + 5)•	Avoir une expérience d’au moins 5 ans dans l’industrie agroalimentaire•	Esprit professionnel•	Avoir un maximum d’autonomie et principalement orienté vers les objectifs et une bonne adaptabilité•	Maîtriser l’outil informatique pour faire ses reporting•	Savoir travailler en équipe•	Être travailleur, sérieux, intègre, rigoureux et organisé",N/A,https://senjob.com/sn/jobseekers/coordinateur-trice--logistique_e_161504.html
Comptable CI,N/A,Dakar,"Comptabilité, Finances, Gestion | Banque, Assurance, Finances",2026-04-22,2026-05-07,"Votre mission :Rattaché(e) au Directeur Administratif et Financier, vous êtes en charge de la tenue comptable complète des opérations de deux filiales ivoiriennes du groupe.Localisation : Dakar, SénégalProfil recherché :•	Diplômé(e) en Comptabilité, Finance, Audit (Bac+3 à Bac+5)•	Expérience confirmée d’au moins 5 ans dans un poste similaire, idéalement dans un environnement industriel ou agroalimentaire•	Parfaite maîtrise du SYSCOHADA révisé, des normes comptables locales, et des logiciels comptables (SAGE, SAARI, etc.)•	Solide compréhension des règles fiscales et sociales en Côte d’Ivoire•	Rigueur, discrétion, autonomie, sens de l’organisation•	Bonne capacité de communication et d’interaction avec les autres services (opérations, ventes, RH…)",N/A,https://senjob.com/sn/jobseekers/comptable-ci_e_161503.html
Agents distributeur,N/A,zone rural...,"Marketing, Communication | Services et Prestations aux Entreprises | Distribution, Commerce, Import-Export",N/A,N/A,"A propos de nous :SamaMbey SUARL est une entreprise sociale évoluant dans le domaine agricole.Nous intervenons dans de nombreuses régions du Sénégal. Sama Mbey vise à améliorer les conditions de vie des petits producteurs en milieu rural et veut les aider à sortir de la pauvreté.Chez SamaMbey les petits agriculteurs peuvent se financer s'ils ont le bon outil pour payer petit à petit en avance pour les intrants. Notre vision et objectif à travers notre Étoile polaire sont de travailler avec 1 million de petits producteurs à l’horizon 2026. En plus, SamaMbey Suarl s’engage dans le domaine du développement communautaire en menant  des actions de sensibilisation en nutrition, santé et hygiène.Intitulé du poste :Agent distributeurLocalisation :La prestation se déroulera en milieu rural, dans les zones d'intervention de Sama Mbey, réparties sur trois régions administratives du Sénégal : Matam  Bakel, Hamady Ounare, Matam, Thilogne Kolda    Dabo, Bourocco,Kounkane, Médina Yoro Foula, Tanaff, Vélingara Sédhiou / Ziguinchor Bignona, Bounkiling, Diattacounda, Marsassoum, Médina WandifaNombre de postes:36Type de contrat:Prestation de serviceRôles et responsabilitésLes agents distributeurs auront pour missions :1. VENTE & MOBILISATION- Développement commercial- Assister l'équipe de vente dans l'atteinte des objectifs de paquets finis- Réviser l'outil « Constitution de paquet 2026 » pour le maîtriser- Organiser les intrants selon l'outil de déchargement/chargement- Préparer des lots de paquets en avance- Assister à la formation distributeur organisée par le FC de la zone- Expliquer le contenu de chaque paquet au client- S'assurer que chaque client confirme avoir reçu 100 % des éléments inclus dans son paquet livré- Organiser les intrants restants pour assurer le chargement rapide du camion- Appuyer le chargement des intrants restants- Prospecter activement de nouveaux clients et fidéliser les producteurs existants2. LIVRAISON & SUIVI LOGISTIQUE- Gestion opérationnelle des livraisons- Être présent sur le site de livraison du début à la clôture.- Remplir les bordereaux de livraison.- Effectuer le décompte des paquets en début et fin de journée, et reporter les chiffres sur le bordereau.Cette liste n’est pas exhaustive, ces activités peuvent être adaptées aux besoins spécifiques de Sama Mbey, ainsi qu’aux objectifs et ressources disponibles.Compétences requises1. SAVOIR-FAIRE (Compétences techniques)- Expérience en vente et mobilisation communautaire en milieu rural.- Capacité à gérer des opérations logistiques (décomptes, bordereaux).- Connaissance du secteur agricole  (un atout).2. SAVOIR-ÊTRE (Qualités personnelles)- Force de persuasion : Capacité à convaincre les producteurs et motiver les VEs.- Rigueur et organisation : Respect strict des procédures de livraison et de reporting.- Autonomie et réactivité : Capacité à travailler en zone rurale avec des contraintes logistiques.- Esprit d’équipe : Collaboration étroite avec les VEs et le staff Sama Mbey.Autres compétences souhaitées:- Flexible : Sama Mbey est une organisation en pleine croissance qui se caractérise par des changements réguliers;- Humble : la personne est capable de partager ses connaissances tout en étant à l'écoute des défis des producteurs;- Efficace et proactif: la personne sait faire preuve d’autonomie et de créativité afin d’organiser ses activités;- Orienté vers l’action : la personne sait analyser les données et interpréter les chiffres afin de proposer et de développer des actions;- Ouvert aux retours constructifs.Le candidat idéal doit:- Avoir une expérience professionnelle antérieure dans le domaine du coaching/développement des compétences;- Être originaire de la zone pour laquelle il postule (myAgro recrute à travers plusieurs zones);Profil recherché- Minimum niveau Bac avec une expérience probante en agronomie, en développement communautaire ou dans un autre domaine connexe;- 1 an d’expérience prouvée et vérifiée en tant que agent de terrain;- Capacité à se focaliser sur l’atteinte des résultats;- Excellentes compétences en communication et en travail d’équipe,- Maîtrise orale et écrite, en français et wolof, mandingue, poular (selon la zone);- La connaissance d’autres langues locales est considérée un atout;- Maîtrise de l’outil informatique.Sama Mbey est un employeur garantissant l'égalité des chances. Nous célébrons la diversité et nous nous engageons à créer un espace inclusif permettant à tous les employés de se sentir valorisés pour leurs compétences, leurs expériences et leur point de vue unique. Sama Mbey offre des opportunités d'emploi égales à tous les employés et candidats sans distinction de race, de couleur, de religion, d'orientation sexuelle, de statut matrimonial/parental, d'origine nationale, d'âge, de handicap, d'opinion politique, de statut social, de statut d'ancien combattant, de génétique ou de toute autre base protégée par la loi applicable.",N/A,https://senjob.com/sn/jobseekers/agents-distributeur_e_161306.html
04 Assistant(e)s Techniques SAME (MATAM),N/A,matam,"Administration, Services généraux | Qualité, Sécurité, Environnement | Ingénierie, Etudes, Projets, Recherche | Organisation non gouvernementale, Association | Energie, Eau, Environnement",N/A,N/A,"NOM Assistant (e) technique ClimateRiceRÔLE Assistant.e TechniquesNIVEAU DE CONTRIBUTION V7MISSION SénégalBASE MatamDOMAINE Production /Mise en œuvre de projetsDEPARTMENT Mise en œuvre Projets MissionsCATÉGORIE PROFESSIONELLE Assistants(es) / Adjoints terrainACCOMPAGNÉ(E) NonGESTION D'ÉQUIPE NonBUDGET SNDKF0X0 - Dakar. Finanzas MisionesSUPERVISEUR  Chef de projetEXPLICATION DE CONTEXTEAction Contre la Faim met en œuvre au Sénégal des programmes visant à renforcer la résilience des communautés face à l’insécurité alimentaire, en intégrant de plus en plus les enjeux liés au changement climatique et à la durabilité des systèmes de production. Dans ce cadre, le projet ClimateRice vise à promouvoir des pratiques de riziculture durable dans la vallée du fleuve Sénégal, notamment à travers le développement du Système de Riziculture Intensive (SRI), permettant d’améliorer la productivité tout en optimisant l’utilisation de l’eau et en réduisant les émissions de gaz à effet de serre.Le projet s’inscrit également dans une approche innovante visant à explorer et développer des mécanismes de financement climatique, en particulier les crédits carbones, en partenariat avec des acteurs techniques et institutionnels tels que la SAED et CarbonFarm. Cette phase pilote constitue une étape clé pour tester la faisabilité technique et opérationnelle de ces approches, avec une perspective de mise à l’échelle à plus grande échelle en cas de résultats probants.ACCIÓN CONTRA EL HAMBRERÉSUMÉ DE JOB PROPOS GÉNÉRALL’Assistant(e) Technique appuie la mise en œuvre du projet Climate Rice en accompagnant les producteurs et productrices dans l’adoption des pratiques du Système de Riziculture Intensive (SRI), notamment les techniques de gestion optimisée de l’eau (AWD).Il/elle contribue au changement de pratiques agricoles à travers un appui technique de proximité et favorise l’engagement des acteurs communautaires. En collaboration avec le/la Chef(fe) de Projet, il/elle assure la collecte et la transmission des données du projet, notamment dans le cadre du système de suivi, rapportage et vérification (MRV).Il/elle travaille en lien étroit avec les partenaires (SAED, ANCAR, collectivités, organisations de producteurs) afin de garantir une mise en œuvre efficace et coordonnée du projet.FONCTIONS ET RESPONSABILITÉS PRINCIPALESObjectif 1: Assurer la représentation d’ACF auprès des partenaires locauxParticiper aux réunions de coordination avec les partenairesAssurer une collaboration étroite avec les acteurs communautaires et institutionnelsSensibiliser les producteurs et productrices aux objectifs du projet et favoriser leur adhésionPromouvoir la participation active des femmes et des jeunesObjectif 2: Assurer l’accompagnement technique des producteurs et productrices de riz• Participer à l´identification des producteurs et productrices et appuyer la formalisation des accords de participation au projet• Former et accompagner les producteurs sur les pratiques du SRI (repiquage, gestion de l’eau/AWD, fertilisation, etc.)• Assurer le suivi régulier des parcelles et appuyer la mise en œuvre des activités• Contribuer à la planification et à l’exécution des activités communautaires• Superviser les producteurs et productrices dans l’adoption de bonnes pratiques culturales du SRI (Planage, Semis, repiquage, désherbage, épandage d’amendement organique, gestion de la lame d’eau…)• Participer aux actions de sensibilisation sur la pratique SRI (radios, sessions communautaires)• Anticiper tout problème lié à la mise en œuvre des activités sur le terrain et participer à l´identification de solutions dans les meilleurs délaisObjectif 3 :Appuyer le Suivi, l’évaluation et capitalisation du projet Asurer le suivi opérationnel des activités et la mise à jour des plannings d’activités ;• Contribuer à la qualité, la collecte, la transmission des données (MRV) et l’archivage Participer au reporting (hebdomadaire, mensuel)• Appuyer le système de suivi-évaluation en lien avec le MEAL Officer Participer aux réunions de projet et aux cadres de concertation  *• Contribuer à la mise en place du mécanisme de redevabilité communautaire Réaliser toute autre tâche demandée par le management du projet.PROCESS MP2.1-P3 - ExecutionBESOINS DU POSTE COMPÉTENCESTravail en équipe Motivation Organisation et planification Communication efficace et synthèse Capacité d'analyse Négociation Orientation aux résultats Analyse et résolution des problèmes/conflitsCOMPÉTENCES, CONNAISSANCES ET AUTRES REQUIS-Bac +3/4 en Agronomie, Génie Rural, développement communautaire, Climatologie, Changement Climatique et Développement Durable, Economie Rurale, Environnement ou toute autre discipline équivalente.-Au moins 2 à 3 ans d’expérience dans la mise en œuvre ou l’animation de projets de développement, notamment dans les domaines de la sécurité alimentaire, du développement rural, du changement climatique ou des activités génératrices de revenus-Titulaire d’un permis pour la conduite de moto (obligatoire)-Bonne compréhension du cycle de gestion de projet.-Des enjeux liés au genre et au changement de pratiques (approches comportementales)  y-Bonne capacité de communication, d’animation et de facilitation communautaire-Bonnes capacités d’analyse et de rédaction ;-Maîtrise des outils informatiques et bureautique.-La maitrise des outils numériques de collecte de données est un atout-Connaissance des organisations paysannes et des dynamiques communautaires-Connaissance des principes d’agroécologie et des systèmes agricoles irrigués (idéalement riziculture)-Expérience dans un projet agricole, idéalement en lien avec la riziculture-Expérience en formation, accompagnement et encadrement de producteurs ou d’équipes multidisciplinaires et dans l’accompagnement des organisations paysannes ou faitières-Expérience dans des projets impliquant un changement de pratiques (agricoles ou communautaires)-Expérience de travail dans la région de Matam ou dans un contexte similaire-Bonne capacité d’organisation, de planification et sens de la rigueur-Capacité d’adaptation et flexibilité dans un environnement de travail dynamique.-Aptitude à travailler en équipe et à contribuer à un bon climat de travail-Capacité à travailler de manière autonome, avec esprit d’initiative-Bonne résistance au stress et capacité à gérer la pression ;-Capacités de communication, de médiation et de résolution de conflits-Capacité à évoluer dans un environnement multiculturel et multidisciplinaire-Intérêt pour l’apprentissage continu et le renforcement de ses compétencesENGAGEMENTS ENVERS L'ÉGALITÉ DES GENRES ET LA TOLÉRANCE ZÉRO AUX ABUSLe/la titulaire du poste est tenu(e) d’adopter un comportement conforme aux principes éthiques de l’organisation, de signaler toute situation de risque ou de violation et de contribuer à la création d’un environnement de travail sûr, respectueux et inclusif.",N/A,https://senjob.com/sn/jobseekers/04-assistant-e-s-techniques-same--matam-_e_161530.html
Chargé de communication,gmail,SALY (MBOU...,"Marketing, Communication | Organisation non gouvernementale, Association | Communication, Marketing, Médias",N/A,N/A,"À propos de nousL’association ALEFS intervient à SALY / MBOURl dans les domaines de l’éducation et de l’accompagnement des enfants et des femmes vulnérables.Forte de plusieurs années d’engagement et d’actions concrètes sur le terrain, ALEFS souhaite aujourd’hui renforcer sa communication pour :-mieux valoriser ses actions,-développer sa visibilité,-structurer ses outils,-et préparer des partenariats avec des acteurs institutionnels.Le posteNous recrutons un(e) Chargé(e) de communication opérationnel(le) capable de produire, organiser et diffuser les contenus de communication de l’association.-Il s’agit d’un poste très concret, orienté action, avec un impact direct sur la visibilité de l’association.-Vos missions-Communication quotidienne (priorité)Mettre à jour le site internet (WordPress)Rédiger des articles à partir des activités terrainAnimer les réseaux sociaux (Facebook, Instagram, TikTok)Élaborer et suivre un calendrier éditorialCréer des visuels simples (Canva)Réaliser de courtes vidéos (30 à 90 secondes)Participer à la diffusion d’une newsletter trimestrielleOrganiser les contenus (photos, vidéos, documents)-Objectif: remettre en place une communication régulière, structurée et fiable-Structuration des supports-Harmoniser les documents institutionnels (plaquette, supports, etc.)-Organiser une banque d’images et de vidéos-Mettre en forme les rapports d’activité-Appuyer la rédaction de projets et dossiers-Adaptation des contenusVous adaptez la communication selon les publics :Parrains et bénévolesDonateursGrand publicFuturs bénévoles / stagiairesPartenaires institutionnels-Profil recherchéIndispensable :Expérience antérieure de 5 ans en entreprise ou associationExcellente rédaction en françaisBonne maîtrise des réseaux sociauxConnaissance de WordPressMaîtrise de Canva (ou équivalent)Capacité à faire des montages vidéo simplesOrganisation, autonomie et rigueurBonne maîtrise des outils bureautiquesAtouts supplémentaires :Expérience dans une ONG ou associationConnaissance du contexte sénégalaisSensibilité aux enjeux sociauxMaîtrise de DropboxNotions d’anglais-Conditions-CDD de 6 mois renouvelable-Temps plein privilégié (¾ temps partiel possible)-Télétravail partiel avec présence à Saly (minimum 2 jours/semaine)-Rémunération selon profil et expérience-Évaluation à 6 mois-Pourquoi rejoindre ALEFS ?Un poste utile et concret, avec un impact directUne association reconnue localementUne grande autonomie dans le travailUne mission porteuse de sens",alefsenegal@gmail.com,https://senjob.com/sn/jobseekers/chargé-de-communication_e_161258.html
Ingénieur Génie Civil,N/A,Dakar,"BTP, Construction, Immobilier, Urbanisme, Archi.",2026-04-22,2026-05-07,"Nous sommes à la recherche d’un Ingénieur Génie Civil.•	Secteur d’activité : BTP, construction•	Niveau d’études : Bac+3 – Bac+5 et plus•	Nombre de poste(s) : 1Exigences•	Formation : Diplôme d’ingénieur en génie civil ou équivalent.•	Expérience : Minimum 5 ans dans la conception, la supervision et la gestion de projets d’infrastructures (bâtiments, routes, ouvrages hydrauliques, etc.).•	Compétences techniques : Maîtrise des logiciels de conception (AutoCAD, Civil 3D, SAP2000, etc.), connaissance approfondie des matériaux, des techniques de construction et des normes de sécurité.•	Responsabilités : Planification, suivi des travaux, gestion des sous-traitants, contrôle qualité, respect des délais et budgets.",N/A,https://senjob.com/sn/jobseekers/ingénieur-génie-civil_e_161502.html
Technico-Commercial Terrain Junior F/H - Dakar,N/A,Dakar,"Commercial, Vente, Business developpement | Internet, SSII, Digital",2026-04-18,2026-04-30,"Description du posteEntreprise innovante, SHYNEA est une application pionnière dédiée à la gestion dessalons de coiffure en Afrique.De la prise de rendez-vous au paiement sécurisé, notre solution simplifie et optimisetoute l’activité du salon.Basé à DakarDémarrage : Juin 20262 jours télétravail / 3 jours terrainVos missions principalesProspecter des salonsPrésenter l’applicationConvaincre et signerAccompagner les clientsSuivre et remonter les retoursProfil recherchéBac à Bac +3Fibre commerciale et goût du challengeDynamique, adaptable et motivé(e)Chez SHYNEA, nous recherchons avant tout des talents avec l’envie d’apprendreet de se dépasser.Pourquoi nous rejoindre ?Formation et accompagnementRémunération évolutiveEnvironnement dynamiqueAvantages (téléphone, primes…)Processus de recrutementÉchange téléphoniqueEntretienRencontre avec les managersMerci d’envoyer votre CV à l’adresse email de contact",N/A,https://senjob.com/sn/jobseekers/technico-commercial-terrain-junior-f-h---dakar_e_161426.html
Caissiers Banque,N/A,Dakar,"Comptabilité, Finances, Gestion | Banque, Assurance, Finances",2026-04-22,2026-05-07,"AMD Corporate recrute pour une banque de la place des Caissiers.Exigences•	Niveau d’étude : Minimum Bac+2 (BTS / DUT en Comptabilité ou Gestion ou Finance ou Administration des entreprises)•	Années d’expérience : Minimum 2 ans dans le secteur bancaire•	Maîtrise des outils et logiciels de gestion de caisse (DELTA ou autres)•	Bonne base comptable•	Maitrise des outils informatiques (Excel, Word, etc.)•	Sens de l’organisation et gestion des priorités•	Flexibilité face à des horaires variables (week-end, soirées et jours fériés).•	Respect des procédures, des horaires et de la qualité de service.•	Assurer la gestion de caisse (contrôle, rapprochements, sécurité des fonds).",N/A,https://senjob.com/sn/jobseekers/caissiers-banque_e_161501.html
Responsable Financier,N/A,Dakar,"Comptabilité, Finances, Gestion | Industrie Automobile, Mecanique, Navale",2026-04-22,2026-05-07,"Missions principalesAssurer la gestion comptable et le suivi financier (budget, trésorerie, reporting) ;Gérer les paiements, la paie et les obligations sociales conformément à la réglementation ;Veiller au respect des procédures financières, audits et optimisation des processus internes.Profil recherchéBac+3/5 en Finance, Comptabilité ou Gestion5 à 8 ans d’expérience en gestion financièreAnglais professionnel (niveau C1 minimum)Une expérience en organisation internationale ou ambassade est un atout.",N/A,https://senjob.com/sn/jobseekers/responsable-financier_e_161500.html
Préposé (e) à la Laverie / Agent de Blanchisserie,N/A,Dakar,"Maintenance, Entretien, Contrôle | Industrie Automobile, Mecanique, Navale",2026-04-22,2026-05-07,"•	Intitulé du Poste : Préposé (e) à la Laverie / Agent de Blanchisserie•	Département : Services Généraux / Entretien / Production•	Rattachement Hiérarchique : Responsable de la Blanchisserie / SuperviseurMissions PrincipalesTraitement du Linge :•	Réception, tri, pesage et séparation du linge sale (couleur, tissu, matière).•	Prétraitement des taches, rangement du linge (sale / propre).•	Chargement et déchargement des machines à laver/sécher.•	Faire tourner les machines et étendre le linge sur la terrasse.•	Utilisation des équipements (laveuses, sécheuses, repasseuses).•	Repassage, pliage et conditionnement du linge propre.Entretien des Locaux et Matériels :•	Maintenance de la propreté de la laverie (sols, machines, poubelles).•	Entretien de premier niveau des machines et signalement des pannes.Gestion des Stocks :•	Suivi des niveaux de produits d’entretien et réapprovisionnement.Compétences et Qualités Requises•	Compétences Techniques : Formation assurée en interne, règles d’hygiène de base.•	Aptitudes : Rigueur, organisation, discipline, ponctualité, attention aux détails.•	Autonomie : Capacité à gérer son flux de travail seul ou en petite équipe, réactivité.Conditions•	Lieux de travail, horaires, salaire et jours de repos•	Lieux de travail : Yoff BCEAO Apecsy II•	Horaires de travail : 8h 30 – 18h30 hebdomadaire.•	Jours de repos : Dimanche 15h Lundi entier•	Salaire et prime : Fixe peut évoluer en fonction des résultats.•	Gratification : Repas du midi",N/A,https://senjob.com/sn/jobseekers/préposé--e--à-la-laverie---agent-de-blanchisserie_e_161499.html
Conseillers Commerciaux,N/A,Dakar,"Commercial, Vente, Business developpement | Distribution, Commerce, Import-Export",2026-04-22,2026-05-07,"Vous avez une solide expérience en relation client, vous êtes orienté(e) création de valeur et vous souhaitez évoluer dans un environnement sérieux ?Nous recherchons des conseiller(e)s commerciaux(ales) confirmé(e)s et polyvalent(e)s.Votre profil :•	Vous justifiez d’une expérience confirmée en centre d’appels ou en relation client offshore ;•	Vous maîtrisez les techniques de communication care, de négociation et de fidélisation ;•	Vous êtes discipliné(e), responsable et orienté(e) création de valeur ;•	Vous considérez le travail et la montée en compétences comme des leviers essentiels d’accomplissement personnel.Nous recherchons des profils qui :•	Prennent la responsabilité de leurs actions ;•	Comprennent que l’efficience durable repose sur l’exigence, et la rigueur.Nous offrons :•	Un cadre de travail structuré ;•	Des missions et tâches formatrices ;•	Des perspectives de responsabilisation et d’autonomie aux profils engagés ;•	Une rémunération attractive.",N/A,https://senjob.com/sn/jobseekers/conseillers-commerciaux_e_161498.html
Chef de Secteur Maintenance,N/A,Dakar,"Maintenance, Entretien, Contrôle | Industrie Automobile, Mecanique, Navale",2026-04-22,2026-05-07,"ActivitésDans le respect de la réglementation en vigueur, en accord avec la politique HSEQ du groupe et dans le respect des procédures internes, le titulaire du poste doit :•	Assurer la réalisation des activités de maintenance de sa zone, dans le strict respect de la politique HSE de la compagnie TotalEnergies : Conformité ICC et/ou MASE, IZI safety, plan de prévention, visite préalable, etc.•	Réaliser des visites de sécurité chantier et des visites d’inspection des sites puis faire la mise à jour sur la plateforme ERIS.•	Assurer un suivi rigoureux des plans d’actions établit à la suite des différentes visites d’inspection.•	Remonter les incidents, participer à leurs analyses et assurer le suivi des actions qui en sont issues (RAMSES).•	Etablir et suivre les KPI de performance de la maintenance / Assurer la disponibilité des équipements à 95%.•	Etablir le rapport d’activité mensuel selon les standards Nemo pour les prestataires sous contrat.•	Suivre et établir le rapport de suivi du budget mensuel (OPEX et CAPEX) de sa zone.•	Etablir et suivre les fiches de vie des équipements de chaque dans sa zone d’intervention•	Etablir, planifier et suivre la maintenance préventive et réglementaire des sites de sa zone.•	Superviser la clôture des demandes de maintenance dans le délai contractuel et en assurer le reporting ;•	 Assurer la mise à jour de la base des équipements et participer à la réception technique des chantiers de sa zone.•	Etablir et transmettre à la comptabilité les MEMO de transferts pour un meilleur suivi des immobilisations ;•	Assurer un bon suivi des campagnes (mise en conformité, réhabilitation, etc.) dans le respect du délai et du budget définit.•	Assurer un bon taux d’engagement et de liquidation en vue de régler les factures des prestations et transmettre les PV de réception à la Comptabilité pour les immobilisations.•	Assurer la mise à jour continue des fichiers de suivi dans le SharePoint du service Maintenance.•	Participer activement à l’organisation des comités de suivi de performances des prestataires.•	Contribuer à la gestion de la sécurité et conformité des invariants sur l’ensemble de nos installations.Profil du candidat•	Ingénieur technique Bac +4/5 en Mécanique, Electromécanique•	Expérience : 02 ans à un poste similaire•	Disponible-Dynamique-Aptitude à travailler en équipe et sous pression- Organisation et méthode -Planification- Communication et coordination avec plusieurs interlocuteurs – Capacité de priorisation des urgences – Gestion des contrats – Compétences en management transverse / Bon niveau d’Anglais",N/A,https://senjob.com/sn/jobseekers/chef-de-secteur-maintenance_e_161497.html
Operateur (trice) Bo Monetique,N/A,Dakar,"Comptabilité, Finances, Gestion | Banque, Assurance, Finances",2026-04-22,2026-05-07,Le titulaire du poste travaille en étroite collaboration avec la direction commerciale réseau et la monétique.Ses contraintes tiennent essentiellement de l’urgence des opérations de création et de chargement des cartes dans un marché très concurrentiel de la monétiqueActivités•	Chargement des cartes PM sur la base des demandes validés et contrôle BRC)•	Création et mise à jour des cartes (sur la base des demandes de cartes validées)•	Suivi journalier de la télécollecte des TPE et mise à jour du reporting (bilan télécollecte)•	suivi frais abonnement annuel des clients PF•	Suivi et résolution réclamations clients internes et externes•	Paramétrage TPE et suivi de stock•	Paramétrage et chargement des clients HORS TAXE•	Suivie des exonérations et transmission des factures au service transit•	Suivi et analyse de la balance carte•	Suivi des TE (Titre d’exonération)Profil du candidat•	Formation : niveau BAC+ ¾ Finances Comptabilité•	Esprit d’analyse•	Maitrise des outils bureautiques•	 Maitrise du système Back-Office cartes•	Maitrise de l’outils SAP,N/A,https://senjob.com/sn/jobseekers/operateur--trice--bo-monetique_e_161496.html
Jeunes leaders du numérique,N/A,Dakar,"Informatique, Télécoms, Réseaux | Service public d'état, Institutions, Administratio",2026-04-22,2026-04-29,"Dans le cadre de l’initiative Generation Connect (2026–2030) de l’Union internationale des télécommunications, le Ministère de la Communication, des Télécommunications et du Numérique lance un appel à candidatures pour présélectionner jusqu’à quatre (4) jeunes représentants du Sénégal. Les candidats doivent être âgés de 18 à 24 ans et justifier d’un engagement dans le domaine du numérique, de l’innovation ou des initiatives communautaires.Opportunité : contribuer aux travaux internationaux de l’UIT et porter la voix de la jeunesse sénégalaise.Seules les candidatures complètes seront examinées.",N/A,https://senjob.com/sn/jobseekers/jeunes-leaders-du-numérique_e_161495.html
Chargé(e) de Dossier en Conformité Pharmaceutique,N/A,Dakar,"Santé, Médical, Pharmacie, Sport | Industrie Pharmaceutique, Chimie, Cosmétique",2026-04-22,2026-05-07,"Missions :•	Rédaction et suivi de contrats dans le respect des normes de conformité pharmaceutique.•	Utilisation et gestion des outils internes pour le suivi des dossiers.•	Contrôle et vérification de la conformité des dossiers avec les procédures internes et les exigences réglementaires.•	Suivi et soumission des dossiers.Profil recherché :•	Juriste junior ou formation équivalente en droit, avec une première expérience pertinente .•	Très bonne maîtrise des outils informatiques et capacité à gérer des dossiers complexes.•	Rigueur, organisation et précision dans le traitement des dossiers.•	Habitude de travailler dans un contexte international et de collaborer avec différents interlocuteurs.",N/A,https://senjob.com/sn/jobseekers/chargé-e--de-dossier-en-conformité-pharmaceutique_e_161494.html
Responsable commercial,N/A,Dakar,"Commercial, Vente, Business developpement | Distribution, Commerce, Import-Export",2026-04-22,2026-05-07,"Dans le cadre du développement de notre solution de géolocalisation, de logiciel de gestion de flotte et de transport de marchandises, on souhaiterait recruter un Responsable commercial.Ce profil sera multi-tâche :•	Commercialisation de la solution de géolocalisation•	Prospection terrain et téléphonique•	Commercialisation du logiciel de gestion de flotte•	Coordination entre client et l’électricien mécanique afin d’installer les boitiers dans les voitures•	Formation des clients pour la prise en main de la plateforme de géolocalisation et du logiciel de suivi de flotte•	Suivi des clients•	Support aux clientsLes qualités qu’on recherche pour ce profil :•	Force de proposition•	Esprit d’initiative•	Être proactif•	Diligent dans les rendez-vous•	Réactif",N/A,https://senjob.com/sn/jobseekers/responsable-commercial_e_161493.html
Gouvernant(e) de Secteur (Profil Hôtellerie),N/A,Dakar,"Métiers Hôtellerie, Tourisme, Restauration, Loisirs | Tourisme, Hôtellerie, Loisirs, Restauration",2026-04-22,2026-05-15,"CLEANIC SARL recrute des Gouvernant(e)s de Secteur pour une mission de prestations de services dans un complexe résidentiel d’hébergement de grande capacité situé à Dakar.Le posteSous la responsabilité directe du Responsable de Site, vous encadrez une équipe d’agents sur une zone d’intervention définie. Vous êtes le premier niveau d’encadrement opérationnel et le garant(e) de la qualité de service sur votre secteur.Vos missionsOrganiser et superviser le travail quotidien de votre équipe, contrôler la bonne exécution des prestations, gérer les stocks et consommables de votre zone, assurer la communication entre les agents et la hiérarchie, et veiller au respect des procédures et des standards de qualité.Profil recherchéExpérience obligatoire en hôtellerie, résidence hôtelière ou hébergement collectif — gouvernant(e), assistant(e) gouvernant(e) ou chef(fe) de brigade. Vous êtes dynamique, entreprenant(e) et à l’aise avec la gestion de volume et les environnements à fort rythme. Sérieux(se), ponctuel(le), sens de l’organisation. La maîtrise du français est indispensable, l’anglais est un atout apprécié.Conditions•	Poste basé à Dakar.•	CDD 6 mois.•	Rémunération selon profil.",N/A,https://senjob.com/sn/jobseekers/gouvernant-e--de-secteur--profil-hôtellerie-_e_161492.html
Conseiller(e) Commercial(e) Automobile,N/A,Dakar,"Commercial, Vente, Business developpement | Distribution, Commerce, Import-Export",2026-04-22,2026-05-07,"ResponsabilitésLe/a vendeur/se automobile réalise sous contrôle direct de sa hiérarchie, l’ensemble des activités concourant d’une part à la commercialisation des véhicules, leur paiement et d’autre part aider à la reprise des véhicules d’occasion après expertise par le responsable SAV et/ou V.O. après validation de la Direction.•	Prospection, développement et fidélisation de la clientèle.•	Commercialisation des véhicules.•	Proposition de financement.•	Vente de produits et prestations périphériques simples.•	Estimation physique du véhicule d’occasion sous contrôle d’un responsable SAV/ détermination de sa valeur avec le Responsable V.O.•	Renseignement et mise à jour des fiches CRM.•	Gestion administrative des activités de commercialisation.•	Organisation des activités en fonction des objectifs quantitatifs et qualitatifs.•	Etablir des comptes rendus quotidiens d’activité commerciale.•	Mise en œuvre du plan d’actions commerciales de l’entreprise.•	Suivi des agents et réparateurs présents sur le secteur d’activité du titulaire.•	Suivi de la livraison et du paiement des véhicules.•	Suivi commercial d’un parc véhicules.•	Application des procédures qualité en vigueur dans l’entreprise.•	Gestion des informations reçus sur internet.•	Organisation et animation des lieux/points de relais.•	Participer aux expositions extérieures.•	En charge de la livraison des véhicules.Profil recherché :•	Bac+3/5 en Commerce/Marketing ou équivalent.•	Expérience de la vente automobile.•	Prospecter, relancer et suivre un client.•	Connaissance des produits vendus par CFAO et la concurrence.•	Capacité de réactivité et disponibilité.•	Dynamisme et rigueur dans la constitution des dossiers.•	Permis de conduire",N/A,https://senjob.com/sn/jobseekers/conseiller-e--commercial-e--automobile_e_161491.html
Stagiaire Suivi-Évaluation,N/A,Dakar,"Administration, Services généraux | Service public d'état, Institutions, Administratio",2026-04-22,2026-05-07,"Nous recherchons un(e) stagiaire motivé(e) pour intégrer notre équipe de Suivi, Évaluation et Apprentissage (MEL). Le/la stagiaire participera activement à la mise en œuvre des activités de suivi et d’évaluation du programme. Ce poste impliquera principalement le suivi de la collecte des données auprès des entreprises bénéficiaires, des bénéficiaires individuels et des institutions partenaires en collaboration avec les BDSP.  Il ou elle contribuera à la vérification et  à la validation des données. Par ailleurs, le ou la candidat (e) jouera un rôle clé dans les analyses multidimensionnelles et/ou inférentielles, en vue de réaliser le profilage des entreprises bénéficiaires en lien avec la création d’emplois.Tâches et responsabilitésSuivi de la collecte de données des activités et indicateurs du programme•	Appuyer la planification des enquêtes sur le terrain, à la préparation des équipes d’enquêteurs (déploiement) et à la supervision/coordination de de la collecte des données trimestrielles et annuelle du programme WEECAP.•	Appuyer au suivi rigoureux de la collecte des données de routine (enregistrement des entreprises bénéficiaires, des participants individuels et les évents) en collaboration avec les BDSP.•	Participer au contrôle qualité?/vérification et validation (contrôles de cohérence, complétude) des données collectées en conformité avec les normes et standards de qualitéTraitement- Analyse & visualisation des données•	Participer au nettoyage et au codage des données, facilitant ainsi leur préparation pour l’analyse et la visualisation.•	Réaliser des analyses descriptives, multidimensionnelles et ou inférentielles ou tout autre selon les besoins du programme.•	Appuyer à la production de tableaux de bord (Excel/Power BI) et des visuels pour le suivi des indicateurs•	Participer à l’élaboration des rapports ou notes de synthèse d’analyse et d’interprétation pour faciliter les prises de décisionsCapitalisation &apprentissage•	Appuyer à la rédaction de rapports (trimestriels et annuel) et à la documentation des leçons apprises.•	Participer à la mise à jour des outils.•	Appuyer à l’organisation d’ateliers internes (formation des BDSP, les sessions de quarterly reflective , after activities review et pause and reflect).•	Participer aux réunions d’équipe et assurer des points d’avancement réguliers.Profil recherché•	Formation : Ingénieur statisticien économiste, Master en Suivi et Evaluation?des projets, Statistiques, Économétrie, data analyst ou tout autre domaines pertinents•	Statut : étudiant en fin de formation ou diplômé cherchant un stage professionnel•	Compétences techniques requises :•	Connaissance en conception et de gestion de projet/programmes•	Maitrise des techniques de collecte de données quantitatives et qualitatives•	Capable de faire des analyses multidimensielles , inférentielle ou tout autre•	Maîtrise d’Excel (avancé : formules, tableaux croisés, graphiques ect ).•	Maitrise des outils?/applications numériques de collecte et d’analyse de données?: SPSS, Stata, KOBO/ODK, Power BI ect•	Fort intérêt pour les chaînes de valeur agroalimentaire (désir de faire un mémoire ect)•	Compétences en rédaction de rapport•	Langues : Français (courant), et portugais pour la Guinée Bissao.",N/A,https://senjob.com/sn/jobseekers/stagiaire-suivi-Évaluation_e_161490.html
Responsable de la Chaîne d’Approvisionnement,N/A,Dakar,"Métiers Agriculture, Elevage, Rural | Industrie Manufacturière, Production, Fabrication",2026-04-22,2026-05-07,"Principales responsabilités :Planification stratégique•	En collaboration avec le Directeur Régional de la Compétitivité et de la Chaîne d’Approvisionnement, développer un plan de travail avec des objectifs concrets et un calendrier pour rationaliser les stratégies d’approvisionnement des transformateurs de cajou.•	En collaboration avec les BDSP, développer des plans d’intervention périodiques et continus.•	Proposer un plan d’action pour promouvoir les normes de qualité de la noix brute au niveau des producteurs.Optimisation de la chaîne d’approvisionnement•	Développer des services critiques tels que l’agrégation, le séchage et le contrôle de qualité, créant de nouveaux emplois dans l’approvisionnement et les secteurs adjacents à l’agriculture, et relier les fournisseurs de noix brutes aux transformateurs.•	Soutenir les transformateurs pour optimiser l’ensemble des processus de la chaîne d’approvisionnement, y compris l’achat, la logistique et la gestion des stocks.•	Soutenir les transformateurs dans l’évaluation de la qualité des noix brutes et du chemin de ces noix depuis les fermes jusqu’aux usines.•	Développer des stratégies pour réduire les coûts et garantir la livraison rapide des noix brutes tout en maintenant des produits de haute qualité.•	Soutenir les transformateurs pour atteindre et dépasser les objectifs d’approvisionnement.•	Favoriser des stratégies d’approvisionnement fiables et inclusives qui construisent des relations à long terme avec les petits producteurs et coopératives, en particulier celles dirigées par des femmes et des jeunes.•	Aider les transformateurs à surveiller et analyser les indicateurs de performance de la chaîne d’approvisionnement, tels que la rotation des stocks, les délais de livraison et les délais de traitement, pour identifier les opportunités d’amélioration et mettre en œuvre des actions correctives.•	Identifier de nouvelles opportunités d’approvisionnement et soutenir le développement de nouveaux contrats entre les groupements de producteurs et les transformateurs pour la création d’emplois.•	Développer les liens entre les producteurs et les transformateurs de cajou. Faciliter les accords de rachat et l’agriculture sous contrat pour offrir de la prévisibilité aux deux parties.Assurance qualité et conformité•	Aider les producteurs et leurs organisations à obtenir des certifications pertinentes pour le marché.•	Veiller à ce que les producteurs et les transformateurs respectent les normes de sécurité alimentaire, les certifications et les exigences de traçabilité.•	Initier les processus de certification biologique, commerce équitable et Rainforest Alliance avec les transformateurs et les producteurs intéressés.•	Développer et mettre en œuvre des projets de durabilité tels que la traçabilité numérique, la géolocalisation et le suivi de la production avec les producteurs.•	Soutenir les transformateurs à accéder à des noix brutes de haute qualité et à utiliser ces matières premières comme garantie pour obtenir davantage de financements.Renforcement des capacités•	Diriger les évaluations de capacités et élaborer des stratégies de renforcement pour les groupements de producteurs et les transformateurs.•	Soutenir les coopératives dirigées par des jeunes et des femmes à devenir des partenaires commerciaux crédibles pour les transformateurs.•	Co-développer des supports de formation pour les groupements de producteurs et les transformateurs.•	Identifier les prestataires de services de développement commercial pour offrir des formations de haute qualité et pertinentes pour le marché.•	Soutenir les BDSP dans la mise en place de modèles de financement basés sur les stocks de noix brutes ou d’amandes.Intégration de la chaîne d’approvisionnement•	Encourager l’approvisionnement direct auprès des agriculteurs pour réduire la dépendance aux intermédiaires.•	Soutenir les transformateurs à améliorer les systèmes de séchage Borma pour renforcer la qualité des amandes avant l’exportation.•	Aider les groupements de producteurs à créer ou améliorer des accords avec les transformateurs pour optimiser la chaîne d’approvisionnement.•	Soutenir les BDSP à fournir des services d’accès au financement, tels que le financement des entrepôts pour les groupements de producteurs et les transformateurs.Qualifications :•	Licence en Administration des Affaires, Agroalimentaire, Économie ou domaine connexe. Master préféré.Expérience souhaitée :•	Au moins 7 ans d’expérience en gestion de la chaîne d’approvisionnement.•	Fortes compétences en leadership et esprit d’innovation.•	Connaissance des certifications, des systèmes de traçabilité et des réglementations en matière de sécurité alimentaire.•	Expérience dans un projet lié à la noix de cajou, un atout.•	Volonté de voyager dans les pays de l’UEMOA.",N/A,https://senjob.com/sn/jobseekers/responsable-de-la-chaîne-d’approvisionnement_e_161489.html
Technical Lead (Backend),N/A,Dakar,"Informatique, Télécoms, Réseaux | Industrie Informatique, Télécoms, Téléservices",2026-04-22,2026-05-07,"As our new Tech Lead reporting to our Head of Engineering, you will oversee a team of engineers, making architectural and design decisions, guiding team members in technical matters, and supervising system modifications.As a Leader, you will mentor team members, delegate tasks, give and receive feedback, evaluate risks, and resolve conflicts.As a Developer, you will play a key role in designing, developing, and scaling backend systems that power critical financial services for users across Francophone Africa. You’ll be expected to bring deep technical expertise, take ownership of complex system design challenges, and continuously raise the bar on code quality and system performance.You will work closely with cross-functional teams, including product, design, and frontend engineering, to build performant, secure, and reliable services. You’ll also take the lead in optimizing legacy systems, implementing best practices, and driving the adoption of new technologies that align with Djamo’s ambitious growth goals.Your RoleReporting to the Head of Engineering, Your Key Responsibilities will include:Lead a cross-functional team (70% of your time)•	Own the delivery and technical direction of a product squad (engineers, designer, PM).•	Run the team: weekly 1:1s, regular feedback, career growth conversations, sprint coordination.•	Break down projects into well-scoped work, manage dependencies, and keep the team shipping.•	Partner closely with Product and Design to shape what gets built, not just how.Raise the engineering bar across the org (20%)•	Architect, build, and maintain efficient, reusable, and reliable backend systems and services.•	Be a technical sounding board for other tech leads and engineers.•	Help first-time managers develop their leadership skills ; give them patterns, not just advice.•	Drive improvements to engineering practices: code review quality, testing strategy, CI/CD, design docs.•	Contribute to architectural decisions that affect multiple teams.•	Own the delivery and quality of backend features from concept to production.Stay technical (30% overlap with above)•	Write code. Review code. You’re in the codebase, not above it.•	Lead by example on design quality, system thinking, and pragmatic trade-offs.•	Own technical decisions for your squad. Escalate the right ones, decide the rest.•	Build reusable code and libraries for future use.•	Bring a strong perspective that inspires new ideas and motivates engineers to develop simple solutions to sophisticated problems.•	Foster strong cross-function collaboration with Frontend, Product, and Support to develop world-class products. You’ll be reviewing code and design docs, and giving feedback on product specs and mocks.•	Participate in the full development cycle: design, development, QA, experimentation, analysis, launch, and monitoring.Your Profile•	10+ years of software engineering experience, including production systems at scale.•	5+ years leading a team of engineers with direct people management (1:1s, feedback, growth plans ; not just tech lead coordination).•	Strong experience with Typescript / Node.js, Python, Go, or similar backend languages.•	Solid grasp of modern software engineering practices: version control (Git), CI/CD, code reviews, automated testing, monitoring, etc.•	Experience with cloud platforms (e.g., AWS, GCP, Azure), containerization (Docker), orchestration (Kubernetes), and infrastructure as code (Terraform).•	Strong understanding of relational and non-relational databases. Experience with PostgreSQL is a plus.•	Fluent in English (written and spoken), French is a plus.•	When faced with a tricky bug or an unfamiliar system, know how to unblock yourself, whether by digging deeper, asking teammates for help, or using tools like AI.•	Care deeply about users – you build with the user’s real needs in mind, advocating for simplicity and value in technical decisions.•	You think about systems and outcomes looking beyond individual tasks to understand system-wide impact on performance, scalability, and reliability.•	Stays current with new tools and practices.•	Experience in designing and implementing distributed systems that scale for millions of customers.•	Entrepreneurial spirit. You are self-directed, innovative, and biased towards action in fast-paced environments.•	The capacity to communicate and discuss complex topics with technical and non-technical audiences.•	Sound knowledge of standard software engineering methodology, e.g. unit testing, code reviews, design documentation, continuous integration, and delivery.",N/A,https://senjob.com/sn/jobseekers/technical-lead--backend-_e_161488.html
Comptable Sénior,N/A,Dakar,"Comptabilité, Finances, Gestion | Banque, Assurance, Finances",2026-04-21,2026-05-06,"We are a leading independent telecoms infrastructure company, with one of the most extensive tower portfolios across Africa and the Middle East. Our business model promotes tower infrastructure sharing and enables mobile network operators (MNOs) to deliver mobile connectivity more quickly, reliably, cost-effectively and with a lower carbon footprint. In turn, this supports the expansion and quality of mobile connectivity, driving sustainable development in our markets.A bit about the Team:Helios Towers is a growing organisation made up of diverse, multicultural talent from around the world, which is the pride of our business. Our mission, purpose and values underpin our drive to foster a culture that is inclusive with a focus on growing local talent, with employee representation from all ethnicities, genders, ages, religions and disabilities.Our Values:We are led by our values of Partnership, Integrity and Excellence coupled with a strong culture of sustainability; to ensure that communities and local people are supported in our markets of operation.Purpose of the JobThe Senior Accountant ensures:•	Accurate and timely financial reporting•	Compliance with IFRS and local statutory requirements•	Strong internal controls and risk mitigation•	Financial support to operational and commercial teams•	Reliable data for strategic decision-makingJob specifications•	Master’s degree in accounting & finance or related subjects and a professional qualification such as CIMA, ACCA•	Experience in an audit firm followed by experience in a corporate environment•	The ideal candidate should have 5 to 7 years of experience in accounting and financial reporting•	Experience in an international company or structured group with established reporting and internal control processes.Person Specification•	Strong understanding of monthly and annual closing processes•	Preparation and review of balance sheet reconciliations•	Management and monitoring of CAPEX projects, including reconciliation between OHADA and IFRS accounting treatments•	Participation in the budget and forecast processes•	Monitoring and analysis of operational costs to identify potential optimization opportunities•	Good knowledge of IFRS standards and the OHADA accounting framework•	Experience in the preparation and support of external audits•	Strong Excel skills and experience with SAPKey Performance Indicators•	Optimising business processes and projects•	Introduction of new initiatives•	Enhancing stakeholder engagement•	Demonstrating HT values",N/A,https://senjob.com/sn/jobseekers/comptable-sénior_e_161487.html
Chargé Suivi Régime Suspensif,N/A,Dakar,"Administration, Services généraux | Organisation non gouvernementale, Association",2026-04-21,2026-05-06,"Mission•	Superviser, animer et coordonner le département•	Encadrer, gérer, contrôler et faire appliquer les procédures définies sous la direction manager adjoint risques douanes.Responsabilités:•	Assurer le suivi des sommiers depuis leur création jusqu’à leur apurement (solde) total•	S’assurer de la prise en compte de tous les sommiers•	S’assurer que tous les avis de prise en compte sont envoyés•	S’assurer que les demandes de prorogations sont faites•	S’assurer du classement de tous les documents dans les sommiers•	Etablir les différents courriers en douane•	Etablir un planning annuel de visite des entrepôts chez les clients•	Commenter l’inventaire mensuel de nos entrepôts fictifs•	S’assurer que les rapports de visites sont faits et classés•	Faire le reporting tous les 15 jours de la situation des sommiers•	Respecter les procédures relatives aux activités réalisées•	Faire la situation mensuelle pour tous les clients suspensifs y compris ceux des Mines et Oil & Gas•	Traiter, suivre et facturer les transfert Diamniado de Dakar Terminal•	Participer activement à la démarche qualité mise en place•	Effectuer toutes les taches connexes",N/A,https://senjob.com/sn/jobseekers/chargé-suivi-régime-suspensif_e_161485.html
Chargé de Communication,N/A,Dakar,"Marketing, Communication | Communication, Marketing, Médias",2026-04-21,2026-05-06,"To this end, UNICEF’s West and Central Africa Regional Office (WCARO) based in Dakar, Senegal, is looking for a Communication Officer (Digital) to support all communication and advocacy efforts.How can you make a difference?The Communication Officer (Digital) will be responsible for supporting UNICEF WCARO’s partnership, communication and advocacy efforts.Specifically, the Communication Officer (Digital) works under the guidance and supervision of the Regional Adviser Partnerships (Public), with support of other sections of the Regional Office to develop, coordinate and implement UNICEF WCARO’s digital communications, and lead the production of digital content such as social media cards, videos and others as needed.In addition, he/she assists in planning, implementing, monitoring and evaluating an advocacy and communication strategy to get children’s and women’s issues into the public domain, strengthen political will in support of UNICEF’s mission and objectives in the region, and enhance the organization’s credibility and brand.Within the delegated authority and the given organizational set-up, the incumbent may be accountable for all or assigned areas of the following major duties and end results.•	Developing and implementing community engagement strategies that align with UNICEF’s Regional Agenda for Children.•	Developing a visual identity for Children’s Rights in the region, in collaboration with Unicef WCA country offices and regional networks.•	Managing and growing UNICEF WCARO’s online community presence across various social media platforms, including focal point for WCARO Senior Management (e.g. Regional Director) social media accounts.•	Fostering a positive and inclusive online community environment, encouraging active participation and interaction.•	Monitoring and responding to followers’ inquiries, comments and feedback in a timely and professional manner.•	Collaborating with internal teams, including the front office, to ensure consistent messaging and alignment.•	Analyzing follower metrics and trends to identify opportunities for improvement and growth.•	Organizing and hosting virtual events or webinars to engage and connect with our audience.•	Creating, curating and managing content (including posts, videos, webinars, etc.) for online platforms, ensuring it is relevant, engaging and aligned with the UNICEF’s brand voice.•	Identifying and cultivating relationships with key followers and influencers to foster loyalty and advocacy.•	Staying updated on industry trends, best practices and emerging platforms to continually enhance community engagement strategies.To qualify as an advocate for every child you will have…Minimum requirements:Education: University degree in Communications (Bachelor), Journalism, Public Relations or a related field.Work Experience:•	A minimum of two years of professional experience managing social media accounts, particularly Facebook, YouTube, Instagram, Linkedin and X•	Professional experience in community management or social media management is considered as a strong asset.•	Strong understanding of online community platforms, social media tools and analytics.•	Experience in graphic design: ability to create designs for digital media purposes in open-source graphic design programs.•	Proficiency in online tools such as Drupal, SharePoint, Hootsuite, and WeShare, amongst others.•	Proficiency in content production software such as Adobe Premiere Pro, InDesign, and Photoshop, Canva, or comparable software is an asset•	Strong grasp of the situation of children in the West and Central Africa region, and linkages to girl-centered groups across the region is considered an asset.Skills:•	Excellent communication, writing and interpersonal skills, with the ability to engage and build relationships with diverse audiences.•	Excellent drafting skills as well as oral presentation skills.•	Creative and strategic thinker with the ability to develop and execute innovative community engagement initiatives.•	High level of empathy, patience and professionalism in handling community interactions.•	Ability to express clearly and concisely ideas and concepts in written and oral form.•	Ability to work independently as well as with a team in an international, multicultural and interdisciplinary environment and establish harmonious and effective working relationships both within and outside the organization.Language Requirements:•	Fluency in French with an excellent working knowledge of English required.•	Knowledge of another official UN language (Arabic, Chinese, Russian or Spanish) is an asset.",N/A,https://senjob.com/sn/jobseekers/chargé-de-communication_e_161484.html
Agent Cotation,N/A,Dakar,"Marketing, Communication | Communication, Marketing, Médias",2026-04-21,2026-05-06,"L’Agent de Cotation est chargé d’effectuer la cotation (suivi de la tarification des différents produits et émission de devis…) des opérations aériennes, du shipping, logistiques et de la manutention, selon les barèmes et conformément aux instructions du Responsable Cotation.Il a également pour obligation de participer activement à la démarche Qualité, Hygiène, Sécurité et Environnement (QHSE) du Groupe, et de se conformer aux règles et procédures en vigueur dans l’exécution des tâches, notamment une application stricte des dispositions du code de bonne conduite. Ledit code étant transmis à chaque salarié.Responsabilités•	Recevoir les demandes de cotation ; accuser réception et les enregistrer ;•	Recueillir auprès du demandeur toute information nécessaire à la bonne compréhension de la demande ;•	Obtenir des services opérationnels, les éléments nécessaires à la constitution de l’offre•	Saisir dans le logiciel de cotation les éléments permettant de déterminer les coûts et les prix de vente ;•	Transmettre aux demandeurs les offres dans les délais retenus suivant la complexité de la demande, en y annexant au besoin, tous documents complémentaires (prestation commerciale-procédure-liste d’équipement …) ;•	Effectuer des relances pour connaitre la décision du demandeur et identifier le cas échéant, les raisons du refus de l’offre ;•	Participer à la mise en place et à la diffusion des statistiques concernant : le nombre de cotations établies-le nombre de cotations acceptées/refusées-le taux de transformation ;•	Contribuer à l’établissement de plans d’actions ;•	Effectuer toute tâche connexe à la demande du supérieur hiérarchique.Profil•	Être titulaire d’un diplôme de niveau Bac+3 (BTS, DUT, …) ou validation des acquis en comptabilité /gestion, commerce ou équivalent ;•	Avoir la maîtrise de l’outil informatique (bureautique, Echange de Données Informatiques – Excel-Powerpoint, internet, messagerie, …) ;•	Avoir la maitrise d’une ou plusieurs langues étrangères, en particulier l’anglais.",N/A,https://senjob.com/sn/jobseekers/agent-cotation_e_161483.html
Expert Juriste,N/A,Dakar,"Juridique, Fiscal, Audit, Conseil | Organisation non gouvernementale, Association",2026-04-21,2026-05-06,"L’objectif général de ce recrutement est de renforcer les capacités techniques, stratégiques et opérationnelles du FAPPP afin d’améliorer la qualité de préparation, de structuration, de sécurisation et de financement des projets de Partenariats Public-Privé (PPP).L’Expert Juriste assurera la sécurisation des cadres contractuels, la conformité réglementaire et la gestion des risques juridiques liés aux PPP.",N/A,https://senjob.com/sn/jobseekers/expert-juriste_e_161482.html
Expert en Mobilisation de Ressources,N/A,Dakar,"Marketing, Communication | Communication, Marketing, Médias",2026-04-21,2026-05-06,"L’objectif général de ce recrutement est de renforcer les capacités techniques, stratégiques et opérationnelles du FAPPP afin d’améliorer la qualité de préparation, de structuration, de sécurisation et de financement des projets de Partenariats Public-Privé (PPP).L’Expert en Mobilisation de Ressources appuiera la mobilisation de fonds auprès des bailleurs, investisseurs et partenaires, et développera des stratégies de financement innovantes.",N/A,https://senjob.com/sn/jobseekers/expert-en-mobilisation-de-ressources_e_161481.html
Expert Financier,N/A,Dakar,"Comptabilité, Finances, Gestion | Banque, Assurance, Finances",2026-04-21,2026-05-06,"L’objectif général de ce recrutement est de renforcer les capacités techniques, stratégiques et opérationnelles du FAPPP afin d’améliorer la qualité de préparation, de structuration, de sécurisation et de financement des projets de Partenariats Public-Privé (PPP).L’Expert Financier contribuera à l’analyse économique et financière des projets, à la modélisation, à l’évaluation des risques et à la structuration des schémas de financement.",N/A,https://senjob.com/sn/jobseekers/expert-financier_e_161480.html
Assistant Administratif et Ressources Humaines,N/A,Dakar,"Ressources Humaines, Formation | Service public d'état, Institutions, Administratio",2026-04-21,2026-05-06,"Pour le compte de l’un de nos clients, acteur majeur du secteur de la pêche et des produits halieutiques au Sénégal, nous recrutons un Assistant Administratif et Ressources Humaines.Secteur : Pêches et produits halieutiquesResponsabilités•	Organisation, suivi des recrutements et intégration des salariés.•	Rédaction et établissement des contrats de travail, et documents administratifs.•	Assurer le suivi du tableau de bord des présences.•	Suivi des pointages.•	Suivi des dossiers du personnel et des déclarations auprès des organismes sociaux.•	Assurer la communication interne.Profil recherché•	Bac+3 minimum en Gestion des ressources humaines ou droit social•	2 à 3 ans minimum d’expérience sur un poste similaire•	Maîtrise des outils de bureautique, des logiciels de paie (SAGE ou Cegid) et des logiciels de gestion des ressources humaines (GRH)•	Maîtrise parfaite de l’outil SIRH (Système d’Information Ressources Humaines)•	Bonne connaissance des différents métiers de l’entreprise et bonnes capacités rédactionnelles•	Rigueur et organisation•	Éthique, discrétion et adaptabilité",N/A,https://senjob.com/sn/jobseekers/assistant-administratif-et-ressources-humaines_e_161479.html
Assistant Administratif,N/A,Dakar,"Assistanat, secrétariat, Accueil | Service public d'état, Institutions, Administratio",2026-04-21,2026-05-06,"L’objectif général de ce recrutement est de renforcer les capacités techniques, stratégiques et opérationnelles du FAPPP afin d’améliorer la qualité de préparation, de structuration, de sécurisation et de financement des projets de Partenariats Public-Privé (PPP).L’Assistant(e) Administratif (ive) renforcera l’efficacité organisationnelle, la coordination administrative et le suivi des activités stratégiques.",N/A,https://senjob.com/sn/jobseekers/assistant-administratif_e_161478.html
Community Manager,N/A,Dakar,"Marketing, Communication | Communication, Marketing, Médias",2026-04-21,2026-05-07,"•	Entreprise : Netsysteme•	Lieu : Dakar, Sénégal (ou télétravail selon profil)•	Type de contrat : À définir (CDD / CDI / Freelance)Dans le cadre du développement de ses activités digitales, Netsysteme lance un appel d’offre pour le recrutement d’un Community Manager expérimenté, capable de gérer et développer sa présence en ligne, renforcer son image de marque et générer de l’engagement.Profil recherché•	Minimum 2 ans d’expérience en tant que Community Manager•	Excellente maîtrise des réseaux sociaux et outils de gestion (Meta Business Suite, Hootsuite, etc.)•	Compétences en création de contenu (Canva, Photoshop, CapCut, etc.)•	Bonne capacité rédactionnelle (français obligatoire, anglais est un plus)•	Esprit créatif, autonome et orienté résultats•	Expérience en marketing digital fortement appréciéeLivrables attendues•	Calendrier éditorial mensuel•	Rapports de performance (hebdomadaire ou mensuel)•	Contenus visuels et textes adaptés à la marque•	Stratégies d’amélioration de la visibilitéCandidatureLes candidats intéressés doivent soumettre leur CV détaillé.Seuls les candidats présélectionnés seront contactés pour un entretien.",N/A,https://senjob.com/sn/jobseekers/community-manager_e_161477.html
Opérateur téléphonique en prise de RDV,N/A,Dakar,"Marketing, Communication | Communication, Marketing, Médias",2026-04-21,2026-05-06,Recrutement massif –  Vous avez une excellente maîtrise de la langue française ? Vous êtes dynamique et rigoureux ? Rejoignez-nous !Poste : Téléopérateur (Prise de RDV)Profil : Avec ou sans expérienceSalaire : 60 000 FCFA – 75 000 FCFALieu : Dakar,N/A,https://senjob.com/sn/jobseekers/opérateur-téléphonique-en-prise-de-rdv_e_161476.html
Professeur Lettres Modernes,N/A,Dakar,"Éducation, Enseignement | Enseignement, Formation",2026-04-21,2026-05-06,"Nombre de postes : 1 poste vacant et 1 susceptible d’être vacantMissionsVotre mission sera de développer les connaissances et compétences des élèves, ainsi que leur esprit critique. Vous les accompagnez dans la découverte professionnelle et les préparez à leurs choix d’orientation tout en leur donnant les outils pour apprendre à réfléchir, à comprendre le monde dans lequel ils vivent ainsi qu’à développer leurs capacités à exprimer des idées et développer des concepts.Vous contribuez à la construction du parcours éducatif et scolaire des élèves, à la transmission des connaissances et à la construction des apprentissages. Vous assurez un service qui comprend un temps d’enseignement, un temps de préparation des cours, un temps de correction de copies et d’évaluation des élèves, un temps de dialogue avec les parents pour le suivi des élèves, un temps de participation à la vie de l’établissement (conseil de classe, conseil d’enseignement, conseil pédagogique…) et de concertation en équipe.Profil recherchéNous recherchons un enseignant dynamique et engagé, prêt à relever les défis de l’éducation. Vous devez être passionné par votre discipline et par la transmission des savoirs, avec un fort engagement envers les valeurs du réseau d’enseignement français à l’étranger. Un diplôme dans la matière enseignée est indispensable.Une expérience professionnelle d’enseignement en établissement scolaire de minimum 2 ans est souhaitée. Une expérience d’enseignement en établissement français et une connaissance du système éducatif français, seront valorisées. Des compétences dans l’utilisation des outils numériques au service de la pédagogie sont attendues.Ce poste est offert dans le cadre d’un contrat de droit local.",N/A,https://senjob.com/sn/jobseekers/professeur-lettres-modernes_e_161475.html
Professeur d’anglais,N/A,Dakar,"Éducation, Enseignement | Enseignement, Formation",2026-04-21,2026-05-06,"Nombre de postes : 2 postes vacants.Missions :En tant que professeur(e) d’anglais à l’école élémentaire, vous serez chargé(e) de fournir en coopération avec l’enseignant(e) de la classe un enseignement en anglais dans les disciplines concernées conformément aux programmes. Vous permettrez aux élèves de s’approprier les savoirs au programme de l’enseignement français.Vous éveillerez chez eux l’intérêt pour le monde qui les entoure et veillerez à leur attitude de respect de l’autre. Vous créerez un rapport positif à la classe et aux apprentissages et participerez à la construction d’un parcours éducatif et scolaire cohérent et continu pour tous les élèves dans leur diversité, en lien avec leurs représentants légaux et la communauté éducative.Profil recherchéNous recherchons des candidat(e)s désireux(ses) de contribuer à l’éducation de jeunes élèves en les accompagnant dans leur parcours scolaire et ayant une forte capacité d’écoute et de communication. Les candidat(e)s devront avoir une maîtrise parfaite de la langue française. La capacité à enseigner également en langue anglaise sera très appréciée.Une expérience professionnelle d’enseignement en établissement scolaire de minimum 2 ans est souhaitée. Une expérience d’enseignement en établissement français et une connaissance du système éducatif français, seront valorisées.",N/A,https://senjob.com/sn/jobseekers/professeur-d’anglais_e_161474.html
Instrumentiste,N/A,Dakar,"Maintenance, Entretien, Contrôle | Enseignement, Formation",2026-04-21,2026-05-06,"Responsabilités :•	Réaliser l’étalonnage et la calibration périodique de l’ensemble des instruments de mesure (pression, débit, température, niveau) et des analyseurs en ligne (pH, conductivité, chlore, turbidité, ORP).•	Diagnostiquer et résoudre les pannes sur les chaînes de mesure, depuis le capteur jusqu’à la carte d’entrée/sortie de l’automate.•	Effectuer la maintenance préventive des instruments : nettoyage des sondes, vérification des connexions, tests de fonctionnement.•	Participer à l’installation, au raccordement et à la mise en service des nouveaux instruments et s’assurer de leur bonne intégration au système de contrôle-commande.•	Tenir à jour la documentation technique.Profil requis•	BTS/DUT/licence professionnelle avec une spécialisation en instrumentation (ESP, IMEM, ESMT).•	Expérience de 3 à 5 ans minimum en tant qu’instrumentiste de maintenance, idéalement dans une industrie de process (chimie, pharmacie, énergie).•	Habilitations électriques pour intervenir dans les armoires (ex: B1V, BR). Une habilitation aux risques chimiques est un plus.",N/A,https://senjob.com/sn/jobseekers/instrumentiste_e_161473.html
Assistant Laboratoire,N/A,Dakar,"Production, Méthode, Industrie, Chimie | Industrie Pharmaceutique, Chimie, Cosmétique",2026-04-21,2026-05-06,"Pour le compte de l’un de nos clients, acteur du génie civil, nous recherchons un Assistant Laboratoire pour renforcer les équipes.Secteur : Génie CivilResponsabilités•	Réaliser le planning quotidien des prélèvements d’échantillons sur les points de contrôle définis (eau de mer brute, eau filtrée, perméat, eau traitée, rejets).•	Utiliser et entretenir les équipements de laboratoire : spectrophotomètre, turbidimètre, pH-mètre, conductimètre, titreurs automatiques et manuels.•	Assurer l’étalonnage et la vérification quotidienne des instruments de mesure du laboratoire pour garantir la fiabilité des résultats.•	Enregistrer rigoureusement tous les résultats d’analyse dans le système de gestion des informations du laboratoire (LIMS) ou sur les registres prévus.•	Participer à la gestion du stock de consommables et de réactifs chimiques, et veiller à la propreté et à l’organisation de l’espace de travail.Profil requis•	Bac+2/3 type BTS/DUT en Chimie, Bio-analyses et Contrôles, BTSA GEMEAU, ou Licence Pro dans un domaine similaire.•	Expérience de 3 à 5 ans minimum en tant que laborantin dans un laboratoire d’analyse des eaux ou un laboratoire industriel.•	La connaissance des risques chimiques est indispensable.",N/A,https://senjob.com/sn/jobseekers/assistant-laboratoire_e_161472.html
Responsable Atelier Mécanique,N/A,Dakar,"Maintenance, Entretien, Contrôle | Industrie Automobile, Mecanique, Navale",2026-04-21,2026-05-06,"•	Entreprise : ACFI•	Lieu : Zone industrielle DiamniadioÀ propos de ACFIACFI est une entreprise spécialisée dans la conception, fabrication et installation d’équipements industriels, notamment dans les secteurs des engrais, du convoyage et des procédés mécaniques.Nous développons des solutions adaptées aux réalités du terrain, avec une forte orientation production, robustesse et efficacité opérationnelle.Poste : Responsable AtelierACFI recrute un Responsable Atelier chargé de piloter la fabrication mécanique et d’assurer le respect des délais, qualité et productivité.Missions principales :•	Organisation et supervision de l’atelier (soudure, assemblage, fabrication)•	Planification de la production selon les projets•	Gestion des équipes (soudeurs, monteurs, techniciens)•	Contrôle qualité des fabrications•	Appui à la conception (CAO)•	Lecture et validation des plans•	Suivi des délais et optimisation des ressources•	Gestion des besoins en matériel et consommablesProfil recherché :•	Technicien confirmé ou Ingénieur en mécanique•	Expérience solide en fabrication métallique / mécanique•	Maîtrise de la lecture de plans (obligatoire)•	Compétences obligatoires en CAO (SolidWorks, Inventor ou équivalent)•	Bonne connaissance des procédés de fabrication (soudure, découpe, assemblage)•	Expérience en gestion d’équipe atelier•	Expérience en fabrication de machines agricoles (un atout)Qualités attendues :•	Leadership terrain•	Rigueur et sens de l’organisation•	Réactivité et capacité à gérer la pression•	Esprit pratique et orienté résultatsConditions :•	Type de contrat : (à définir)•	Rémunération : selon profil",N/A,https://senjob.com/sn/jobseekers/responsable-atelier-mécanique_e_161471.html
Comptable IPM,N/A,Dakar,"Comptabilité, Finances, Gestion | Banque, Assurance, Finances",2026-04-21,2026-05-06,"Dans le cadre du développement de notre Institut de Prévoyance Maladie (IPM), nous recrutons un(e) Comptable IPM avec une forte orientation en comptabilité analytique.Responsabilités•	Assurer la tenue de la comptabilité générale•	Mettre en place et suivre la comptabilité analytique•	Analyser les coûts, flux et écarts•	Suivre la gestion des stocks et des matières•	Produire des reportings et tableaux de bord•	Participer au suivi budgétaireProfil•	Bac+3 en comptabilité, finance, gestion ou équivalent•	2 à 3 ans d’expérience en comptabilité, avec une solide pratique de la comptabilité analytique.•	Une expérience dans des environnements tels que : industrie, logistique, production ou toute activité avec forte gestion de coûts et flux sera fortement appréciée.•	Bonne capacité d’analyse des coûts et des flux•	Rigueur, organisation et esprit d’analyse",N/A,https://senjob.com/sn/jobseekers/comptable-ipm_e_161470.html
"Expert en solutions informatiques, réseaux et vidéosurveillance",N/A,Dakar,"Informatique, Télécoms, Réseaux | Industrie Informatique, Télécoms, Téléservices",2026-04-21,2026-05-06,"Expert en solutions informatiques, réseaux et vidéosurveillance.Accompagnement complet des entreprises et des particuliers dans la transformation et la sécurisation de leur infrastructure numérique. Fort d’une expertise technique reconnue, j’interviens sur l’ensemble du cycle de vie des projets technologiques : de l’étude de faisabilité à la maintenance opérationnelle.Missions et expertises clés :•	Vidéosurveillance IP professionnelle : Conception et déploiement de systèmes CCTV multi-zones (HIKVISION, DAHUA, UBIQUITI) avec accès distant sécurisé par VPN.•	Infrastructure Réseaux : Audit, câblage structuré (Cat6, fibre optique) et administration de réseaux informatiques performants.•	Connectivité en zones isolées : Intégration et configuration de solutions satellites Starlink pour garantir un accès internet haut débit partout au Sénégal.•	Cybersécurité : Sécurisation des accès, durcissement (hardening) des équipements réseau et analyse de vulnérabilités pour protéger les infrastructures sensibles.•	Maintenance & Support : Support technique proactif, maintenance préventive du parc informatique et dépannage matériel.•	Gestion de projets industriels : Capacité à piloter des installations d’envergure sur des sites complexes (mines, usines, sites isolés) avec une logistique autonome.•	Engagement : Fournir des solutions robustes, fiables et parfaitement adaptées aux contraintes de terrain, tout en garantissant une totale confidentialité des données.",N/A,"https://senjob.com/sn/jobseekers/expert-en-solutions-informatiques,-réseaux-et-vidéosurveillance_e_161469.html"
Caissière/Vendeuse,N/A,Dakar,"Comptabilité, Finances, Gestion | Banque, Assurance, Finances",2026-04-21,2026-05-06,Profil recherchéMaîtrise des techniques de vente et des outils informatiques et caisses et minimum de 2 ans d’expérience.Une capacité de concentration et de vigilance.Participer aussi à la vente d’impulsion et au réassort léger.Excellent sens du relationnel et du service client.Rapidité d’exécution et résistance à la pression.,N/A,https://senjob.com/sn/jobseekers/caissière-vendeuse_e_161468.html
Coordinateur Energie de site,N/A,Dakar,"Ingénierie, Etudes, Projets, Recherche | Industrie Automobile, Mecanique, Navale | Energie, Eau, Environnement",2026-04-20,2026-05-05,"Missions et Responsabilités•	La direction de la technologie a pour mission principale :•	De livrer et d’opérer les services technologiques et électriques nécessaires pour la réussite des jeux (tout système informatique nécessaire pour la préparation et l’opération des jeux, la planification des ressources nécessaires, la gestion opérationnelle de la technologie et de l’électricité des sites, la gestion de l’acquisition des services technologiques et électriques ainsi que la coordination des différents fournisseurs de services, etc.)•	De gérer et d’accompagner le Comité des jeux autrement dit être un support aux autres directions et leurfournir tous les outils technologiques nécessaires à la réalisation de leurs tâches ;•	Innover et transmettre son savoir faire auprès des organisateurs d’événements sportifs, partage deconnaissance etc.Mission principale :Assurer la gestion opérationnelle, le suivi technique et la continuité énergétique du site assigné , tout en apportant un support transversal au Cluster Manager sur les activités du cluster, dans le respect des standards JOJ Dakar 2026.ResponsabilitésGestion énergétique de la venue•	Recueillir, challenger et consolider les besoins énergétiques de toutes les fonctions de la venue.•	Assurer la cohérence entre les besoins des FAs et les capacités disponibles.•	Participer au dimensionnement BT et à la de finition des solutions de secours de la venue.•	Veiller à la conformité des plans, schémas unifilaires et synoptiques électriques.•	Suivre les travaux d’installation électrique temporaire et permanente sur la venue.•	Contrôler la qualité d’exécution jusqu’à la mise en service.Préparation opérationnelle et readiness•	Piloter les essais, tests de charge, simulations de perte réseau et basculements multi-sources.•	Préparer les procédures de mise sous tension, exploitation et consignation.•	Assurer la disponibilité opérationnelle des groupes électrogènes, ATS, TGBT et réseaux BT.•	Identifier les vulnérabilités de la venue et proposer les actions correctives.•	Participer aux exercices de readiness et aux test eventsSupport au Cluster Manager•	Assister le Cluster Manager dans le suivi des sujets multi-sites.•	Consolider les reportings terrain et tableaux de bord de son cluster.•	Assurer le relais des standards, procédures et décisions énergie au niveau des venues.•	Contribuer à l’identification des risques cluster et aux plans de mitigation.•	Participer aux re unions de coordination cluster et aux points avec le prestataire énergie.•	Assurer le back-up du Cluster Manager sur certains sujets ope rationnelsCoordination et parties prenantes•	Etre le point focal énergie principal de la venue.•	Coordonner avec les équipes EGM, EVI, TEC, OBS, SEC etc.•	Assurer l’interface quotidienne avec le prestataire énergie, les équipes techniques et les partenaires de livraison.•	Participer aux réunions site, inspections techniques et visites conjointes.•	Escalader rapidement tout risque critique au Cluster Manager.Exploitation Games Time et gestion des incidents•	Superviser les ope rations énergie de la venue.•	Assurer la continuité de service sur les charges critiques.•	Coordonner la réponse aux incidents, pertes de source, surcharge ou de faillance d’équipements.•	Contribuer aux analyses post-incidents et au retour d’expérience.•	Garantir la traçabilité des évènements opérationnels et actions correctives.Qualifications et compétences requisesFormation et Expériences professionnelles :•	Diplôme d’ingénieur en énergie, électricité, électrotechnique, électromécanique ou équivalent.•	Une spécialisation en distribution BT, réseaux ou installations temporaires est un atout.•	2 à 5 ans d’expérience en exploitation ou supervision d’installations électriques BT.•	 Expérience sur site complexe, venue sportive, facility management ou grands événements appréciée.Compétences techniques :•	Bonne maîtrise des réseaux BT, TGBT, groupes électrogènes, ATS et systèmes de secours.•	Bonne lecture des schémas unifilaires et plans d’implantation.•	Connaissance des essais, tests de charge et procédures de basculement.•	Bonne culture terrain et suivi de chantier.Savoir être :•	Forte capacité de coordination terrain.•	Réactivité et gestion des priorités.•	Excellente communication avec les parties prenantes.•	Esprit d’analyse et orientation solution.•	Capacité à travailler sous pression avant et pendant Games Time.",N/A,https://senjob.com/sn/jobseekers/coordinateur-energie-de-site_e_161464.html
Spécialiste Business Development,N/A,Dakar,"Commercial, Vente, Business developpement | Distribution, Commerce, Import-Export",2026-04-20,2026-05-05,"Role Purpose:As a New Business Hunter at DHL Express, you will play a key role in driving growth through the acquisition of new customers in the heavier-weight express segment (typically 30–1000 kg per shipment). Your mission is to win new business by identifying and developing opportunities with customers who require reliable, time-definite, and international transport solutions.This role demands a dynamic, results-driven sales professional who thrives on winning new customers, understands complex logistics challenges, and embodies DHL’s “Insanely Customer Centric” culture.Main Tasks and Key Responsibilities:1. New Business Acquisition•	Proactively identify and secure new business opportunities focusing on heavier-weight shipments within your Country.•	Work closely with the Core and/ or Retail Sales Team to win heavier weight shipments by leveraging knowledge of the Customer; their industry and the freight forwarding environment.•	Develop a strong pipeline through targeted prospecting, networking, and strategic territory planning.•	Conduct in-depth customer needs analysis to provide customized DHL Express solutions that reconcile network capability, transit time, cost, and reliability.•	Negotiate and close new business opportunities ensuring profitable, sustainable growth for DHL Express.•	Collaborate with internal stakeholders to ensure smooth customer onboarding and handover to Core Sales for account management.•	Work proactively with the other DHL Group business units to respond to commercial opportunities for the Group.2. Market Development & Strategy•	Research and analyze market trends, customer sectors, and competitive activity to identify and prioritize target industries (e.g. industrial, automotive, technology, manufacturing, healthcare) as well as any other emerging ones.•	Leverage DHL’s global network, product portfolio, and digital tools to position DHL Express as the preferred provider for heavier-weight express shipments.•	Provide market feedback to Product, Pricing, and Marketing teams to support service innovation and competitiveness.3. Customer Relationship Management•	Leverage an existing professional network to unlock commercial opportunities for DHL Express.•	Build strong, trust-based relationships with decision-makers at potential customer organizations.•	Ensure a smooth transition from new business acquisition to account management, maintaining customer satisfaction during the onboarding phase.•	Uphold DHL’s high standards of service excellence and customer care.4. Sales Performance & Reporting•	Achieve or exceed individual new business revenue and profit targets.•	Maintain accurate records of all customer interactions, opportunities, and pipeline data in the CRM system (COMET/ STELLAR).•	Deliver timely reporting and sales forecasts to management.Job Requirements:•	Bachelor’s degree in Business, Sales, Logistics, Supply Chain, or a related field.•	3–5 years of proven success in B2B sales, preferably within express logistics, air freight, or transport sectors.•	Demonstrated ability to win and develop new accounts with complex logistics requirements.•	Experience selling heavier-weight or time-definite services is highly desirable.•	Strong understanding of international express logistics, cross-border trade, and customs processes.•	Familiarity with DHL Express products and value propositions (TDI, TDD, etc.) advantageous",N/A,https://senjob.com/sn/jobseekers/spécialiste-business-development_e_161463.html
Commercial de terrain,N/A,Dakar,"Commercial, Vente, Business developpement | Distribution, Commerce, Import-Export",2026-04-20,2026-05-05,"La commerciale de terrain est une personne qui vend les produits ou services d’une entreprise en rencontrant directement les clients. Elle se déplace souvent pour chercher de nouveaux clients et présenter les offres.Son travail consiste aussi à fidéliser les clients existants, répondre à leurs besoins et atteindre les objectifs de vente. Elle représente l’entreprise sur le terrain.Pour réussir, elle doit être dynamique, bien parler avec les clients, être organisée et persuasive. Ce métier peut offrir un salaire fixe avec des primes sur les ventes.",N/A,https://senjob.com/sn/jobseekers/commercial-de-terrain_e_161462.html
Responsable technique et de production alimentaire,N/A,Dakar,"Production, Méthode, Industrie, Chimie | Industrie Manufacturière, Production, Fabrication",2026-04-20,2026-05-05,"Le responsable de production et technique assure à la fois l’organisation de la fabrication et la gestion des aspects techniques de l’entreprise.Il participera aussi à la production.Il planifie et supervise la production afin de respecter les objectifs de qualité, de coûts et de délais. Il veille également au bon fonctionnement des machines, des équipements et des installations grâce à la maintenance préventive et corrective.En coordonnant les équipes de production et les techniciens, il garantit la sécurité, la performance et l’amélioration continue des processus pour assurer l’efficacité globale de l’entreprise.",N/A,https://senjob.com/sn/jobseekers/responsable-technique-et-de-production-alimentaire_e_161461.html
Chauffeur Yango,N/A,Dakar,"Achat, Supply Chain, Logistique, Transport | Transport, Logistique, Services postaux",2026-04-20,2026-05-06,GOCAB recrute des chauffeurs de Yango.Voiture avec Gaz et essenceOn autorisent les Voitures à Sortir hors de DakarConditions :•	Chauffeur responsable qui s’habillent bien•	On donne aussi des bonus de 15 000 CFA si tu fais 150 commandes par semaine.,N/A,https://senjob.com/sn/jobseekers/chauffeur-yango_e_161460.html
04 Assistant(e)s Techniques SAME (MATAM),N/A,matam,"Administration, Services généraux | Qualité, Sécurité, Environnement | Ingénierie, Etudes, Projets, Recherche | Organisation non gouvernementale, Association | Energie, Eau, Environnement",N/A,N/A,"NOM Assistant (e) technique ClimateRiceRÔLE Assistant.e TechniquesNIVEAU DE CONTRIBUTION V7MISSION SénégalBASE MatamDOMAINE Production /Mise en œuvre de projetsDEPARTMENT Mise en œuvre Projets MissionsCATÉGORIE PROFESSIONELLE Assistants(es) / Adjoints terrainACCOMPAGNÉ(E) NonGESTION D'ÉQUIPE NonBUDGET SNDKF0X0 - Dakar. Finanzas MisionesSUPERVISEUR  Chef de projetEXPLICATION DE CONTEXTEAction Contre la Faim met en œuvre au Sénégal des programmes visant à renforcer la résilience des communautés face à l’insécurité alimentaire, en intégrant de plus en plus les enjeux liés au changement climatique et à la durabilité des systèmes de production. Dans ce cadre, le projet ClimateRice vise à promouvoir des pratiques de riziculture durable dans la vallée du fleuve Sénégal, notamment à travers le développement du Système de Riziculture Intensive (SRI), permettant d’améliorer la productivité tout en optimisant l’utilisation de l’eau et en réduisant les émissions de gaz à effet de serre.Le projet s’inscrit également dans une approche innovante visant à explorer et développer des mécanismes de financement climatique, en particulier les crédits carbones, en partenariat avec des acteurs techniques et institutionnels tels que la SAED et CarbonFarm. Cette phase pilote constitue une étape clé pour tester la faisabilité technique et opérationnelle de ces approches, avec une perspective de mise à l’échelle à plus grande échelle en cas de résultats probants.ACCIÓN CONTRA EL HAMBRERÉSUMÉ DE JOB PROPOS GÉNÉRALL’Assistant(e) Technique appuie la mise en œuvre du projet Climate Rice en accompagnant les producteurs et productrices dans l’adoption des pratiques du Système de Riziculture Intensive (SRI), notamment les techniques de gestion optimisée de l’eau (AWD).Il/elle contribue au changement de pratiques agricoles à travers un appui technique de proximité et favorise l’engagement des acteurs communautaires. En collaboration avec le/la Chef(fe) de Projet, il/elle assure la collecte et la transmission des données du projet, notamment dans le cadre du système de suivi, rapportage et vérification (MRV).Il/elle travaille en lien étroit avec les partenaires (SAED, ANCAR, collectivités, organisations de producteurs) afin de garantir une mise en œuvre efficace et coordonnée du projet.FONCTIONS ET RESPONSABILITÉS PRINCIPALESObjectif 1: Assurer la représentation d’ACF auprès des partenaires locauxParticiper aux réunions de coordination avec les partenairesAssurer une collaboration étroite avec les acteurs communautaires et institutionnelsSensibiliser les producteurs et productrices aux objectifs du projet et favoriser leur adhésionPromouvoir la participation active des femmes et des jeunesObjectif 2: Assurer l’accompagnement technique des producteurs et productrices de riz• Participer à l´identification des producteurs et productrices et appuyer la formalisation des accords de participation au projet• Former et accompagner les producteurs sur les pratiques du SRI (repiquage, gestion de l’eau/AWD, fertilisation, etc.)• Assurer le suivi régulier des parcelles et appuyer la mise en œuvre des activités• Contribuer à la planification et à l’exécution des activités communautaires• Superviser les producteurs et productrices dans l’adoption de bonnes pratiques culturales du SRI (Planage, Semis, repiquage, désherbage, épandage d’amendement organique, gestion de la lame d’eau…)• Participer aux actions de sensibilisation sur la pratique SRI (radios, sessions communautaires)• Anticiper tout problème lié à la mise en œuvre des activités sur le terrain et participer à l´identification de solutions dans les meilleurs délaisObjectif 3 :Appuyer le Suivi, l’évaluation et capitalisation du projet Asurer le suivi opérationnel des activités et la mise à jour des plannings d’activités ;• Contribuer à la qualité, la collecte, la transmission des données (MRV) et l’archivage Participer au reporting (hebdomadaire, mensuel)• Appuyer le système de suivi-évaluation en lien avec le MEAL Officer Participer aux réunions de projet et aux cadres de concertation  *• Contribuer à la mise en place du mécanisme de redevabilité communautaire Réaliser toute autre tâche demandée par le management du projet.PROCESS MP2.1-P3 - ExecutionBESOINS DU POSTE COMPÉTENCESTravail en équipe Motivation Organisation et planification Communication efficace et synthèse Capacité d'analyse Négociation Orientation aux résultats Analyse et résolution des problèmes/conflitsCOMPÉTENCES, CONNAISSANCES ET AUTRES REQUIS-Bac +3/4 en Agronomie, Génie Rural, développement communautaire, Climatologie, Changement Climatique et Développement Durable, Economie Rurale, Environnement ou toute autre discipline équivalente.-Au moins 2 à 3 ans d’expérience dans la mise en œuvre ou l’animation de projets de développement, notamment dans les domaines de la sécurité alimentaire, du développement rural, du changement climatique ou des activités génératrices de revenus-Titulaire d’un permis pour la conduite de moto (obligatoire)-Bonne compréhension du cycle de gestion de projet.-Des enjeux liés au genre et au changement de pratiques (approches comportementales)  y-Bonne capacité de communication, d’animation et de facilitation communautaire-Bonnes capacités d’analyse et de rédaction ;-Maîtrise des outils informatiques et bureautique.-La maitrise des outils numériques de collecte de données est un atout-Connaissance des organisations paysannes et des dynamiques communautaires-Connaissance des principes d’agroécologie et des systèmes agricoles irrigués (idéalement riziculture)-Expérience dans un projet agricole, idéalement en lien avec la riziculture-Expérience en formation, accompagnement et encadrement de producteurs ou d’équipes multidisciplinaires et dans l’accompagnement des organisations paysannes ou faitières-Expérience dans des projets impliquant un changement de pratiques (agricoles ou communautaires)-Expérience de travail dans la région de Matam ou dans un contexte similaire-Bonne capacité d’organisation, de planification et sens de la rigueur-Capacité d’adaptation et flexibilité dans un environnement de travail dynamique.-Aptitude à travailler en équipe et à contribuer à un bon climat de travail-Capacité à travailler de manière autonome, avec esprit d’initiative-Bonne résistance au stress et capacité à gérer la pression ;-Capacités de communication, de médiation et de résolution de conflits-Capacité à évoluer dans un environnement multiculturel et multidisciplinaire-Intérêt pour l’apprentissage continu et le renforcement de ses compétencesENGAGEMENTS ENVERS L'ÉGALITÉ DES GENRES ET LA TOLÉRANCE ZÉRO AUX ABUSLe/la titulaire du poste est tenu(e) d’adopter un comportement conforme aux principes éthiques de l’organisation, de signaler toute situation de risque ou de violation et de contribuer à la création d’un environnement de travail sûr, respectueux et inclusif.",N/A,https://senjob.com/sn/jobseekers/04-assistant-e-s-techniques-same--matam-_e_161530.html
Agents distributeur,N/A,zone rural...,"Marketing, Communication | Services et Prestations aux Entreprises | Distribution, Commerce, Import-Export",N/A,N/A,"A propos de nous :SamaMbey SUARL est une entreprise sociale évoluant dans le domaine agricole.Nous intervenons dans de nombreuses régions du Sénégal. Sama Mbey vise à améliorer les conditions de vie des petits producteurs en milieu rural et veut les aider à sortir de la pauvreté.Chez SamaMbey les petits agriculteurs peuvent se financer s'ils ont le bon outil pour payer petit à petit en avance pour les intrants. Notre vision et objectif à travers notre Étoile polaire sont de travailler avec 1 million de petits producteurs à l’horizon 2026. En plus, SamaMbey Suarl s’engage dans le domaine du développement communautaire en menant  des actions de sensibilisation en nutrition, santé et hygiène.Intitulé du poste :Agent distributeurLocalisation :La prestation se déroulera en milieu rural, dans les zones d'intervention de Sama Mbey, réparties sur trois régions administratives du Sénégal : Matam  Bakel, Hamady Ounare, Matam, Thilogne Kolda    Dabo, Bourocco,Kounkane, Médina Yoro Foula, Tanaff, Vélingara Sédhiou / Ziguinchor Bignona, Bounkiling, Diattacounda, Marsassoum, Médina WandifaNombre de postes:36Type de contrat:Prestation de serviceRôles et responsabilitésLes agents distributeurs auront pour missions :1. VENTE & MOBILISATION- Développement commercial- Assister l'équipe de vente dans l'atteinte des objectifs de paquets finis- Réviser l'outil « Constitution de paquet 2026 » pour le maîtriser- Organiser les intrants selon l'outil de déchargement/chargement- Préparer des lots de paquets en avance- Assister à la formation distributeur organisée par le FC de la zone- Expliquer le contenu de chaque paquet au client- S'assurer que chaque client confirme avoir reçu 100 % des éléments inclus dans son paquet livré- Organiser les intrants restants pour assurer le chargement rapide du camion- Appuyer le chargement des intrants restants- Prospecter activement de nouveaux clients et fidéliser les producteurs existants2. LIVRAISON & SUIVI LOGISTIQUE- Gestion opérationnelle des livraisons- Être présent sur le site de livraison du début à la clôture.- Remplir les bordereaux de livraison.- Effectuer le décompte des paquets en début et fin de journée, et reporter les chiffres sur le bordereau.Cette liste n’est pas exhaustive, ces activités peuvent être adaptées aux besoins spécifiques de Sama Mbey, ainsi qu’aux objectifs et ressources disponibles.Compétences requises1. SAVOIR-FAIRE (Compétences techniques)- Expérience en vente et mobilisation communautaire en milieu rural.- Capacité à gérer des opérations logistiques (décomptes, bordereaux).- Connaissance du secteur agricole  (un atout).2. SAVOIR-ÊTRE (Qualités personnelles)- Force de persuasion : Capacité à convaincre les producteurs et motiver les VEs.- Rigueur et organisation : Respect strict des procédures de livraison et de reporting.- Autonomie et réactivité : Capacité à travailler en zone rurale avec des contraintes logistiques.- Esprit d’équipe : Collaboration étroite avec les VEs et le staff Sama Mbey.Autres compétences souhaitées:- Flexible : Sama Mbey est une organisation en pleine croissance qui se caractérise par des changements réguliers;- Humble : la personne est capable de partager ses connaissances tout en étant à l'écoute des défis des producteurs;- Efficace et proactif: la personne sait faire preuve d’autonomie et de créativité afin d’organiser ses activités;- Orienté vers l’action : la personne sait analyser les données et interpréter les chiffres afin de proposer et de développer des actions;- Ouvert aux retours constructifs.Le candidat idéal doit:- Avoir une expérience professionnelle antérieure dans le domaine du coaching/développement des compétences;- Être originaire de la zone pour laquelle il postule (myAgro recrute à travers plusieurs zones);Profil recherché- Minimum niveau Bac avec une expérience probante en agronomie, en développement communautaire ou dans un autre domaine connexe;- 1 an d’expérience prouvée et vérifiée en tant que agent de terrain;- Capacité à se focaliser sur l’atteinte des résultats;- Excellentes compétences en communication et en travail d’équipe,- Maîtrise orale et écrite, en français et wolof, mandingue, poular (selon la zone);- La connaissance d’autres langues locales est considérée un atout;- Maîtrise de l’outil informatique.Sama Mbey est un employeur garantissant l'égalité des chances. Nous célébrons la diversité et nous nous engageons à créer un espace inclusif permettant à tous les employés de se sentir valorisés pour leurs compétences, leurs expériences et leur point de vue unique. Sama Mbey offre des opportunités d'emploi égales à tous les employés et candidats sans distinction de race, de couleur, de religion, d'orientation sexuelle, de statut matrimonial/parental, d'origine nationale, d'âge, de handicap, d'opinion politique, de statut social, de statut d'ancien combattant, de génétique ou de toute autre base protégée par la loi applicable.",N/A,https://senjob.com/sn/jobseekers/agents-distributeur_e_161306.html
Chargé de communication,gmail,SALY (MBOU...,"Marketing, Communication | Organisation non gouvernementale, Association | Communication, Marketing, Médias",N/A,N/A,"À propos de nousL’association ALEFS intervient à SALY / MBOURl dans les domaines de l’éducation et de l’accompagnement des enfants et des femmes vulnérables.Forte de plusieurs années d’engagement et d’actions concrètes sur le terrain, ALEFS souhaite aujourd’hui renforcer sa communication pour :-mieux valoriser ses actions,-développer sa visibilité,-structurer ses outils,-et préparer des partenariats avec des acteurs institutionnels.Le posteNous recrutons un(e) Chargé(e) de communication opérationnel(le) capable de produire, organiser et diffuser les contenus de communication de l’association.-Il s’agit d’un poste très concret, orienté action, avec un impact direct sur la visibilité de l’association.-Vos missions-Communication quotidienne (priorité)Mettre à jour le site internet (WordPress)Rédiger des articles à partir des activités terrainAnimer les réseaux sociaux (Facebook, Instagram, TikTok)Élaborer et suivre un calendrier éditorialCréer des visuels simples (Canva)Réaliser de courtes vidéos (30 à 90 secondes)Participer à la diffusion d’une newsletter trimestrielleOrganiser les contenus (photos, vidéos, documents)-Objectif: remettre en place une communication régulière, structurée et fiable-Structuration des supports-Harmoniser les documents institutionnels (plaquette, supports, etc.)-Organiser une banque d’images et de vidéos-Mettre en forme les rapports d’activité-Appuyer la rédaction de projets et dossiers-Adaptation des contenusVous adaptez la communication selon les publics :Parrains et bénévolesDonateursGrand publicFuturs bénévoles / stagiairesPartenaires institutionnels-Profil recherchéIndispensable :Expérience antérieure de 5 ans en entreprise ou associationExcellente rédaction en françaisBonne maîtrise des réseaux sociauxConnaissance de WordPressMaîtrise de Canva (ou équivalent)Capacité à faire des montages vidéo simplesOrganisation, autonomie et rigueurBonne maîtrise des outils bureautiquesAtouts supplémentaires :Expérience dans une ONG ou associationConnaissance du contexte sénégalaisSensibilité aux enjeux sociauxMaîtrise de DropboxNotions d’anglais-Conditions-CDD de 6 mois renouvelable-Temps plein privilégié (¾ temps partiel possible)-Télétravail partiel avec présence à Saly (minimum 2 jours/semaine)-Rémunération selon profil et expérience-Évaluation à 6 mois-Pourquoi rejoindre ALEFS ?Un poste utile et concret, avec un impact directUne association reconnue localementUne grande autonomie dans le travailUne mission porteuse de sens",alefsenegal@gmail.com,https://senjob.com/sn/jobseekers/chargé-de-communication_e_161258.html
VP Head of Ericsson Research,N/A,Dakar,"Direction générale, Management | Organisation non gouvernementale, Association",2026-04-20,2026-05-05,"As the Head of Ericsson Research, you will serve as the thought leader and driver for our long-term technological vision.Reporting directly to the Group CTO, you will lead a world-renowned global organization dedicated to exploring and developing new break-through connectivity and AI technology.This is a role for a visionary leader who can bridge the gap between breakthrough scientific exploration and global industrial leadership, ensuring Ericsson remains at the absolute forefront of technology.The Mandate•	Strategic Stewardship: Direct a global workforce of over 800 professionals across 14 countries, fostering a culture of excellence, intellectual curiosity, and high-performance delivery.•	Innovation Ecosystems: Work in close cooperation with all Business Areas, Development Units, Market Areas and key Customer Units, as well as partners, leading customers, top-tier universities and research institutes.•	Technological Leadership: Secure Ericsson’s leadership in the global market by balancing long-term exploration with tangible technology transfers that fuel our product and service roadmaps.•	Global Advocacy: Represent Ericsson within the scientific community and at major international fora, shaping the global discourse on future technologies.Executive Profile & CompetenciesVisionary & Strategic Agility•	A proven ability to translate macro-industry trends and customer insights into a robust research agenda.•	Deep mastery of the interplay between innovation complexity and evolving business models.Technical & Domain Mastery•	Extensive expertise across the full stack: Radio, AI,  Network Architecture, Security, and Hardware/Software co-design.•	A specific focus on distributed, realtime AI, including AI-native networks, compute paradigms, and the integration of AI into the very fabric of research methodology.Operational Excellence•	Significant experience leading large-scale, global R&D organizations with a track record of successfully managing « leaders of leaders. »•	A sophisticated understanding of standardization strategies and open source dynamics as levers for market influence.Ecosystem & Influence•	An established global network spanning academia (top-tier professors/universities) and industry (C-suite technology executives).•	Exceptional communication skills, with the presence and gravitas to distil complex technical concepts for diverse, global stakeholders.Requirements•	Academic Background: PhD or MSc in a relevant field; a distinguished career in senior line management within a global context.•	Location: Stockholm, Sweden (Global HQ).•	Reporting Line: Member of the Group Function Technology Leadership Team, reporting to the CTO and Head of Group Function Technology.",N/A,https://senjob.com/sn/jobseekers/vp-head-of-ericsson-research_e_161459.html
Chargé de Recrutement,N/A,Dakar,"Ressources Humaines, Formation | Organisation non gouvernementale, Association",2026-04-20,2026-05-06,"Nous recrutons un Chargé de Recrutement pour un de nos clients évoluant dans le BTP.Missions principales:•	Définir les profils à recruter en collaboration avec les responsables opérationnels•	Rédiger et diffuser les offres d’emploi sur les supports appropriés•	Réceptionner, trier et analyser les candidatures•	Mener les entretiens téléphoniques, physiques ou en Visio•	Proposer une short-list argumentée à la hiérarchie•	Assurer le suivi du processus de recrutement jusqu’à l’intégration du candidat•	Participer à l’élaboration de la politique de recrutement de l’entreprise•	Gestion du personnel tout en assurant le calendrier du personnel•	Créer une base de données pour le personnel•	Gérer en interne les demandes du personnel•	Veuillez à la validité des documents : Visites médicales, carte d’identité, diplômes, Attestations, passeport etc.•	Gérer le personnel en cas de mission en collaboration avec la logistique : logement, billet d’avion en s’assurant que le personnel est arrivé en bon port•	Collaborer avec la comptabilité et le juriste afin de s’assurer que les formalités sont à joursProfil recherché:•	Expérience confirmée dans le domaine du recrutement•	Maîtrise du logiciel SAGE, des outils bureautiques et des plateformes de recrutement•	Bonne capacité rédactionnelle et aisance relationnelle maîtriséeQualités requises:•	Rigueur et sens de l’organisation•	Intégrité et respect de la confidentialité•	Pro-activité et sens de l’initiative•	Vif d’esprit et réactivité face aux imprévus•	Mental d’acier, capable de gérer la pression et les enjeux stratégiques•	Esprit de discernement pour évaluer les profils avec objectivité•	Vision de la politique d’entreprise, capacité à aligner les recrutements sur les valeurs et les•	objectifs de la structure•	Esprit de dépassement, positif, fédérateur, empathique•	Discrétion professionnelle",N/A,https://senjob.com/sn/jobseekers/chargé-de-recrutement_e_161458.html
Chargé(e) de Finance / Finance Officer (2 postes),N/A,Dakar,"Comptabilité, Finances, Gestion | Banque, Assurance, Finances",2026-04-20,2026-05-01,"À propos de CRSCatholic Relief Services (CRS) est l’agence humanitaire internationale officielle de la communauté catholique des États-Unis. CRS met en œuvre des programmes dans plus de 100 pays pour sauver, protéger et transformer des vies. Au Sénégal, CRS met en œuvre le programme CGPP – Santé Maternelle, Néonatale et Infantile & Nutrition (MCH & Nutrition) en partenariat avec deux organisations locales de mise en œuvre. Le programme intervient en étroite collaboration avec le système de santé national, notamment les Directions Régionales de la Santé, les districts sanitaires et les postes de santé, dans les régions de Diourbel et Tambacounda.Résumé du posteLe/La Finance Officer appuie la gestion des systèmes, procédures et opérations financières du projet MCH & Nutrition (CGPP) au niveau des zones d’intervention. Il/Elle veille à la conformité des transactions financières avec les standards de CRS, les principes comptables généralement reconnus (GAAP), les exigences des bailleurs et les réglementations locales, pour soutenir des programmes de haute qualité au service des personnes pauvres et vulnérables Le poste contribue à la qualité des programmes en assurant une gestion financière rigoureuse, transparente et conforme, tout en soutenant les partenaires de mise en œuvre dans le respect des procédures financières.Rôles et responsabilités clés•	Examiner les transactions financières et les pièces justificatives afin de garantir leur exactitude, complétude et conformité aux procédures CRS et aux exigences des bailleurs.•	Assurer la saisie et l’enregistrement des transactions financières dans le système comptable (Insight), conformément aux autorisations appropriées.•	Contribuer à la tenue à jour des données financières nécessaires au suivi des comptes du projet dans les zones d’intervention.•	Effectuer des revues régulières des comptes afin d’identifier les irrégularités et assurer leur correction en temps opportun.•	Appuyer la préparation des rapports financiers périodiques du projet, selon les besoins internes et des bailleurs.•	Contribuer à l’évaluation des capacités de gestion financière des partenaires de mise en œuvre et appuyer leur renforcement en matière de procédures financières, de conformité et de gestion des transactions.•	Assurer le suivi des dépenses du projet au niveau terrain, en veillant à leur alignement avec les budgets approuvés et les plans de travail.•	Appuyer la préparation des audits internes et externes en assurant la disponibilité, la qualité et la traçabilité des documents financiers.•	Assurer le partage d’informations et la sensibilisation du personnel et des partenaires sur les politiques financières, les procédures et les exigences de conformité.Qualifications de base•	Diplôme (Bac+2 minimum) en comptabilité, finance, économie, gestion ou domaine connexe requis. Une certification professionnelle (CPA, ACCA ou équivalent) constitue un atout.•	Minimum de5 ans d’expérience en comptabilité ou gestion financière, de préférence dans une ONG ou une organisation internationale.•	Une expérience dans la gestion financière de projets financés par des bailleurs est fortement souhaitée.Qualifications souhaitées•	Expérience avec des ONG internationales ou institutions financières.•	Connaissance des règles et procédures des bailleurs publics (ex. USAID) souhaitée.•	Expérience avec des logiciels de gestion financière (ex. Insight) constitue un atout.Connaissances, compétences et aptitudes•	Maîtrise avancée d’Excel et bonne connaissance de Word et PowerPoint.•	Solides capacités analytiques avec aptitude à détecter et signaler les incohérences.•	Excellentes capacités organisationnelles et souci du détail.•	Respect strict des normes éthiques et de confidentialité.•	Approche proactive, orientée solutions et résultats.•	Capacité à travailler en équipe et à interagir efficacement avec des partenaires.Langues requises•	Français (obligatoire)•	Anglais (souhaité)Déplacements : Doit être disposé(e) et capable d’effectuer des déplacements jusqu’à 30 % dans les zones d’intervention.Responsabilités de supervision : AucuneAvertissement : Cette description de poste n’est pas une liste exhaustive des compétences, du travail, des devoirs et des responsabilités associés au poste de travail.Employeur respectueux de l’égalité des chances, et sensible aux question genre, CRS encourage fortement les candidatures féminines.En postulant à cet emploi, je comprends et reconnais que CRS exige de son personnel qu’il traite toutes les personnes avec dignité et respect et qu’il prévienne activement le harcèlement, la maltraitance, l’exploitation et le trafic d’êtres humains. De plus, je comprends que si je suis un candidat retenu, je serai soumis à une vérification approfondie des antécédents ; que mes références personnelles / professionnelles seront utilisées pour évaluer mes comportements liés aux sujets susmentionnés relatifs à la protection et que je dois apporter la preuve de mes diplômes/attestations cités dans le CVLes procédures d’acquisition de compétences reflètent notre engagement à protéger les enfants et adultes vulnérables des abus et de l’exploitation.",N/A,https://senjob.com/sn/jobseekers/chargé-e--de-finance---finance-officer--2-postes-_e_161457.html
Gestionnaire de Projet / Project Manager (2 postes),N/A,Dakar,"Direction générale, Management | Organisation non gouvernementale, Association",2026-04-20,2026-05-01,"À propos de CRSCatholic Relief Services (CRS) est l’agence humanitaire internationale officielle de la communauté catholique des États-Unis. CRS met en œuvre des programmes dans plus de 100 pays pour sauver, protéger et transformer des vies. Au Sénégal, CRS met en œuvre le programme CGPP – Santé Maternelle, Néonatale et Infantile & Nutrition (MCH & Nutrition) en partenariat avec deux organisations locales de mise en œuvre. Le programme intervient en étroite collaboration avec le système de santé national, notamment les Directions Régionales de la Santé, les districts sanitaires et les postes de santé, dans les régions de Diourbel et Tambacounda.Résumé du posteLe/La Project Manager – MCH & Nutrition gère, coordonne et assure le suivi des activités du projet ainsi que les relations avec les partenaires et autres parties prenantes afin de contribuer à l’atteinte des objectifs du programme CGPP MCH & Nutrition au Sénégal. Ses compétences en gestion de projet et sa connaissance du domaine permettront d’assurer une mise en œuvre de qualité et une amélioration continue de l’impact du programme, conformément aux principes de qualité programmatique de CRS.Rôles et principales responsabilités•	Assurer la conduite des activités techniques, de gestion budgétaire, de suivi et de reporting tout au long du cycle du projet (démarrage, mise en œuvre, clôture), conformément aux principes de qualité programmatique de CRS, aux exigences des bailleurs et aux bonnes pratiques.•	Gérer et superviser les équipes projet.•	Assurer une bonne dynamique d’équipe et le bien-être du personnel. Fournir du coaching, contribuer au développement des plans individuels et participer aux processus de recrutement et d’évaluation de performance.•	Veiller à ce que l’apprentissage accompagne les activités du projet tout au long de son cycle. Soutenir la redevabilité à travers la coordination des activités d’évaluation conformément à la politique MEAL.•	Identifier de manière proactive les problèmes et informer les ajustements nécessaires.•	Renforcer les partenariats liés au projet, en appliquant de manière appropriée les concepts, outils et approches de partenariat de CRS.•	Représenter CRS auprès des autorités sanitaires (DRS, districts, postes de santé), des partenaires locaux, des groupes de travail et autres acteurs pertinents dans le domaine MCH & Nutrition.•	Déterminer les activités nécessaires à la mobilisation et à la gestion des ressources financières, matérielles et humaines pour une mise en œuvre de qualité. Conduire des revues budgétaires périodiques et assurer le suivi des rapports financiers des partenaires.•	Identifier les besoins en renforcement de capacités du personnel et des partenaires et contribuer à la mise en œuvre des actions de renforcement nécessaires.•	Contribuer à l’analyse des tendances, à la documentation des résultats et à la gestion documentaire du projet conformément aux exigences CRS et bailleurs.Qualifications de base•	Licence (Bachelor’s Degree) requise.•	Minimum de 5 à 8 ans d’expérience professionnelle en gestion de projet, idéalement dans le domaine programmatique concerné et au sein d’une ONG.Qualifications souhaitées•	Master en relations internationales ou dans le domaine programmatique concerné, un atout.•	Expérience pertinente en gestion de subventions, notamment avec des bailleurs publics (USG ou autres), un atout.•	Capacité à contribuer à l’élaboration de propositions techniques, un atout.Connaissances, compétences et aptitudes•	Expérience en supervision du personnel.•	Expérience de collaboration avec des parties prenantes à différents niveaux et de renforcement des partenariats communautaires.•	Expérience dans l’analyse des données et la contribution à des rapports d’évaluation.•	Maîtrise des outils informatiques MS Windows et MS Office (Excel, Word, PowerPoint).•	Esprit critique et capacités de résolution de problèmes, avec aptitude à porter des jugements éclairés.•	Solides compétences en gestion des relations et capacité à travailler efficacement avec des acteurs locaux, y compris en représentation.•	Capacité à contribuer à la rédaction de rapports.•	Approche proactive, orientée résultats et service.•	Sens du détail, précision et respect des délais dans l’exécution des responsabilités assignées.Langues requises•	Français requis. Anglais professionnel souhaité.Déplacements : Doit être disposé(e) et capable d’effectuer des déplacements jusqu’à 50 % du temps, selon les besoins du projet notamment dans les zones d’intervention (Diourbel ou Tambacounda)Responsabilités de supervision : OuiAvertissement : Cette description de poste n’est pas une liste exhaustive des compétences, du travail, des devoirs et des responsabilités associés au poste de travail.Employeur respectueux de l’égalité des chances, et sensible aux question genre, CRS encourage fortement les candidatures féminines.En postulant à cet emploi, je comprends et reconnais que CRS exige de son personnel qu’il traite toutes les personnes avec dignité et respect et qu’il prévienne activement le harcèlement, la maltraitance, l’exploitation et le trafic d’êtres humains. De plus, je comprends que si je suis un candidat retenu, je serai soumis à une vérification approfondie des antécédents ; que mes références personnelles / professionnelles seront utilisées pour évaluer mes comportements liésaux sujets susmentionnés relatifs à la protection et que je dois apporter la preuve de mes diplômes/attestations cités dans le CVLes procédures d’acquisition de compétences reflètent notre engagement à protéger les enfants et adultes vulnérables des abus et de l’exploitation.",N/A,https://senjob.com/sn/jobseekers/gestionnaire-de-projet---project-manager--2-postes-_e_161456.html
Investment Officer,N/A,Dakar,"Comptabilité, Finances, Gestion | Banque, Assurance, Finances",2026-04-20,2026-05-05,"The IO/ SIO will be strongly engaged in business development and execution of mandates. Both origination activities and the preparation work of complex PPP transactions may require close collaboration within the World Bank Group to ensure consistency with the countries’ strategy, access to expertise in institutional and sector reforms, and the development of legal and regulatory frameworks (tariff structures, and others), as may be necessary.  The work of the IO/SIO will be carried out under the supervision of and in close collaboration with the Western Africa Hub Leader. Further to the activities developed in the Western Africa region, the IO/ SIO could also be required to work across the broader Africa region, depending on business needs.The position is based in Dakar, Senegal and the IO/ SIO will report to the Western Africa Hub Leader based in Abidjan.ResponsibilitiesThe IO/SIO’s work will involve business development and the implementation of advisory mandates of a variety of PPP types. These activities require, among others, strong interactions with government clients aimed at signing new mandates and execution of the same. Duties will include, but will not be limited to:•	Actively contribute to the business targets for the Hub, in terms of increase of pipeline of projects, closings and yearly mobilization targets.•	Develop client relationships and project leads in the Western Africa region and carry marketing activities with out of the box thinking in assigned countries/strategic infrastructure sectors.•	In developing marketing activities, the IO/SIO will collaborate with other WB/IFC teams to identify opportunities based on country strategies and market creation potential.•	Lead in the negotiation of the mandates with clients and ensure supervision of the preparation of commercial proposals, etc.•	When appropriate, undertake project scoping to assess the feasibility of potential projects.•	Prepare/review memos and documentation for internal approval and consultant procurement processes and manage the projects’ budget.•	Foster strong relationships with World Bank Group counterparts to identify collaboration opportunities while enhancing business delivery at the country level.•	Understand the political, legal, and regulatory impediments permitting private sector participation in the working countries and work closely with the other parts of the WBG to overcome these.•	Lead the day-to-day management of project preparation, leading teams working on sell-side PPP mandates, including managing legal, technical, environmental, and other consultants; review the consultants’ outputs, reports, analysis, financial models, etc.•	Demonstrate mastery of financial modeling and project finance related analyses to assess bankability of potential projects and be able to supervise teams / juniors undertake financial analyses to support structuring of projects.•	Develop transaction structure options for the PPP projects being implemented providing innovative and practical solutions to address the client’s problems, while ensuring the Projects’ bankability and long-term sustainability. Present and negotiate the proposed project structure with the Client after obtaining IFC approval.•	Assist in the organization and management of the tendering process of projects, including marketing of projects, participating in road shows, and preparation of Prequalification and Request for Proposals documents. Assist during the selection and project award processes and final negotiation of project agreements leading to deal closing. Strong negotiation skills to develop solutions and overcome impasses in transactions is paramount.•	Participate/lead meetings with government clients and investors.•	In the preparation of the Projects, coordinate closely with other parts of IFC including environmental, social, legal, or other advice, and if appropriate, investment and World Bank colleagues to provide bespoke solutions to ensure Projects achieve expected sustainable development impact.•	Develop, coach, motivate, and manage junior members of the team.•	As appropriate, participate in the development and implementation of upstream activities in line with IFC 2030 to create, deepen, and expand markets with the regional and global teams from across IFC and the WBG.•	As appropriate, contribute to the elaboration of the sub-regional strategy.•	Support Corporate Finance mandates, both in terms of origination and execution that may include the preparation and delivery of pitch presentations to companies, reviewing and advising on corporate structure, balance sheet structure, valuation, prospectus review, corporate governance, etc.•	As requested, participate in the preparation of the regional strategy for the PPP advisory business, with a focus on strategic priorities, mobilization of private investment, and development of climate-friendly and high-impact projects.•	Support knowledge management by helping to disseminate PPP and CFS knowledge and experience and,•	Assist in other PPP projects across the larger region or strategy-related activities, as the need may ariseSelection Criteria•	Masters in Business Administration, Finance or Economics or similar relevant education.•	Minimum of 8+ years for the IO position and minimum of 12 years for the SIO position of relevant experience in PPP transaction advisory on buy and/or sell side, investment banking, project finance or corporate finance with a leading institution. PPP transaction advisory work experience in the region is desirable.•	4-5 years of experience of sell//buy-side M&A advisory is a plus;•	Knowledge of overall infrastructure sector trends and experience in infrastructure transactions/PPPs preferably in Africa;•	Business development and client relationship skills with ability to focus on clients’ needs effectively;•	Proven track-record in originating, advising, structuring, and executing infrastructure transactions•	Strong grasp of legal documentation including risk allocation related to PPP projects including concessions and privatizations, ensuring prudent and sustainable risk sharing among all parties.•	Sound business judgment in identifying potential business and development partners and other key stakeholders and ability to interact directly and independently with senior government officials, and potential investors. Strong existing relationships with government officials and investors in the infrastructure space in Western Africa is preferred;•	Ability to manage teams in multiple transactions•	Strong analytical and financial modeling/structuring skills and demonstrated ability to lead a variety of transaction advisory, including debt, and equity transactions;•	Proactively address and resolve client challenges with a solution-focused approach, effectively engaging decision-makers when necessary•	Strong analytical and conceptual skills and ability to communicate ideas clearly and confidently (written and oral);•	Ability to operate in large, culturally diverse, and geographically dispersed teams;•	Proven experience building productive relationships and fostering open communication across diverse teams and organizations to share knowledge and resources.•	Strong interpersonal skills with demonstrated record of accomplishment in leading, motivating and managing multidisciplinary and multicultural teams•	Strong commitment to project success, delivering innovative and sustainable solutions, while overcoming obstacles.•	Building organizational capacity through system and process improvements•	Ability to work under pressure, travel on short notice and frequently, and deliver high-quality work within deadlines to meet team objectives;•	Highly motivated, committed to the highest ethical standards, and aligned with the World Bank Group and IFC’s mission, strategy, and values, and•	Excellent oral and written communication skills in English, mastery of the French language (oral and written) is required, Portuguese is a plus.",N/A,https://senjob.com/sn/jobseekers/investment-officer_e_161455.html
Stagiaire Tarification,N/A,Dakar,"Comptabilité, Finances, Gestion | Banque, Assurance, Finances",2026-04-20,2026-05-05,"ResponsibilitiesPricing Operations & Execution (Core Responsibilities)•	Execute transactional pricing activities accurately and within deadlines•	Support the preparation of pricing proposals and customer bids (RFPs)•	Coordinate with internal teams to gather required information for Procurement to source the right capacity.•	Follow-up with procurement for on time feedback.•	Maintain and update pricing data in internal systems (TMS, rates sheet…)Data Quality & Control•	Perform routine checks and audits on pricing entries and sales inputs to ensure profitability. Identify discrepancies and escalate issues to the Product Manager•	Ensure consistency and accuracy of pricing data across systems and contracts•	Ensure compliance with internal pricing policies and guidelinesStakeholder Support & Communication•	Act as a point of contact for pricing-related queries from sales, procurement and operations•	Provide timely updates on pricing requests and highlight potential issues•	Assist in compiling pricing inputs for sales presentationsPricing Analysis, Reporting & Improvement (Under Guidance)•	Assist in analyzing pricing data, including costs, revenues, and margins•	Support preparation of reports on pricing performance and key KPIs•	Identify inefficiencies in pricing processes and suggest improvements•	Contribute to standardization and documentation of pricing procedures•	Support automation and tool enhancement initiatives where applicableRequirementsSomeone with:•	Bachelor’s degree in supply chain, Engineering, Business, Finance, Economics, , or related field•	0–3 years of experience in pricing, data analysis, finance, or operations (internships included)•	Experience in logistics, transportation, or supply chain is a plusSkills & Competencies•	Strong attention to detail and accuracy•	Ability to analyze data and identify trends or inconsistencies•	Structured and problem-solving mindset",N/A,https://senjob.com/sn/jobseekers/stagiaire-tarification_e_161454.html
Assistant(e) Achats/Procurement Assistant,N/A,Dakar,"Achat, Supply Chain, Logistique, Transport | Transport, Logistique, Services postaux",2026-04-20,2026-04-29,"À propos de CRSCatholic Relief Services (CRS) est l’agence humanitaire internationale officielle de la communauté catholique des États-Unis. CRS met en œuvre des programmes dans plus de 100 pays pour sauver, protéger et transformer des vies. Au Sénégal, CRS met en œuvre le programme CGPP – Santé Maternelle, Néonatale et Infantile & Nutrition (MCH & Nutrition) en partenariat avec deux organisations locales de mise en œuvre. Le programme intervient en étroite collaboration avec le système de santé national, notamment les Directions Régionales de la Santé, les districts sanitaires et les postes de santé, dans les régions de Diourbel et Tambacounda.Résumé du posteVous appuierez la mise en œuvre des activités d’approvisionnement dans le cadre du programme CGPP au Sénégal. Vos compétences vous permettront de soutenir avec succès la qualité et l’efficacité des activités d’approvisionnement et d’achats en appliquant les principes de gestion responsable, d’intégrité, de transparence et de responsabilité.Rôles et responsabilités clés•	Appuyer les demandeurs dans la préparation de demandes d’achat complètes et conformes aux procédures CRS.•	Contribuer à la mise à jour du plan de passation des marchés et de l’outil de suivi des achats afin d’assurer un traitement efficace et un suivi régulier des acquisitions.•	Appuyer l’identification et la présélection de fournisseurs compétents, fiables et conformes aux exigences de CRS et des bailleurs.•	Effectuer des visites fournisseurs (sites, magasins, unités de production) dans le cadre du processus de diligence raisonnable.•	Traiter les commandes conformément aux politiques et procédures d’approvisionnement de CRS.•	Préparer les demandes de paiement en veillant à l’exhaustivité et à la conformité des pièces justificatives, et assurer le suivi des dossiers avec les parties prenantes concernées.•	Assurer le classement et l’archivage appropriés de toute la documentation liée aux achats, en conformité avec les exigences d’audit.•	Assurer une coordination étroite avec les équipes programme et opérations pour garantir la disponibilité des biens et services dans les zones d’intervention (Diourbel et Tambacounda).•	Contribuer au respect des principes de redevabilité, de sauvegarde et d’éthique dans l’ensemble des processus d’approvisionnement.Qualifications de base•	Diplôme de fin d’études secondaires requis ; une formation complémentaire en logistique, approvisionnement ou administration est un atout.•	Minimum de 1 à 2 ans d’expérience dans des fonctions similaires (approvisionnement, logistique ou administration).Qualifications souhaitées•	Expérience de travail avec une ONG ou une organisation internationale.•	Connaissance des procédures d’approvisionnement dans le cadre de projets financés par des bailleurs.•	Connaissances, compétences et aptitudes•	Bonnes capacités rédactionnelles.•	Connaissance des marchés locaux au Sénégal.•	Maîtrise des outils MS Office (Excel, Word).•	Sens du détail et bonnes capacités d’organisation et de gestion du temps.•	Respect des normes éthiques et des principes de redevabilité.•	Bonnes capacités de communication et de collaboration.•	Proactivité, sens de l’initiative et orientation résultats.•	Langues requises•	Français (obligatoire)•	Anglais professionnel (souhaité)Déplacements : Disponibilité pour des déplacements pouvant aller jusqu’à 30 % du temps dans les zones d’intervention (Diourbel et Tambacounda).Responsabilités de supervision : AucuneAvertissement : Cette description de poste n’est pas une liste exhaustive des compétences, du travail, des devoirs et des responsabilités associés au poste de travail.Employeur respectueux de l’égalité des chances, et sensible aux question genre, CRS encourage fortement les candidatures féminines.En postulant à cet emploi, je comprends et reconnais que CRS exige de son personnel qu’il traite toutes les personnes avec dignité et respect et qu’il prévienne activement le harcèlement, la maltraitance, l’exploitation et le trafic d’êtres humains. De plus, je comprends que si je suis un candidat retenu, je serai soumis à une vérification approfondie des antécédents ; que mes références personnelles / professionnelles seront utilisées pour évaluer mes comportements liés aux sujets susmentionnés relatifs à la protection et que je dois apporter la preuve de mes diplômes/attestations cités dans le CVLes procédures d’acquisition de compétences reflètent notre engagement à protéger les enfants et adultes vulnérables des abus et de l’exploitation.",N/A,https://senjob.com/sn/jobseekers/assistant-e--achats-procurement-assistant_e_161453.html
Assistant Financier,N/A,Dakar,"Comptabilité, Finances, Gestion | Banque, Assurance, Finances",2026-04-20,2026-04-30,"Responsibilities•	Ensure project financial reports are prepared accurately and submitted in timely manner•	Coach project staff on financial management processes, including their understanding on project budgeting, cost recovery and financial reporting•	Support Regional Multilaterals Portfolio Manager in the management of GEF (Global Environment Facility) and GCF (Green Climate Fund) portfolio of projectsSpecific duties and responsibilitiesFinancial Management and administration•	Assist Portfolio Manager/ Senior Finance officer in reviewing financial reports submitted by implementing partners•	Maintain consolidated calendar of financial reports to be submitted by implementing partners.•	Ensure timely record of implementing partners expenditures in the IUCN financial system.•	Support periodic review of GEF/GCF projects and portfolio financial•	Support Senior Finance officer] in the reconciliation of PACOGEF/GCF projects in IUCN Financial system and facilitate preparation of project financial closure.•	Provide Portfolio Manager with financial information/analysis to support overall management of PACO GEF/GCF portfolio projects as required.Project preparation activities and budgeting•	Assist Portfolio Manager and Senior Finance officer in the preparation of GEF/GCF project budget•	Ensure budget is aligned with IUCN and the GEF/GCF guidelines and policies•	Facilitate planning and procurement of project preparation activities•	Ensure accurate record of expenditures under GEF Project Preparation Grant (PPG) and GCF Project Preparation Facility (PPF)•	Provide guidance on the use of budgeting tools, such as the budget review tool and the finance checklist for donor contracts and review completed checklistsAudits•	Maintain consolidated calendar of audit reports require to be submitted by implementing partners and to be submitted to the donors.•	Ensure timely submission of project financial audit report by implementing partners•	Support and coordinate with project staff to facilitate the preparation and submission of GCF project audit reports as required.•	Assist Regional Head of Finance / Portfolio Manager/ Senior Finance officer Multilateral Finance in reviewing audit reports submitted by implementing partners and highlights issues of concerns.Year-end closing•	Assist Regional Head of Finance / Senior Finance officer Multilateral Finance on the outputs pertaining to year-end closing, especially those relating to implementing partner accruals for GEF/GCF projects.•	Other administrative tasks as requested•	Assist and monitor GEF/GCF projects procurement process•	Review and submit consultants Invoice for payment.•	Monitor consultancy contracts (amendments, closure, etc.)•	Prepare Internal Agreement (IA’s) with regions and global programs.•	Support with drafting of sub-grants and consultancy contracts along with internal sign-off sheets.•	Support with procurement processes on request basis.•	Support the organization of meetings, workshops, webinars, trainings and other capacity building activities.•	Support organization of monitoring missions and other travel required by the team, including facilitating logistical arrangements, processing travel requests and expenditure claimsOther responsibilitiesPerform other tasks that may be assigned by the line managerRequirements•	Bachelor’s or master’s degree in accounting, Finance, Business administration, or a relevant;•	Excellent proficiency in written and spoken English and French. Other IUCN languages (Spanish) represent an asset;•	At least 3 years of experience in full-time professional experience in Finance, Accounting, or Project Finance Management;•	Experience in supporting the financial management of portfolio with donors and with large number of projects in an international multicultural context;•	Proficiency with accounting software is essential; familiarity with ERP/SAP systems is strongly preferred.•	Knowledge of and work with IUCN and partners, or similar international organizations, is required;•	Knowledge of the GEF and GCF is an asset.",N/A,https://senjob.com/sn/jobseekers/assistant-financier_e_161452.html
Conseillers Client Télévente,N/A,Dakar,"Téléservices, Télévente, Service client | Distribution, Commerce, Import-Export",2026-04-20,2026-05-05,"Concentrix est une entreprise internationale présente dans plus de 70 pays. Nous excellons dans l’amélioration de l’expérience client et l’optimisation des processus métiers, en aidant les entreprises à se transformer et à atteindre l’excellence dans un environnement inclusif, collaboratif et innovant.Votre mission en tant que Conseiller Client TéléventeEn tant que Conseiller Client Télévente, vous jouerez un rôle essentiel en :•	Promouvant nos produits et services : Identifiez et répondez avec précision aux besoins de nos clients pour leur offrir des solutions sur mesure.•	Négociant et fidélisant : Transformez chaque interaction en opportunité, concluez des ventes et bâtissez des relations durables.•	Boostant la performance collective : Partagez vos idées et contribuez activement à l’optimisation continue de nos processus.Ce que nous vous offronsChez Concentrix, la valorisation de nos talents est une priorité. Voici les avantages uniques que nous proposons pour reconnaître votre contribution :Une rémunération attractive avec des primes supplémentaires :•	Prime de performance déplafonnée•	Assurance santé avantageuse pour les salariés•	Gratuité du repas pour tous les Conseillers•	Accès à nos salles de sport, de repos, de jeux et de recueillementUn environnement de travail dynamique :•	Animations à thème et cadeaux tout au long de l’année pour renforcer l’esprit d’équipe.•	Site pouvant accueillir des personnes en situation de handicapLe profil de nos Game-ChangersNous recherchons des talents qui :•	Maîtrisent parfaitement le français, aussi bien à l’écrit qu’à l’oral.•	Possèdent un excellent sens de la communication, sont organisés, autonomes et adoptent une attitude positive.•	Maîtrisent les outils digitaux et font preuve d’une curiosité naturelle pour adopter de nouvelles technologies.•	Relèvent les défis avec enthousiasme et sont passionnés par la satisfaction client.",N/A,https://senjob.com/sn/jobseekers/conseillers-client-télévente_e_161451.html
Technico-Commercial Terrain Junior,N/A,Dakar,"Commercial, Vente, Business developpement | Distribution, Commerce, Import-Export",2026-04-20,2026-05-05,"Entreprise innovante, SHYNEA est une application pionnière dédiée à la gestion des salons de coiffure en Afrique.De la prise de rendez-vous au paiement sécurisé, notre solution simplifie et optimise toute l’activité du salon.•	Basé à Dakar•	Démarrage : Juin 2026•	2 jours télétravail / 3 jours terrainVos missions principales•	Prospecter des salons•	Présenter l’application•	Convaincre et signer•	Accompagner les clients•	Suivre et remonter les retoursProfil recherché•	Bac à Bac +3•	Fibre commerciale et goût du challenge•	Dynamique, adaptable et motivé(e)Chez SHYNEA, nous recherchons avant tout des talents avec l’envie d’apprendre et de se dépasser.Pourquoi nous rejoindre ?•	Formation et accompagnement•	Rémunération évolutive•	Environnement dynamique•	Avantages (téléphone, primes…)Processus de recrutement•	Échange téléphonique•	Entretien•	Rencontre avec les managers",N/A,https://senjob.com/sn/jobseekers/technico-commercial-terrain-junior_e_161450.html
Surveillant Collège & Lycée,N/A,Dakar,"Éducation, Enseignement | Enseignement, Formation",2026-04-20,2026-05-05,"L’assistant d’éducation ou le surveillant  travaille sous la responsabilité directe du Directeur Des Etudes. Son action se situe à la croisée de la sécurité, de l’éducation et de l’administration.Missions Détaillées1. Surveillance et sécurité des élèves•	Assurer la surveillance des mouvements d’élèves lors des intercours et des récréations.•	Contrôler les flux aux entrées et sorties de l’établissement pour prévenir toute intrusion ou sortie non autorisée.•	Maintenir l’ordre et la discipline au sein du restaurant scolaire.•	Gérer les salles de permanence en veillant au calme et à la mise au travail des élèves.2. Suivi pédagogique et accompagnement•	Animer des séances d’aide aux devoirs ou le dispositif « Devoirs Faits ».•	Apporter un soutien méthodologique aux élèves en difficulté.•	Encadrer des activités périscolaires (clubs, foyer, projets culturels ou sportifs).3. Gestion administrative et vie scolaire•	Enregistrer les absences et les retards sur les logiciels de vie scolaire.•	Contacter les familles en cas d’absence non justifiée.•	Participer à la rédaction de rapports d’incidents précis et objectifs.•	Assister le Directeur des Etudes  dans le suivi quotidien des dossiers élèves.Profil et Compétences RequisesFormation et prérequis : Le candidat doit impérativement être titulaire du Baccalauréat. Les profils d’étudiants cherchant à se diriger vers les métiers de l’enseignement ou de l’éducation sont particulièrement appréciés.Qualités personnelles :•	Autorité et posture : Savoir instaurer un respect mutuel et faire appliquer le règlement intérieur avec discernement.•	Capacités relationnelles : Aptitude à dialoguer avec des adolescents tout en maintenant une distance professionnelle indispensable.•	Esprit d’équipe : Capacité à communiquer efficacement avec ses collègues, les enseignants et l’administration.•	Réactivité : Savoir garder son sang-froid et intervenir rapidement en cas de conflit ou d’urgence.Modalités du Contrat•	Type de contrat : Contrat à Durée Déterminée (CDD) de droit public, d’une durée d’un an, renouvelable dans la limite de six ans.•	Volume horaire : Temps complet (généralement 35h à 41h par semaine selon le calcul annuel) .•	Rémunération : Salaire basé sur le SMIC hôtelier/public en vigueur, avec possibilité de bourses pour les étudiants.Procédure de CandidatureLes candidats intéressés doivent transmettre leur dossier comprenant :•	Un Curriculum Vitae (CV) à jour.•	Une lettre de motivation soulignant l’intérêt pour le milieu éducatif.•	La copie du diplôme le plus élevé.",N/A,https://senjob.com/sn/jobseekers/surveillant-collège---lycée_e_161449.html
Stagiaire Community Manager,N/A,Dakar,"Marketing, Communication | Communication, Marketing, Médias",2026-04-20,2026-05-05,"Gaël Conseil est un cabinet spécialisé dans le conseil en systèmes d’information, la transformation digitale et l’accompagnement IT des entreprises. Dans le cadre de notre développement, nous recherchons un(e) stagiaire Community Manager pour renforcer notre visibilité digitale.Tes missionsTu travailleras en lien direct avec la direction et participeras à la stratégie de communication digitale :•	Développer la présence de Gaël Conseil sur LinkedIn (principal canal B2B)•	Créer du contenu professionnel : posts, carrousels, visuels, vidéos courtes•	Mettre en valeur nos expertises (IT, cybersécurité, réseau, transformation digitale)•	Planifier et publier les contenus (calendrier éditorial)•	Animer la communauté (interactions, messages)•	Suivre les performances (taux d’engagement, portée, leads)•	Réaliser une veille sur les tendances IT et digitales•	Participer à la réflexion sur la marque employeurProfil recherché•	Étudiant(e) en communication, marketing digital ou école de commerce•	Intérêt pour le domaine IT / digital (important)•	Excellente capacité rédactionnelle (LinkedIn pro)•	Créatif(ve) mais avec une approche professionnelle B2B•	Autonome, rigoureux(se) et force de proposition•	À l’aise avec Canva, LinkedIn, outils de planificationConditions•	Stage de 2 à 6 mois•	Localisation : (France / Sénégal / hybride selon ton organisation)•	Début : ASAP•	Gratification : selon profil",N/A,https://senjob.com/sn/jobseekers/stagiaire-community-manager_e_161448.html
Conducteur Itinérant – Commercial,N/A,Dakar,"Commercial, Vente, Business developpement | Transport, Logistique, Services postaux | Distribution, Commerce, Import-Export",2026-04-20,2026-05-05,"Agent LuSet : Conducteur Itinérant – CommercialGestion du tricycle solaire et machines de désinfection : Travail terrain dynamiquePresentation de l’entrepriseLuSet est une entreprise innovante sénégalaise spécialisée dans les solutions d’hygiène écologiques, inclusives et technologiques. Notre mission : moderniser l’hygiène urbaine tout en mettant en avant les plantes médicinales locales.Nous proposons un service de désinfection mobile au travers de bornes pour différents types d’équipements : sportifs et casques. Nous nous deployons à Dakar et sa périphérie via un tricycle solaire.Missions principaesConduite et logistique•	Conduire et manœuvrer en toute sécurité le tricycle motorisé•	Installer, sécuriser et démonter le poste mobile et le stand sur les lieux d’intervention (salles de sport, places publiques, événements)•	Assurer le transport et l’entretien des machines de désinfection et du matériel (tables, supports, affiches, produits)•	Effectuer les vérifications techniques quotidiennes du véhicule (batterie, pression, niveaux)•	Effectuer les branchements électriques correspondants chaque jourHygiène et exploitation•	Mettre en marche et manipuler les machines de désinfection selon les protocoles LuSet (vapeur 70°C, ozone, UV-C, spray végétal)•	Veiller à la propreté du matériel et à l’hygiène du stand avant, pendant et après chaque journée•	Appliquer les consignes de sécurité, d’entretien et de gestion des déchetsRelation client et commercialisation•	Accueillir, informer et fidéliser les clients avec professionnalisme et sourire•	Attirer les passants vers le stand LuSet avec un discours accrocheur et professionnel•	Expliquer le fonctionnement des machines : étapes, bénéfices santé et hygiène•	Assister les clients dans l’utilisation (montrer l’écran, aider au dépôt du matériel, aider au paiement )•	Distribuer flyers et supports de communication inviter à suivre sur les réseaux, remplir fiche client•	Gérer les files d’attente pour éviter l’encombrement•	Recueillir les retours clients : points positifs, suggestions, plaintes :les remonter à la direction•	Porter l’uniforme LuSet, respecter le discours de marque, être ponctuel(le) et professionnel(le)Maintenance légère et suivi technique•	Nettoyage des buses, filtres et surfaces•	Vérification du niveau de liquide désinfectant•	Signalement de toute anomalie technique (voyant, bruit, panne) à la direction•	Petites réparations ne nécessitant pas d’intervention lourde (changement de fusible, resserrage, redémarrage système)Profil recherché•	Niveau d’étude : BEP / Bac minimum — idéalement en électricité, maintenance, logistique ou commerce•	Permis B obligatoire•	Expérience de conduite de tricycle, moto ou remorque indispensable (milieu urbain de préférence)•	Expérience en vente, animation commerciale ou service client fortement appréciée•	Notions de base en électricité (12V / 220V, branchements simples, sécurité)Compétences & qualités•	Excellente condition physique (poste mobile avec manutention quotidienne)•	Conduite prudente et manœuvre sur espaces urbains fréquentés•	Maîtrise du français et du wolof :expression claire et professionnelle•	Ponctuel(le), responsable, organisé(e) et soigneux(se) du matériel confié•	Goût du contact humain, sourire naturel et sens du service•	Capacité à travailler en autonomie comme en équipe•	Fiabilité et honnêtetéDate de démarrage souhaitée : Mi mai",N/A,https://senjob.com/sn/jobseekers/conducteur-itinérant-–-commercial_e_161447.html
Chauffeur de moto,N/A,Dakar,"Achat, Supply Chain, Logistique, Transport | Transport, Logistique, Services postaux",2026-04-20,2026-05-05,Je cherche un Chauffeur de moto qui a une expérience de mois minimum.,N/A,https://senjob.com/sn/jobseekers/chauffeur-de-moto_e_161446.html
Conducteur Itinérant – Commercial,N/A,Dakar,"Commercial, Vente, Business developpement | Distribution, Commerce, Import-Export",2026-04-20,2026-05-05,"Agent LuSet : Conducteur Itinérant – CommercialGestion du tricycle solaire et machines de désinfection : Travail terrain dynamiquePresentation de l’entrepriseLuSet est une entreprise innovante sénégalaise spécialisée dans les solutions d’hygiène écologiques, inclusives et technologiques. Notre mission : moderniser l’hygiène urbaine tout en mettant en avant les plantes médicinales locales.Nous proposons un service de désinfection mobile au travers de bornes pour différents types d’équipements : sportifs et casques. Nous nous deployons à Dakar et sa périphérie via un tricycle solaire.Missions principaesConduite et logistique•	Conduire et manœuvrer en toute sécurité le tricycle motorisé•	Installer, sécuriser et démonter le poste mobile et le stand sur les lieux d’intervention (salles de sport, places publiques, événements)•	Assurer le transport et l’entretien des machines de désinfection et du matériel (tables, supports, affiches, produits)•	Effectuer les vérifications techniques quotidiennes du véhicule (batterie, pression, niveaux)•	Effectuer les branchements électriques correspondants chaque jourHygiène et exploitation•	Mettre en marche et manipuler les machines de désinfection selon les protocoles LuSet (vapeur 70°C, ozone, UV-C, spray végétal)•	Veiller à la propreté du matériel et à l’hygiène du stand avant, pendant et après chaque journée•	Appliquer les consignes de sécurité, d’entretien et de gestion des déchetsRelation client et commercialisation•	Accueillir, informer et fidéliser les clients avec professionnalisme et sourire•	Attirer les passants vers le stand LuSet avec un discours accrocheur et professionnel•	Expliquer le fonctionnement des machines : étapes, bénéfices santé et hygiène•	Assister les clients dans l’utilisation (montrer l’écran, aider au dépôt du matériel, aider au paiement )•	Distribuer flyers et supports de communication inviter à suivre sur les réseaux, remplir fiche client•	Gérer les files d’attente pour éviter l’encombrement•	Recueillir les retours clients : points positifs, suggestions, plaintes :les remonter à la direction•	Porter l’uniforme LuSet, respecter le discours de marque, être ponctuel(le) et professionnel(le)Maintenance légère et suivi technique•	Nettoyage des buses, filtres et surfaces•	Vérification du niveau de liquide désinfectant•	Signalement de toute anomalie technique (voyant, bruit, panne) à la direction•	Petites réparations ne nécessitant pas d’intervention lourde (changement de fusible, resserrage, redémarrage système)Profil recherché•	Niveau d’étude : BEP / Bac minimum — idéalement en électricité, maintenance, logistique ou commerce•	Permis B obligatoire•	Expérience de conduite de tricycle, moto ou remorque indispensable (milieu urbain de préférence)•	Expérience en vente, animation commerciale ou service client fortement appréciée•	Notions de base en électricité (12V / 220V, branchements simples, sécurité)Compétences & qualités•	Excellente condition physique (poste mobile avec manutention quotidienne)•	Conduite prudente et manœuvre sur espaces urbains fréquentés•	Maîtrise du français et du wolof :expression claire et professionnelle•	Ponctuel(le), responsable, organisé(e) et soigneux(se) du matériel confié•	Goût du contact humain, sourire naturel et sens du service•	Capacité à travailler en autonomie comme en équipe•	Fiabilité et honnêtetéDate de démarrage souhaitée : Mi mai",N/A,https://senjob.com/sn/jobseekers/conducteur-itinérant-–-commercial_e_161445.html
Conducteur Moto,N/A,Dakar,"Achat, Supply Chain, Logistique, Transport | Transport, Logistique, Services postaux",2026-04-19,2026-05-03,"Nous cherchons un conducteur de moto professionnel et responsable pour un contrat de prestation à durée indéterminée. La moto est actuellement disponible avec tous les documents nécessaires donc si vous disposez d’un permis de conduire et souhaitez collaborer avec nous, nous vous invitons à postuler dans les plus brefs délais.",N/A,https://senjob.com/sn/jobseekers/conducteur-moto_e_161444.html
Stagiaire Designer Graphique et Motion,N/A,Dakar,"Création, Design, Graphisme | Communication, Marketing, Médias",2026-04-19,2026-05-02,"A proposDepuis 2009, l’équipe d’IT mobile Afrique avide de nouvelles technologies est à la constante recherche de solutions pour accompagner les entreprises à se moderniser.La team ITMA (IT mobile Afrique) a pour priorité la satisfaction client.Nous pensons que le succès d’un projet passe essentiellement par l’implication des gens qui le réalisent.À propos du stageNous cherchons un(e) stagiaire qui a déjà les mains dans le cambouis : quelqu’un qui connaît ses outils, qui a déjà produit des choses, et qui cherche maintenant à passer à la vitesse supérieure en environnement professionnel. Ce stage est une vraie opportunité de mettre en pratique ce que vous savez faire, de développer de nouvelles compétences au contact de projets concrets, et pour les profils qui font la différence, la porte est ouverte à une suite bien plus intéressante.Vos missions•	Intégré(e) à l’équipe communication, vous prenez en charge la création de contenus visuels et audiovisuels sur des projets variés :•	Conception de supports graphiques print et digitaux (affiches, brochures, bannières, visuels réseaux sociaux, création d’identité de marque)•	Montage et production vidéo pour nos différentes plateformes (reels, teasers, reportages courts)•	Création de motion graphics et animations pour dynamiser nos contenus•	Retouche photo et préparation des fichiers pour publication ou impression•	Participation active à la cohérence de notre identité visuelleCe qu’on attend de vous•	Vous préparez un BTS Design Graphique, une Licence Arts Appliqués, un Bachelor Design ou équivalent, et vous avez déjà une expérience significative (stage, projets freelance, réalisations personnelles ) qui prouve que vous savez utiliser vos outils. Un portfolio est indispensable pour postuler.•	Sur le plan technique, vous maîtrisez la Suite Adobe (Photoshop, Illustrator, InDesign, Premiere Pro, After Effects) et vous êtes à l’aise avec le montage vidéo et les formats adaptés aux réseaux sociaux. La connaissance de Figma ou des bases en motion design avancé est un vrai plus.Ce qu’on vous offre•	Un cadre de travail stimulant, des projets variés et concrets, un vrai accompagnement, et pour les profils qui s’imposent, une évolution rapide avec des responsabilités à la hauteur.•	Département : Communication / Marketing•	Durée : 3 à 6 mois•	Lieu : Dakar, Présentiel 3 jours / Télétravail 2 jours par semaine•	Gratification : Selon convention légale•	Prise de poste : Dès que possible",N/A,https://senjob.com/sn/jobseekers/stagiaire-designer-graphique-et-motion_e_161443.html
Stagiaire Community Manager,N/A,Dakar,"Marketing, Communication | Communication, Marketing, Médias",2026-04-19,2026-05-02,"A proposDepuis 2009, l’équipe d’IT mobile Afrique avide de nouvelles technologies est à la constante recherche de solutions pour accompagner les entreprises à se moderniser.La team ITMA (IT mobile Afrique) a pour priorité la satisfaction client.Nous pensons que le succès d’un projet passe essentiellement par l’implication des gens qui le réalisent.À propos du stageVous avez déjà une bonne intuition des réseaux sociaux — pas seulement en tant qu’utilisateur(rice), mais aussi dans la façon de construire une présence, de parler à une audience, de créer du lien. Ce stage vous donnera l’occasion de mettre tout ça à l’épreuve du terrain, dans un environnement où vous aurez de vraies responsabilités et une vraie latitude créative. Et pour les personnes qui trouvent leurs marques ici, cette expérience peut tout à fait ouvrir des portes plus durables.Vos missionsLe poste est riche et varié : vous interviendrez sur la gestion de notre propre présence digitale, mais également sur celle de plusieurs marques clientes, chacune avec ses codes, ses audiences et ses objectifs propres.•	Animation et modération de plusieurs comptes réseaux sociaux (Instagram, Facebook, LinkedIn, TikTok, X, etc.)•	Élaboration et suivi des calendriers éditoriaux pour chaque entité•	Création de contenus adaptés à chaque univers de marque : textes, visuels, stories, reels•	Gestion des interactions avec les communautés (commentaires, messages, avis)•	Suivi des performances et reporting régulier avec recommandations•	Veille sectorielle et identification des tendances•	Participation aux réflexions stratégiques et aux briefs contenusProfilLe profil qu’on imagine•	Vous préparez un BTS Communication, une Licence Info-Com, un Bachelor Marketing Digital ou équivalent. Vous avez déjà eu une expérience avec les réseaux sociaux dans un contexte professionnel ou associatif, et vous savez naturellement adapter votre écriture et votre créativité à des univers différents. Vous êtes organisé(e), curieux(se), et vous aimez jongler avec plusieurs projets sans perdre le fil.•	La maîtrise des principaux réseaux et de leurs spécificités est attendue. La connaissance d’outils de planification ou de création de visuels (Canva, Meta Business Suite, Buffer ou équivalent) sera appréciée, tout comme des notions en montage vidéo courte durée.Ce qu’on vous propose•	Une expérience stimulante sur des sujets variés, une vraie autonomie, et pour les personnes qui s’y retrouvent, la possibilité de construire quelque chose de plus long terme ensemble.•	Département : Communication / Marketing Digital•	Durée : 3 à 6 mois•	Lieu : Dakar, Présentiel 3 jours / Télétravail 2 jours par semaine•	Gratification : Selon convention légale•	Prise de poste : Dès que possible",N/A,https://senjob.com/sn/jobseekers/stagiaire-community-manager_e_161442.html
Responsable du Développement Durable,N/A,Dakar,"Qualité, Sécurité, Environnement | Energie, Eau, Environnement",2026-04-19,2026-05-02,"Dans le cadre du développement de ses activités dans le secteur minier, un de notre client recrute un Responsable du Développement Durable.Secteur : MinierResponsabilités•	Élaborer et mettre à jour la stratégie de développement durable de l’entreprise en accord avec les objectifs commerciaux et les principes ESG.•	Gérer et renforcer les relations avec les communautés, les autorités et les principales parties prenantes en coordonnant les programmes. d’investissement social, de bon voisinage et de développement durable qui préservent la licence sociale de l’entreprise et renforcent sa réputation.•	Veiller au respect des réglementations environnementales, des licences environnementales, des permis en vigueur et des réglementations en matière de développement durable applicables aux activités de l’entreprise.•	Préparer le rapport ESG de l’entreprise en collectant, analysant et consolidant les informations environnementales, sociales et de gouvernance provenant des différents services de l’organisation.•	Rédiger des rapports de développement durable conformément aux normes internationales telles que celles de la Global Reporting Initiative (GRI) et du Sustainability Accounting Standards Board (SASB).•	Définir et suivre les indicateurs clés de développement durable (énergie, eau, déchets, émissions et indicateurs sociaux).•	Identifier les risques et les opportunités liés au développement durable et au changement climatique dans les opérations.•	Mener des initiatives liées à l’efficacité environnementale, à l’utilisation responsable des ressources et à l’amélioration opérationnelle.•	Diriger la mise en œuvre des politiques, des processus internes et des plans stratégiques liés au développement durable afin d’assurer la cohérence institutionnelle et de renforcer la culture organisationnelle en matière de questions ESG.Profil recherché•	Master et/ou spécialisation en développement durable, environnement, relations communautaires, gestion de haut niveau ou domaines connexes (obligatoire).•	Formations sur les normes internationales, telles que : Global Reporting Initiative (GRI), Sustainability Accounting Standards Board (SASB) et les systèmes de gestion : ISO 14001, ISO 45001, ISO 26000 ou ISO 37001•	10 ans d’expérience dans la direction d’équipes et la gestion de projets de développement durable, principalement dans le secteur minier.",N/A,https://senjob.com/sn/jobseekers/responsable-du-développement-durable_e_161441.html
Directeur Commercial,N/A,Dakar,"Commercial, Vente, Business developpement | Distribution, Commerce, Import-Export",2026-04-19,2026-05-02,"Pour accompagner un de ses clients, GPF recrute un Directeur Commercial H/F expérimenté (e) pour diriger sa stratégie commerciale au Sénégal. Un leader passionné, capable de piloter sa croissance tout en maîtrisant les aspects techniques de ses produits et solutions.Missions•	Élaborer et mettre en oeuvre la stratégie commerciale pour le marché sénégalais, en accord avec les objectifs•	Développer et diversifier le portefeuille clients•	Gérer et animer l’équipe commerciale pour atteindre les objectifs de ventes.•	Piloter la gestion de projets commerciaux complexes, impliquant des solutions techniques avancées, et coordonner avec les équipes internes pour assurer leur bonne exécution.•	Assurer une veille concurrentielle et analyser les tendances du marché pour ajuster la stratégie en conséquence.•	Travailler en étroite collaboration avec les équipes techniques et marketing pour proposer des solutions adaptées aux besoins des clients.•	Négocier et conclure des contrats avec des clients stratégiques, notamment pour des projets impliquant des solutions techniques innovantes.•	Suivre les indicateurs de performance (KPI) et assurer un reporting régulier auprès de la direction.Profil•	Formation : Bac+4/5 en Commerce, Ingénierie, Gestion ou équivalent•	Expérience : Minimum 8 à 10 ans d’expérience dans des fonctions commerciales, dont une expérience confirmée à un poste de management (Directeur Commercial ou équivalent)•	Expérience avérée en environnement B2B, idéalement dans des secteurs techniques (traitement de l’eau, équipements industriels, solutions techniques…)•	Bonne compréhension des enjeux techniques et capacité à valoriser des solutions complexes auprès de clients•	Maîtrise des techniques de vente, de négociation et de gestion de projets•	Leadership avéré, capacité à structurer, piloter et fédérer des équipes•	Forte orientation résultats et culture de la performance•	Expérience dans un environnement international ou multiculturel appréciée•	Excellente maîtrise du français et bon niveau en anglais",N/A,https://senjob.com/sn/jobseekers/directeur-commercial_e_161440.html
Délégué Médical,N/A,Dakar,"Santé, Médical, Pharmacie, Sport | Services hospitaliers, Médicaux",2026-04-19,2026-05-02,"Mission principalePromouvoir les produits de l’entreprise auprès des professionnels de santé, des institutions et des distributeurs, en mettant en avant leurs bénéfices nutritionnels et scientifiques. Contribuer au développement commercial et à l’image de marque de l’entreprise dans le secteur agroalimentaire.Responsabilités•	Assurer la promotion scientifique et technique des produits auprès des médecins, nutritionnistes, pharmaciens et autres prescripteurs.•	Développer et entretenir un réseau de partenaires dans le domaine médical et paramédical.•	Organiser et animer des réunions d’information, conférences et ateliers pour présenter les produits.•	Collecter et remonter les informations du terrain (besoins, tendances, retours clients) à la direction marketing et R&D.•	Participer à la veille scientifique et réglementaire sur les thématiques nutrition, santé et agroalimentaire.•	Contribuer à l’atteinte des objectifs commerciaux fixés par l’entreprise.Profil recherché•	Expérience : minimum 2ans en tant que délégué médical ou dans une fonction similaire (santé, nutrition, agroalimentaire).•	Formation : Bac+3 à Bac+5 en en délégation médicale•	Avoir un permis de conduire valide•	Excellentes compétences en communication et pédagogie.•	Capacité à vulgariser des données scientifiques pour différents publics.•	Sens de l’organisation, autonomie et esprit d’équipe.•	Maîtrise des outils informatiques et CRM.",N/A,https://senjob.com/sn/jobseekers/délégué-médical_e_161439.html
Développeur Full Stack (Java / Angular),N/A,Dakar,"Informatique, Télécoms, Réseaux | Industrie Informatique, Télécoms, Téléservices",2026-04-19,2026-05-02,"Votre missionNous recherchons des ingénieurs logiciels Full Stack talentueux et expérimentés pour rejoindre notre équipe d’experts passionnés.Vous serez chargé(e) de concevoir, développer et maintenir des API et des applications web robustes, fiables, évolutives et performantes, en phase avec les besoins de nos clients et les volumes croissants de données. Vous évoluerez dans un environnement agile, collaboratif, et orienté qualité logicielle, tout en respectant les meilleures pratiques de développement et d’architecture.Compétences indispensablesBack-end :•	Java 17+•	Spring Boot, Spring Cloud, Spring Data, Spring Security•	Spring WebFlux, programmation réactive•	Architecture microservices et hexagonale•	Kubernetes•	ActiveMQ, RabbitMQ ou Kafka•	SQL & NoSQL•	Tests unitaires avec jUnit ou Mockito•	CI/CD avec GitLab ou Jenkins•	Supervision avec Grafana, Prometheus ou ELK•	Git / Git FlowFront-end :•	Angular (dernières versions)•	NgRx (gestion d’état)Compétences secondaires appréciées•	Quarkus•	Optimisation mémoire et CPU en Java•	GraalVM•	Apache Camel•	Shell scripting / Linux•	Maven•	ReactJS•	IonicProfil recherché•	Vous avez un diplôme Bac+5 en développement logiciel•	Vous êtes rigoureux(se), autonome et force de proposition•	Vous aimez le clean code, la performance et le design logiciel bien pensé•	Vous avez une réelle capacité à travailler en équipe tout en étant indépendant(e) dans vos tâches•	Vous avez l’habitude de collaborer avec des DevOps, PO, QA et architectes dans des projets complexes",N/A,https://senjob.com/sn/jobseekers/développeur-full-stack--java---angular-_e_161438.html
Office Manager (Français/Allemand/Anglais),N/A,Dakar,"Direction générale, Management | Banque, Assurance, Finances",2026-04-18,2026-05-02,"La KfW recrute un(e) Office Manager chargé(e) d’assurer la gestion administrative, organisationnelle et logistique du bureau afin de garantir le bon fonctionnement de son bureau au Sénégal.Le/la Office Manager sera basé(e) à Dakar et travaillera sous l’autorité du Directeur du bureau de la KfW sur la base d’un contrat à durée déterminée de deux (02) ans avec possibilité de prolongation régi par la législation du travail du Sénégal. Le/la Office Manager travaillera en collaboration directe avec les équipes du Bureau de Dakar et celles basées au siège de la KfW à Francfort.Activités :Gestion administrative et organisationnelle :•	Assurer la gestion administrative du bureau, y compris la coordination administrative avec l’Ambassade de l’Allemagne ainsi que la GIZ ;•	Veiller à la bonne tenue et l’archivage des dossiers administratifs ainsi qu’à la bonne gestion des données :•	Superviser l’exécution des contrats administratifs (bail, maintenance, prestations de services) ;•	Exécuter l’acquisition de matériel bureautique et fournitures, le suivi des commandes administratives, la tenue du stock de fournitures de bureau et la mise à jour de l’inventaire ;•	Assurer la maintenance des équipements informatiques et mobiliers.Gestion financière et administrative :•	Contrôler les dépenses administratives (loyers, contrats de maintenance, fournitures, services) ;•	Gérer les paiements des factures liées au fonctionnement du Bureau ;•	Tenue de la comptabilité du Bureau : caisse, banque, chèques ;•	Faire le suivi de la relation avec le cabinet de conseil comptable, fiscal et juridique ;•	Préparer la documentation requise pour les audits internes et externes.Gestion logistique et des missions :•	Traitement de la paie et déclarations sociales conformément au droit sénégalais.•	Coordonner l’organisation logistique des missions, réunions, ateliers, évènements et visites officielles ;•	Appui aux collaborateurs du siège en visite au Sénégal ;•	Superviser la gestion des locaux, équipements, fournitures et véhicules ;•	Assurer la maintenance des équipements informatiques et mobiliers.Appui à la gestion du personnel du bureau :•	Gérer les dossiers administratifs du personnel du bureau ;•	Assurer le suivi des contrats, assurances et obligations sociales selon la législation sénégalaise ;•	Assurer l’intégration administrative des nouveaux employés et stagiaires.Conformité et sécurité :•	Veiller au respect des règles de conformité de la KfW (anti-corruption, prévention des conflits d’intérêt, protection des données) ;•	Assurer le respect des obligations légales locales (fiscales, sociales, administratives) ;•	Contribuer à la mise en œuvre des mesures de sécurité du bureau.Profil :•	Être titulaire d’un diplôme en Finance, Comptabilité, Gestion ou Administration.•	Avoir au minimum 3 ans d’expérience dans un poste similaire.•	Expérience souhaitée au sein d’une organisation de la coopération internationale, de préférence avec un bailleur européen ;•	Bonne connaissance des procédures administratives et réglementaires au Sénégal.•	Excellente maîtrise des outils bureautiques (MS Office) ;•	Bonne capacité rédactionnelle ;•	Connaissance des règles de conformité et d’audit ;•	Excellente maîtrise du français ; une bonne pratique écrite et orale de l´allemand (de préférence) et/ou de l´anglais sera un atout ;•	Sens de l’organisation et rigueur ;•	Discrétion et intégrité ;•	Capacité à travailler sous pression ;•	Esprit d’initiative et autonomie ;•	Personnalité ouverte, proactive et hautement motivée avec une grande facilité à travailler dans une équipe multidisciplinaire et dans un contexte international.Composition du dossier de candidature :•	Lettre de Motivation•	CV pertinent (max. 3 pages) contenant des références les plus significatives de votre parcours professionnel•	Copies des diplômes et attestations de travail.",N/A,https://senjob.com/sn/jobseekers/office-manager--français-allemand-anglais-_e_161437.html
Responsable Programme – Microfinance dans les chaines de valeur agricoles,N/A,Dakar,"Comptabilité, Finances, Gestion | Banque, Assurance, Finances",2026-04-18,2026-05-02,"Open Capital (OCA) est un cabinet de conseil en stratégie et en finance qui compte plus de 100 collaborateurs à temps plein repartis à travers 7 bureaux en Afrique. Notre objectif est de transformer les économies africaines et de former des générations de chefs d’entreprise. Nous conseillons les entreprises et les investisseurs les plus innovants qui stimulent la croissance sur le continent.Nous sommes fiers de ce que nous avons construit : depuis la création d’OCA en 2010, nous avons mené à bien plus de 2000 missions dans 35 pays d’Afrique et comptons d’anciens collaborateurs dans de nombreux fonds d’investissement majeurs à travers le continent. Nos clients ont transformé les industries locales dans les secteurs de l’agroalimentaire, de l’accès à l’énergie, des services financiers, de la santé, ainsi que de l’eau et de l’assainissement, entre autres. Nous avons levé plus de 2 milliards de dollars en Afrique et menons actuellement la conception d’une nouvelle génération de mécanismes de développement des marchés, notamment de nouveaux véhicules d’investissement, des PPP et bien d’autres encore.Aujourd’hui, notre équipe est une équipe diversifiée composée de personnes talentueuses de plus de 15 nationalités et nous sommes fiers d’avoir une forte représentation des deux sexes à tous les niveaux, de l’analyste au partenaire. Nous sommes un employeur de premier plan qui vise l’excellence dans tout ce que nous faisons ; nous avons construit une plateforme pour conduire le changement sur les marchés africains et recherchons des collaborateurs exceptionnels pour nous rejoindre à Abidjan et à Dakar.À propos du programmeLe programme d’autonomisation économique des femmes par la transformation de la noix de cajou (WEECAP) est une initiative quinquennale (2025-2029), financée par la Fondation Mastercard, qui couvre la Côte d’Ivoire, la Guinée-Bissau et le Sénégal. OCA assure la mise en œuvre du programme au sein d’un consortium avec Winrock International, GIZ et CARE. Le programme vise à toucher 330 000 jeunes actifs (jeunes femmes et hommes) et à renforcer les liens au sein de la chaîne de valeur pour plus de 200 micro et moyennes entreprises de transformation, prestataires de services et organisations de producteurs, afin d’accroître la transformation locale.  WEECAP s’articule autour de cinq piliers : la compétitivité, le renforcement de la chaîne d’approvisionnement, l’accès au financement (A2F), les politiques, le genre et la sauvegarde. Le pilier A2F, mis en œuvre conjointement par l’OCA et Winrock, comprend un fonds catalytique combinant des instruments de financement et de l’assistance technique pour attirer les investissements privés là où le financement traditionnel reste limité ou peu enclin à prendre des risques, en utilisant des instruments mixtes, tels que le cofinancement, la garantie, les subventions, le financement basé sur les résultats, etc.OCA dirige notamment la conception et la mise en œuvre du Fonds de garantie en partenariat avec des institutions financières sélectionnées.Pourquoi nous rejoindreNous sommes une équipe diversifiée et très motivée, animée par une double mission : faire progresser les économies africaines et former des générations de chefs d’entreprise. Notre culture nous permet d’obtenir des résultats exceptionnels pour nos clients et de nous soutenir mutuellement à mesure que nous devenons des leaders mondiaux. Nous aimons relever des défis ambitieux et complexes, et travailler avec des personnes exceptionnelles pour y parvenir !Le posteEn tant que Responsable/ Coordonnateur de Programme, vous contribuerez à la mise en œuvre des activités d’OCA dans le cadre du volet « Accès au financement » du programme WEECAP en Côte d’Ivoire et au Sénégal. Le poste se concentre sur le déploiement opérationnel et le suivi du Fonds de garantie WEECAP, conçu pour débloquer des financements destinés aux entreprises dirigées par des femmes et des jeunes dans la chaîne de valeur de la noix de cajou. Vous travaillerez en étroite collaboration avec l’équipe du programme d’OCA, les institutions financières et les partenaires du consortium afin de faciliter le déploiement et l’utilisation efficaces du mécanisme de garantie et de renforcer l’accès au financement pour les bénéficiaires ciblés. Le poste combine la gestion de programme, la coordination des parties prenantes et l’engagement du secteur financier. Cela inclut l’appui à la structuration, à la mise en œuvre et au suivi des partenariats avec les institutions financières (principalement des institutions de microfinance) participant au mécanisme de garantie.Type de contrat : contrat à durée déterminée d’un an, avec possibilité de renouvellement sous réserve des performances et des besoins du programme.Les principales responsabilités comprennent :Mise en œuvre et coordination du programme•	Soutenir le déploiement opérationnel du Fonds de garantie WEECAP avec les institutions financières partenaires en Côte d’Ivoire et au Sénégal•	Coordonner les activités de mise en œuvre dans le cadre du pilier « Accès au financement » en collaboration avec les partenaires du consortium et les responsables de pilier•	Aider les institutions financières à comprendre les mécanismes de garantie, les critères d’éligibilité et les procédures opérationnelles•	Contribuer à l’amélioration continue des processus opérationnels liés au déploiement des garanties•	Contribuer à l’élaboration de directives opérationnelles, d’accords de partenariat et d’outils de mise en œuvre liés au mécanisme de garantie•	Suivre les étapes clés, les livrables et les risques opérationnels associés au pilier « Accès au financement »Engagement des institutions financières•	Gérer les relations avec les institutions financières partenaires, notamment les IMF, les banques et d’autres partenaires financiers clés afin de suivre l’évolution du pipeline et les décaissements de prêts liés à la garantie•	Soutenir l’intégration de nouvelles institutions financières dans le programme de garantie•	Assurer la coordination avec les prestataires d’assistance technique afin de combler les lacunes en matière de capacités au sein des institutions financières partenairesCoordination des parties prenantes•	Soutenir le responsable du programme OCA dans la coordination entre l’équipe du programme OCA, les partenaires du consortium et les institutions financières•	Collaborer avec les membres du consortium WEECAP et les responsables des piliers pour assurer la cohérence des activités et des rapports•	Soutenir la collaboration avec la Fondation Mastercard et d’autres parties prenantes clés par le biais de mises à jour régulières et de la documentation du programme•	Animer des réunions, des ateliers et des sessions de coordination liés au pilier « Accès au financement »Suivi, reporting et gestion des connaissances•	Suivre les performances du mécanisme de garantie, notamment les décaissements de prêts, la performance du portefeuille et la mobilisation de capitaux supplémentaires•	Suivre les progrès par rapport aux objectifs du programme, notamment le financement des entreprises dirigées par des femmes et des jeunes dans la chaîne de valeur de la noix de cajou•	Préparer des mises à jour périodiques du programme, des rapports de performance et des tableaux de bord à l’intention des services internes et des bailleurs de fonds•	Tenir à jour une documentation structurée des activités du programme, y compris les registres d’actions, les suivis de décisions et les registres de mise en œuvreQui êtes-vous ?Vous avez…•	Un master en finance, économie, administration des affaires ou dans un domaine similaire•	5 à 7 ans d’expérience pertinente dans le développement du secteur financier, le financement du développement ou les programmes d’inclusion financière•	Une expérience avérée de collaboration avec des institutions financières (institutions de microfinance et banques) et d’assistance technique/renforcement des capacités des IMFs•	Une expérience de travail sur des programmes financés par des bailleurs de fonds, de préférence au sein de grandes organisations internationales de développement ou de fondations•	Une expérience dans la mise en œuvre des programmes d’accès au financement•	Connaissance des mécanismes de garantie, des dispositifs de partage des risques ou des instruments de financement mixte•	Bonne compréhension des produits financiers destinés aux PME, du financement agricole, des opérations de microfinance et bancaires•	Bonne compréhension des chaînes de valeur agricoles (notamment la chaîne de valeur de la noix de cajou)•	Solides compétences analytiques et capacité à interpréter les données financières et de portefeuille•	Expérience dans la mise en œuvre de systèmes de suivi et d’évaluation pour l’inclusion financière ou les PME•	Solides compétences en gestion de projet, coordination de programmes multipartites, gestion des relations, et organisation•	Capacité à rédiger des rapports techniques, des présentations et de la documentation de programme clairs•	Excellentes compétences en communication écrite et orale en anglais et en français•	Capacité à travailler en Côte d’Ivoire et au Sénégal avec des équipes régionales et des partenaires•	Sens de l’initiative, sens des responsabilités et capacité à travailler dans un environnement dynamique impliquant de multiples parties prenantes",N/A,https://senjob.com/sn/jobseekers/responsable-programme-–-microfinance-dans-les-chaines-de-valeur-agricoles_e_161436.html
Développeur Fullstack Senior Java / React,N/A,Dakar,"Informatique, Télécoms, Réseaux | Industrie Informatique, Télécoms, Téléservices",2026-04-18,2026-05-02,"Contexte du posteIntégré(e) aux équipes Core Infrastructure, le/la consultant(e) interviendra sur le développement et la maintenance d’applications back-end et front-end critiques.Vous évoluerez dans un environnement Java / Spring Boot / React, orienté microservices, avec de forts enjeux de scalabilité, performance et qualité logicielle, au sein d’équipes agiles pluridisciplinairesVos missions•	Concevoir, développer et maintenir des applications back-end et front-end robustes et scalables•	Développer des services Java / Spring Boot et des interfaces React•	Participer à la conception d’architectures microservices et event-driven•	Implémenter des API performantes et maintenables•	Travailler sur des bases de données relationnelles et/ou orientées documents•	Participer à l’ensemble du cycle de vie applicatif : conception, développement, mise en production et run•	Contribuer à l’amélioration continue de la qualité du code (tests, couverture, SOLID, YAGNI, Sonar, craftsmanship)•	Assurer la maintenance évolutive et corrective des applications existantes•	Collaborer étroitement avec les équipes front-end, produit et opérations•	Travailler selon les méthodes Agile / Scrum•	Contribuer à l’amélioration continue des pratiques de développementStack technique•	Back-end : Java, Spring Boot•	Front-end : React•	Architecture : Microservices, event-driven•	Bases de données : Relationnelles et/ou NoSQL (orientées documents)•	DevOps : CI/CD, principes DevOps•	Versioning : Git•	Qualité : Tests, Sonar, principes SOLID, craftsmanship•	Méthodologie : Agile (Scrum, sprints, rituels agiles)Profil recherché•	Bac+5 en informatique / école d’ingénieur ou expérience équivalente•	Plus de 5 ans d’expérience en développement Java / React•	Solide expérience sur des environnements back-end complexes•	Maîtrise des architectures microservices•	Bonne compréhension des pratiques DevOps et CI/CD•	Sensibilité forte à la qualité logicielle et au craftsmanship•	Capacité d’analyse, esprit critique et amélioration continue•	Excellente communication écrite et orale en français•	Autonomie, rigueur et fort esprit d’équipe•	Une expérience dans le retail ou la grande distribution est un plus",N/A,https://senjob.com/sn/jobseekers/développeur-fullstack-senior-java---react_e_161435.html
Programme Policy Officer,N/A,Dakar,"Direction générale, Management | Organisation non gouvernementale, Association",2026-04-18,2026-04-29,"Key accountabilities•	Support COs in engaging with and supporting national social protection systems, ensuring alignment with WFP corporate policies and guidance, particularly in relation to nutrition, food security, and emergency preparedness.•	Provide programme and policy guidance to COs in the design and implementation of social protection projects and initiatives, including support to building policy dialogue with host governments.•	Contribute to regional strategic discussions with different actors to identify priorities and entry points for strengthening WFP’s engagement in social protection Support the development of the regional social protection strategy document, its implementation plan, and contribute to its operationalization.•	Collaborate with other WACARO programmatic units to foster coordinated programme support, positioning social protection within broader engagements such as climate action (including AA and micro and macro insurance), emergency response, nutrition, school feeding, gender and resilience.•	Actively participate in working groups and other relevant regional coordination for a to advance the social protection agenda.•	Contribute to the identification and management of partnerships (UN agencies, World Bank, donors, NGOs) leading to stronger social protection systems in the region.•	Contribute to research and analyses on social protection policies, strategies, and programmes across the 19 countries to inform evidence-based decision-making.•	Prepare accurate and timely reports on social protection activities to foster coordination and informed decision-making within the regional office.•	Ensure dissemination of timely analytical products, including normative guidance notes, regional studies, and global strategic documents.•	Undertake regular field visits to support ongoing initiatives and identify new opportunities for engagement in social protection at the country level.•	Support capacity strengthening activities for WFP staff, partners, and national governments by providing inputs for guidance materials and learning initiatives.•	Guide and supervise more junior staff, acting as a point of referral and assisting them with queries related to social protection.•	Any other relevant tasks, as required.Job requirements•	At least three (3) years of postgraduate professional experience in social protection, public policy, or international development.•	Proven track record in supporting national social protection systems or safety net programmes.•	Experience working within a regional context or providing technical support to multiple country offices.•	Demonstrated ability to engage with diverse partners including government ministries, UN agencies, and International Financial Institutions (IFIs), including in navigating high-level discussions with competing priorities.•	Experience in research, data analysis, and the preparation of policy briefs or strategy documents.",N/A,https://senjob.com/sn/jobseekers/programme-policy-officer_e_161434.html
VAM Officer (Geospatial data analysis),N/A,Dakar,"Ingénierie, Etudes, Projets, Recherche | Organisation non gouvernementale, Association",2026-04-18,2026-04-29,"What will you do in this position?You will analyze satellite imagery, to detect and quantify cropland change dynamics at the locality level in hard-to-reach/inaccessible areas across West and Central Africa (WCA), providing evidence of existing conflict-related hazards and vulnerabilities. He/she will produce an analysis focus on conflict-affected areas where access is limited, including the Liptako-Gourma area (border areas between Burkina Faso, Mali and Niger), the Lake Chad Basin (Northern Cameroon, Western Chad,South-Eastern Niger, North-Eastern Nigeria), the Central African Republic, parts of Chad and parts of Cameroon and in others costal countries as required.You will work in close collaboration with relevant partners and the taskforce POT (Produits d’Observation de la Terre), a regional task force gathering institutions involved in the EO domain in WCA, including ACF, CILSS, FAO, FEWSNET, JRC, Nigerian Space Agency, WFP,SERVIR etc. At the country level, you will implement capacity-building activities for national governments, local authorities as well as humanitarian partners. You will provide technical support to the Senegal country office, including VAM and geospatial data analysis, and assist with implementing the MOU with the Senegal Spatial Agency (ASES).What makes joining our team a great choice?This position is based in our Global HQ/ Regional office for Western Africa, in Dakar, Senegal. This Regional office covers a broad and very diverse set of countries in Western Africa and provides strategic guidance, policy/technical support and direction to WFP operations and activities in 19 countries in the region which is an amazing mix of cultures, people and diversity.",N/A,https://senjob.com/sn/jobseekers/vam-officer--geospatial-data-analysis-_e_161433.html
Chauffeur,N/A,Dakar,"Achat, Supply Chain, Logistique, Transport | Transport, Logistique, Services postaux",2026-04-18,2026-05-02,"MissionAssurer le transport sûr, ponctuel et fiable du personnel du bureau et/ou des marchandises, dans le strict respect des règles de sécurité. Garantir le confort pendant les trajets, permettre une arrivée efficace à destination et inspirer confiance et satisfaction.ResponsabilitésConduite fiable et sécurisée•	Conduire les véhicules de service pour le transport des hauts fonctionnaires, des visiteurs ainsi que du personnel, et faciliter les missions VIP.•	Assurer la livraison et la collecte du courrier, des documents et d’autres articles auprès des bureaux gouvernementaux, ambassades, établissements commerciaux et bureaux des Nations Unies.•	Accueillir le personnel officiel et les visiteurs à l’aéroport, y compris pour les formalités de visa et de douane si nécessaire.•	Veiller à ce que tous les passagers portent leur ceinture de sécurité à tout moment.•	Superviser et s’assurer que toutes les actions requises par les règles et règlements sont prises en cas d’accident.•	Respecter les directives et politiques spécifiques du UNOWAS et du CNMC, notamment la politique de gestion des véhicules.•	Veiller à ce que tous les véhicules respectent les Normes minimales de sécurité opérationnelle (MOSS).Utilisation appropriée du véhicule•	Contribuer à la réduction des coûts en adoptant une conduite responsable.•	Tenir à jour les journaux de bord quotidiens (kilométrage, consommation de carburant, vidanges, entretien, lubrification, réparations) et veiller à leur bonne tenue par les autres conducteurs.•	Préparer et maintenir à jour les plans et rapports d’entretien des véhicules.Entretien quotidien du véhicule assigné•	S’assurer que les véhicules sont propres et en bon état de fonctionnement.•	Effectuer les réparations mineures et organiser les réparations majeures.•	Vérifier régulièrement l’huile, les pneus, les phares, le klaxon, l’embrayage et les freins, et assurer le lavage du véhicule.•	Veiller au respect des Normes minimales de sécurité opérationnelle (MOSS).Gestion des documents et équipements•	Maintenir et garantir la disponibilité de tous les documents et équipements requis : assurance du véhicule, journaux de bord, annuaire de bureau, carte de la ville/pays, trousse de premiers secours, pièces de rechange.•	S’assurer que toutes les actions requises par les règles et règlements sont prises en cas d’accident.Qualifications et expériences•	Être titulaire du BFEM ou d’un diplôme de niveau équivalent et d’un permis de conduire.•	Un permis de conduire pour transport en commun sera un avantage.•	Une formation en conduite défensive aux Nations Unies sera un atout.•	Avoir au moins cinq années d’expérience professionnelle en qualité de chauffeur dans une structure administrative publique ou privée.•	Avoir une expérience en tant que chauffeur au sein d’une organisation internationale sera un atout.",N/A,https://senjob.com/sn/jobseekers/chauffeur_e_161432.html
Legal Counsel,N/A,Dakar,"Juridique, Fiscal, Audit, Conseil | Banque, Assurance, Finances",2026-04-18,2026-05-02,"As a Legal Counsel at Wave, you will play a key role in supporting our Senegal Legal Team, which strongly focuses on Marketing, Public Relations, and Corporate Governance. You will collaborate closely with operational and functional teams to help them reach their objectives, while actively managing legal risks and ensuring full regulatory compliance.In this role, you will provide clear, practical legal advice and implement strategies that protect the company’s interests and contribute to business success.You will report directly to the Head of Legal.In this role, you’ll:Marketing, Public Relations, and Procurements•	Support Marketing and Payment – growth team in the implementation and launch of promotional activities by providing legal advice.•	Ensure all the Publics relations and Marketing communications are compliant with legal requirements.•	Review all contracts and legal documents related to marketing and public relations to ensure alignment with the company’s interests and regulations.•	Draft and review supplier contracts in accordance with the company’s Procurement scope.•	Ensure that the procurement follows internal procedures and regulatory obligations.•	Draft contract templates for the company’s needs when necessary.•	Engage with external stakeholders (e.g., the regulator) to build strong relationships and facilitate follow-up on some of Wave’s files.•	Obtain authorization from competent authorities when necessary.•	Provide legal support for marketing and PR matters.General support :•	Develop, implement, and communicate policies, processes, and procedures.•	Recommend process improvements for the existing tools.•	Provide legal advice for questions related to the regulation applicable to the company’s activity (specific regulation related to E-money, commercial regulation, labor law; civil and penal law, etc.).•	Work with the Head of Legal to develop case strategies to prevent or mitigate risks.Key details•	Location: You’ll work from our office in Senegal.•	This is a permanent position.•	Our salaries are competitive and calculated using a transparent formula.•	We offer generous health insurance for yourself and your dependents.•	We support working parents – we offer generous parental leave policies (26 weeks for mothers and 4 weeks for fathers) and subsidized child care when you return to work.•	We help you live your fullest life now – we subsidize gym memberships and fitness classes.•	Airtime reimbursement.Requirements•	Master’s degree in law.•	5+ years of legal experience, preferably in mobile money, banking, or other financial sectors.•	Proficiency in both written and spoken French and English.•	Demonstrated expertise in planning and preparing for board and shareholder meetings.•	Solid understanding of legal requirements related to advertising.You might be a good fit if you•	Efficiently and quickly apply instructions from your lead, and proactively identify and report problems or blockers.•	Excel in both teamwork and independent work.•	Are proficient in drafting and reviewing contracts in English and French.•	Demonstrate tenacity and a commitment to completing tasks.•	Possess a strong analytical approach to problem-solving.•	Are highly organized and detail-oriented, with a clear and accurate legal approach.•	Have excellent writing, listening, and communication skills, consistently striving for excellence in all endeavors.",N/A,https://senjob.com/sn/jobseekers/legal-counsel_e_161431.html
Chef d’Équipe Logistique,N/A,Dakar,"Achat, Supply Chain, Logistique, Transport | Transport, Logistique, Services postaux",2026-04-18,2026-05-02,"MissionsOrganisation & Planification•	Recevoir du VLM la liste des tâches et priorités quotidiennes•	Élaborer un plan de travail journalier structuré (ressources, priorités, séquencement)•	Anticiper les contraintes opérationnelles (flux, co-activité, délais)Management & Animation d’Équipe•	Encadrer et coordonner l’équipe logistique terrain (manutentionnaires, caristes, gestionnaires de stock,)•	Affecter les tâches et assurer le suivi quotidien de leur exécution•	Animer les toolbox meetings quotidiens (brief opérationnel + sécurité)•	Assurer la discipline, la motivation et la performance des équipesExécution des Opérations Logistiques•	Superviser les opérations de réception, stockage, distribution et manutention•	Piloter les opérations durant les phases Bump-In, Games Time et Bump-Out•	Garantir la bonne utilisation des engins de manutention (MHE) et le respect des consignes de sécurité•	Contrôler la conformité des livraisons et assurer leur enregistrementSécurité & QHSE•	Coordonner avec les équipes QHSE sur site•	Veiller au port des EPI et au respect des procédures de sécurité•	Participer et animer les briefings sécurité quotidiens•	Remonter immédiatement tout incident ou situation à risque au QHSE ET VLMSuivi & Reporting•	Suivre l’exécution des activités en temps réel•	Identifier et gérer les écarts, imprévus et incidents•	Rendre compte au VLM (avancement, risques, besoins)•	Proposer des actions correctives et retours d’expérienceProfil recherché•	Bac+2 minimum en logistique, supply chain, gestion des opérations ou équivalent•	Minimum 3 ans d’expérience en gestion d’équipes logistiques terrain•	Expérience en environnement événementiel, sportif ou industriel fortement souhaitée•	Maîtrise des opérations logistiques terrain (flux physiques, gestion de stock)•	Connaissance des engins de manutention (MHE) et des règles de sécurité associées•	Notions solides en QHSE et procédures de sécurité•	Bonne maîtrise des outils bureautiques (Excel, reporting, outils de suivi)•	Leadership terrain et capacité à encadrer une équipe en conditions exigeantes•	Organisation, rigueur et gestion des flux logistiques•	Réactivité et aptitude à résoudre les imprévus•	Communication claire, directive et efficace•	Sens des responsabilités et forte orientation sécurité•	Maîtrise du français — obligatoire•	Connaissance de l’anglais — souhaitée",N/A,https://senjob.com/sn/jobseekers/chef-d’Équipe-logistique_e_161430.html
Responsable QHSE,N/A,Dakar,"Qualité, Sécurité, Environnement | Transport, Logistique, Services postaux",2026-04-18,2026-05-02,"ResponsabilitésGouvernance & Pilotage QHSE Multi-Sites•	Définir, déployer et maintenir la politique QHSE adaptée au contexte des JOJ sur l’ensemble des sites de compétition et hors compétition sous sa responsabilité.•	Réaliser les assessments QHSE (audit initial, évaluation des risques, grille de conformité) et établir un plan d’actions prioritaires.•	Conseiller et appuyer le VLM sur toutes les décisions à dimension QHSE.•	Produire des reportings réguliers (tableaux de bord, indicateurs de performance QHSE) à destination du management.•	Assurer la veille réglementaire (normes locales sénégalaises, standards CIO/IPC, directives FIFA / World Athletics applicables).Mise aux Normes des Entrepôts & Venues•	Piloter la mise en conformité QHSE de l’entrepôt et des opérations des sites de compétition : signalisation, éclairage de sécurité, issues de secours, contrôle des EPI, matériel incendie.•	Valider les plans d’aménagement des zones de stockage, de manutention et de circulation (piétons / engins).•	Vérifier la conformité des engins de manutention (chariots élévateurs, transpalettes, etc.) et des installations techniques.•	Établir et tenir à jour le Document Unique d’Évaluation des Risques Professionnels (DUERP) par site.•	S’assurer du respect des normes environnementales (gestion des déchets, produits dangereux, impact énergétique).Déploiement des Outils QHSE•	Mettre en place et animer le système de remontée des near misses (presque-accidents) : formulaires, circuit de validation, analyse causale.•	Organiser et animer les toolbox meetings (réunions de chantier sécurité) réguliers sur chaque site.•	Implémenter les rondes de sécurité et les check-lists de contrôle quotidien (Walk-the-Talk QHSE).•	Déployer les outils de suivi et de traitement des incidents : registre des accidents, tableaux de bord, plans d’actions correctives.•	Mettre en place une base documentaire QHSE accessible à toutes les équipes (procédures, fiches réflexes, plans d’urgence).Formation & Culture Sécurité•	Concevoir et dispenser les formations QHSE d’induction pour tous les collaborateurs logistiques (salariés, volontaires, prestataires).•	Former les équipes aux gestes et postures, à la gestion des produits dangereux, ainsi qu’aux procédures d’urgence et d’évacuation.•	Animer des campagnes de sensibilisation QHSE tout au long des JOJ (affiches, quiz, challenges sécurité).•	S’assurer de la bonne maîtrise et de l’utilisation effective des EPI par l’ensemble des intervenants sur site.•	Accompagner les prestataires logistiques dans la mise en conformité de leurs pratiques QHSE.Gestion des Incidents & Reporting•	Assurer la gestion immédiate des incidents QHSE : sécurisation, investigation, mesures conservatoires.•	Piloter l’analyse des causes racines (méthode des « 5 pourquoi », arbre des causes) et le déploiement des plans d’actions correctives.•	Assurer la communication des incidents vers le VLM et le FA Lead dans les délais requis.Qualifications et expérience•	Diplôme Bac+3 minimum en QHSE, HSE, Sécurité au travail ou domaine équivalent•	Minimum 2 ans d’expérience dans un poste QHSE opérationnel•	Expérience en gestion multi-sites fortement souhaitée•	Expérience dans un contexte événementiel ou de grands projets est un atout majeur•	Certifications NEBOSH, IOSH, ou certification QHSE équivalente appréciée•	Connaissance de l’ISO 45001 (sécurité au travail) et ISO 14001 (environnement) souhaitée",N/A,https://senjob.com/sn/jobseekers/responsable-qhse_e_161429.html
Head of Operational Cell 2,N/A,Dakar,"Santé, Médical, Pharmacie, Sport | Services hospitaliers, Médicaux",2026-04-18,2026-05-05,"The Head of the Operational Cell is responsible for MSF OCBA missions, overseeing the different phases in the project cycle (opening, consolidation, re-orientation and closing) and ensures that quality standards are duly maintained and MSF’s humanitarian and deontological principles respected in his/her portfolio, within the framework of the OCBA Strategic Plan (2026 – 2031), operations orientations, and annual plans in order to perform relevant, high-impact operations. MSF OCBA works in contexts characterised by conflict and violence and has a very strong emergency mind-set.S/he reports hierarchically to the Operational Director. S/he leads the Operational Cell 2, which is composed of a matrix-like team set-up, integrating staff members from different job families as the basis for direct support and guidance to the missions within the cell’s portfolio. Cell 2 is made up of one Head of Operational Cell (RECO), two Deputy Head of Operational Cell (Deputy RECO, one of which is 50% dedicated the cell), one Health Advisor (TESACO), one Health Advisor Support (TESACO Support), one Logistics Advisor (TELOCO), one Human Resources Advisor (REHUCO), one Human Resources Advisor Support (REHUCO Support), and one Financial Controller (FINOCO). The Cell is also supported by a Communications Advisor (CA) and a Humanitarian Affairs Advisor (HAA).The Operational Cell 2 currently manages MSF-OCBA operations in Burkina Faso, Mali, and Niger.Responsibilities ans tasks1. Participate in the MSF OCBA organisational strategy•	Ensure the reflection on positioning and the role of MSF OCBA regarding humanitarian crises and related dilemmas, protection issues and operational strategies within his / her portfolio and contribute to this process for the wider OCBA operations portfolio.•	Provide operational input to contribute to the definition of the strategies with the rest of the Departments, and take into account their contributions where pertinent when defining Operational plans to strengthen transversal planning and boost integration.•	Identify and communicate situations in which the implementation of OCBA policies and procedures is not viable or may hinder the achievement of operational objectives, propose adaptations and exceptions to these in the appropriate forum, and apply the exceptions when necessary, as long as they are justified.•	Adheres to the priorities articulated by the Direction of Operations and ensures adequate adherence of these along the operational management line and in the missions in his / her portfolio.•	Hold himself/herself accountable for the relevance and quality of interventions in his / her portfolio and is transparent regarding his/her responsibilities at an operational and managerial level.•	Hold services accountable for the quality of their support, proactively monitor / analyse policy implementation / adaptation, raise issues in a timely manner, and be accountable for the implementation of MSF OCBA strategies and policies.2. Contribute to the definition of MSF OCBA operational strategy•	Contribute to the definition of the OCBA operational vision by articulating the needs and realities in his / her portfolio.•	Contribute to the planning of the Operations Department and to the achievement of its transversal objectives.•	Contribute to reviewing the objectives of the operations department, as well as those framed in MSF OCBA’s Strategic Plan and annual operational orientations, based on evaluation of the implementation of the operational plan and the analysis of evolution of humanitarian challenges in the assigned portfolio.•	Ensure coherence between OCBA annual planning, operational orientations and assigned portfolio’s annual plan.•	Contribute to the definition of MSF OCBA security plans and policies and ensure compliance to them.3. Define the strategic vision of missions within the assigned portfolio•	Lead the reflection on positioning and the role of MSF OCBA in relation to the OCBA Strategic Plan and the humanitarian crises in the missions within the assigned portfolio.•	Ensure regular critical review and analysis of contexts and humanitarian situations in the assigned portfolio in order to guarantee that operational response is adapted to meet population’s needs.•	Define missions, projects and interventions in the assigned portfolio, guaranteeing their pertinence and compliance with the MSF OCBA Strategic Plan and operational priorities.•	Ensure the promotion and participation in the proposal, planning and follow-up of exploratory missions and all phases of the project cycle (design of project proposal, monitoring and evaluation, project re-orientation, expansion or closure).•	Ensure that the results of relevance/impact project evaluations feed overall analyses, in order to maintain the relevance of the missions and the overall MSF OCBA portfolio.4. Oversee the planning and budgeting of missions•	Review the annual plan and budget of missions within the assigned portfolio and define strategic changes within the missions under his / her responsibility in coordination with the Director of Operations.•	Carry out budget analysis of missions and ensure corrective measures if necessary.•	Ensure coherence between OCBA annual planning, operational orientations and assigned portfolio’s annual plan.5. Supervise, analyse and support programme implementation•	Ensure the implementation of the annual plan in the missions within the portfolio, according to quality standards and to MSF’s humanitarian and deontological principles, with the primary objective to meet population’s needs.•	Ensure that MSF’s role on humanitarian action and advocacy is effectively executed by identifying related medical-humanitarian dilemmas, defining lobbying, advocacy messaging and communication strategies, and allocating extra resources accordingly, for missions within portfolio.•	Ensure support and supervision for all aspects of management of the missions, projects, exploratory missions and interventions in the assigned portfolio, based on the annual operational orientations.•	Ensure that MSF’s role on humanitarian action and “témoignage” is effectively executed by identifying related medical-humanitarian dilemmas, defining lobbying, advocacy and communication strategies, and allocating extra resources accordingly, for missions within the assigned portfolio.•	Support the implementation of strategies in relation to context analysis, acceptance, networking and engagement, positioning, advocacy and communication•	Ensure adequate security management through supervision for portfolio’s missions, projects and interventions in line with the security policy, rules and guidelines of MSF OCBA.•	Ensure implementation of the safeguarding framework at projects and mission level.•	Analyse the fulfilment of operational objectives and carry out analysis to improve MSF OCBA’s operational response in the assigned portfolio.6. Reinforce emergency preparedness and response capacity in the assigned portfolio•	Ensure the effective emergency preparedness and response of the missions.•	Instil an emergency mindset in the staff under his / her management.•	Ensure the missions in the portfolio have an effective alert detection system and a well-defined emergency preparedness and response plan is in place and regularly updated.•	Ensure a robust emergency response capacity in each mission within the assigned portfolio.•	Conduct and contribute to after-action reviews of emergency responses and ensure adequate dissemination of the lessons learnt in the relevant mission and in the rest of his/her portfolio as needed.7. Lead, support, manage and guide teams•	Ensure that the people running the interventions in his/ her portfolio are being supported adequately by the support functions in the capital, cell and rest of the house.•	Identify and implement reasonable measures to ensure the well-being and retention of staff in his/ her portfolio, both locally hired and internationally mobile staff.•	Lead, support, and coach the cell team and the heads of missions in their functioning and decision-making process, to ensure that objectives are achieved.•	Ensure that cell team members and heads of missions assume their respective responsibilities and the timely implementation of their tasks.•	Participate in the selection process of the cell team (taking the final decision on selection of candidates), set their objectives, provide feedback, and carry out their follow-up and evaluation, in order to support their performance, coverage of their training needs and future development.•	Review and update the job profiles of cell members as needed, in collaboration with HR and the relevant technical department.•	Follow the MSF OCBA performance management system (PMS) with the heads missions, including objective setting, check-ins, progress checks, and final reflections / development recommendations. Ensure the PMS is being implemented through the operational management line in each of the missions in his / her portfolio.•	Ensure all managerial and behavioural issues are investigated and followed up (at mission or cell level).8. Promote effective knowledge management and ensure optimal internal communication flow•	Ensure adequate information and workflow between cell and services, other cells, and field, for issues that affect the assigned portfolio.•	Contribute to operational learning for up-and-coming staff, including courses, inductions, briefings, debriefings, etc.•	Ensure that knowledge management policies / systems are implemented at his/her level of responsibility.9. Represent MSF OCBA in different forums•	Engage with external actors (international organisations, NGOs, institutions, donor agencies, diaspora, civil society and the media) and represent MSF OCBA for the missions of the assigned portfolio, on humanitarian crises, inter-agency operational coordination, and for fundraising.•	Represents MSF OCBA at MSF international level for the missions of the assigned portfolio (intersectional desk platform).Job requirements•	University degree in a relevant field such as Medicine, Nursing, Biomedical Sciences, Social Sciences, Political Sciences, Economics, Law, or a related discipline.•	Minimum of 5 years of operational management experience with MSF is required.•	Previous professional experience in the Sahel region, with a strong understanding of its context, is required.•	Strong knowledge of and interest in the international humanitarian context and MSF principles.•	Fluent in French and English (both written and spoken) is required.•	Availability and willingness to travel frequently and at short notice.•	Flexibility to adapt to demanding working conditions and irregular working hours.Conditions•	Position based in Dakar with travel to the projects at least 25-30% of the time.•	Full-time position.•	Annual Gross Salary: level HQ-6 level (subject to MSF-OCBA Rewards Policy of the OCBA HUB where the position is based – Dakar ).•	Duration: Mandated position with minimum 3-year moral commitment, with a maximum term of 6 years.•	Starting date: mid/end of June 2026",N/A,https://senjob.com/sn/jobseekers/head-of-operational-cell-2_e_161428.html
Développeur Full-stack (Marketing Digital & IA),N/A,Dakar,"Informatique, Télécoms, Réseaux | Industrie Informatique, Télécoms, Téléservices",2026-04-18,2026-05-02,"On cherche un profil senior, capable de construire, optimiser et scaler des produits digitaux à fort impact.Ta mission (si tu l’acceptes)•	Concevoir des plateformes web performantes (front + back)•	Intégrer des solutions basées sur l’IA (automatisation, agents, APIs…)•	Booster les performances marketing (funnels, tracking, conversion)•	Travailler directement sur des projets à ROI mesurable•	Être force de proposition (tech + business)Ici, ton code génère du chiffre. Pas juste des features.Profil recherché (pas négociable)•	Expérience solide en Fullstack (React, Node.js ou équivalent)•	Très bonne compréhension du marketing digital (funnels, ads, data)•	Expérience ou forte appétence pour l’IA (OpenAI, automatisation, scraping…)•	Capacité à travailler vite, bien, et avec impact•	Mentalité “problem solver”, orientée résultatsCe qui fera la différence•	Tu as déjà généré du business grâce à tes devs•	Tu comprends le lien entre tech + acquisition + conversion•	Tu es à l’aise avec les outils no-code / automation•	Tu es capable de challenger les décisions produitCe qu’on t’offre•	Salaire attractif (selon ton niveau réel, pas ton CV)•	Projets concrets, zéro bullshit•	Liberté technique + prise d’initiative•	Évolution rapide (lead tech / produit)•	Environnement ambitieux et orienté performanceImportant•	On ne cherche pas quelqu’un qui exécute.•	On cherche quelqu’un qui comprend, construit et fait gagner de l’argent.",N/A,https://senjob.com/sn/jobseekers/développeur-full-stack--marketing-digital---ia-_e_161427.html
Business Development Director,N/A,Dakar,"Commercial, Vente, Business developpement | Distribution, Commerce, Import-Export",2026-04-17,2026-05-02,"Visa is a world leader in payments technology, facilitating transactions between consumers, merchants, financial institutions and government entities across more than 200 countries and territories, dedicated to uplifting everyone, everywhere by being the best way to pay and be paid.At Visa, you’ll have the opportunity to create impact at scale — tackling meaningful challenges, growing your skills and seeing your contributions impact lives around the world. Join Visa and do work that matters — to you, to your community, and to the world.Progress starts with you.Team SummaryVisa’s Central Europe, Middle East & Africa (CEMEA) team drives growth and innovation across one of the most diverse regions globally. We partner with clients, governments, and regulators to expand digital payments, strengthen acceptance networks, and deliver secure, scalable solutions that meet the needs of consumers and businesses. Combining global capabilities with local expertise, CEMEA plays a critical role in advancing Visa’s mission to enable commerce everywhere.Visa’s Senegal team in Central Africa is a dedicated group of professionals committed to driving the company’s growth and innovation in this vital market. Comprised of experts in sales, marketing, product, consulting, regulatory affairs and customer support, the team works collaboratively to tailor Visa’s global strategies to the local context. This role will report to the Head of Cluster – Western and Central Africa Francophone & Lusophone.What a Director, BD – Senegal does at Visa:As Visa’s senior representative in Senegal, the Director, BD will lead the country’s strategic agenda, deepen client and regulatory engagement and oversee Visa’s operations and performance across the country.Market & Strategic Leadership•	Define and execute Senegal’s specific strategy aligned with CEMEA region priorities specific strategy aligned with CEMEA region priorities•	Represent Visa with regulators (BoM), media, government bodies, and key ecosystem stakeholders•	Shape the local digital payments landscape by identifying growth drivers and removing operational and regulatory barriers•	Monitor evolving market dynamics, competitive activity, and regulatory changes to drive proactive strategic responses•	Responsible for full P&L management, including setting and managing budgets, revenue targets, account receivables, operating expenses, forecasts and delivery of agreed profitability KPI’sClient & Ecosystem Engagement•	Serve as the primary point of contact for issuers, acquirers, merchants, fintech, PSPs, and government partners•	Lead sales, new business development and complex commercial negotiations as well as senior level (C suite) engagement•	Drive revenue growth across core products, value added services and commercial money movement solutions (e.g., B2B, remittances, government payments)•	Expand acceptance across the country by accelerating the adoption of secure, frictionless digital payment solutions and strengthening partnerships across the payments ecosystem•	Build, strengthen, and execute strategic account plans ensuring sustainable share growth and client partnership expansionRegulatory & Government Affairs•	Strong understanding of UEMOA regulatory and payments environments.•	Build and maintain strong relationships with BoM, key ministries, and national program•	 Support the Country’s national digital transformation and financial sector development agendas under Vision 2030•	Represent Visa in government led initiatives, working groups, and industry forums led initiatives, working groups, and industry forumsTeam & Site Leadership•	Foster a culture of collaboration, accountability, leadership excellence, and customer obsession, engaging with colleagues across Visa, endeavoring to provide guidance and support with complex negotiations and ensure the business is appropriately involved and informed about client matters, delivering solutions as one team.•	Ensure operational rigor, compliance, and an excellent employee experience across the Riyadh site•	Serve as the senior executive face of Visa in the Country, managing day today market leadership responsibilities to day market leadership responsibilitiesThis is a hybrid position. Expectations of days in office will be confirmed by your hiring manager.Why this is important to VisaThe Director, BD is a senior leader in one of Visa’s CEMEA region’s largest, fastest growing and most strategically important markets. This role plays a pivotal part in advancing Country’s Vision 2030 digital payments agenda, steering market level P&L performance and strengthening Visa’s presence amid the Country’s expanding role as a regional hub for digital transformation.QualificationsWhat you will need:•	10+ years in payments, financial services, fintech, consulting, or related industries•	Strong understanding of UEMOA regulatory and payments environments.•	Proven track record in senior leadership roles and managing strategic external relationships•	Experience operating in Eastern Africa (Indian Ocean Islands) markets (Country experience strongly preferred)•	Demonstrated success in complex commercial environments, competitive markets, and high impact dealmaking•	A strong track record of sales leadership, developing and leading executive-level client relationships and new business opportunities with key partners, leveraging Visa’s products and services to build broader payments solutions.•	Strong B2B2C experience with knowledge of expanding into new customer distribution channels.•	The ability to navigate ambiguity, innovate, and lead businesses in capturing, expanding, extending, and retaining client relationships.•	Commercially astute with proven success in growing a business in a high-growth, fast-paced environment, meeting challenging financial and business targets.•	A track record of establishing strong connections with government representatives and regulators.•	Robust decision-making and analytical skills, with a strong command of financial, market, and consumer data, and the ability to grasp complex and detailed issues.•	Financially literate with an excellent understanding of risk management.•	Experience working in a global matrix organization with the ability to navigate complex structures and empower local decision-making.•	Experience leading change programs within a business and building and leading high-performing teams through cultural and transformational change.•	Creative and resourceful in overcoming barriers and unexpected roadblocks.•	An authentic leader who intuitively fosters an inclusive environment.•	Takes a hands-on approach to all activities with real passion and high levels of energy.•	Excellent communication skills.•	A minimum degree-level qualification, with an MBA considered valuable.•	Fluent in English strongly preferred.",N/A,https://senjob.com/sn/jobseekers/business-development-director_e_161424.html
Commercial(e) Sénior Agroalimentaire,N/A,Dakar,"Commercial, Vente, Business developpement | Distribution, Commerce, Import-Export",2026-04-17,2026-05-02,"Dans le cadre du développement de ses activités et de son ambition de contribuer durablement à la souveraineté alimentaire, une entreprise de la place recrute un(e) Commercial(e) Senior en agroalimentaire pour accompagner la structuration et la croissance de ses marchés.À travers ses initiatives, l’entreprise œuvre au développement de chaînes de valeur performantes, à la modernisation des exploitations agricoles et à la mise en marché de produits agricoles compétitifs, répondant aux exigences locales et internationales.En tant que Commercial(e) Senior, vous jouerez un rôle clé dans :•	le développement et la gestion d’un portefeuille clients (B2B, distributeurs, partenaires stratégiques)•	la définition et le déploiement de la stratégie commerciale•	l’identification et la conquête de nouvelles opportunités de marché•	la valorisation des produits issus des filières agricoles locales•	la contribution à la croissance durable des activités agroalimentaires",N/A,https://senjob.com/sn/jobseekers/commercial-e--sénior-agroalimentaire_e_161423.html
Responsable Lots Techniques,N/A,Dakar,"Maintenance, Entretien, Contrôle | Industrie Automobile, Mecanique, Navale",2026-04-17,2026-05-02,"Pour le compte d’un de nos clients, acteur mondial reconnu dans les projets d’infrastructures, des projets immobiliers complexes, nous recrutons : Responsable des Lots TechniquesResponsabilités•	Examinez les exigences contractuelles et définissez les critères d’interface et d’acceptation pour toutes les œuvres MEP.•	Coordonnez tous les travaux mécaniques, électriques, de plomberie, de drainage et de relevage en accord avec les activités civiles et structurelles.•	Inspecter les travaux en cours du MEP et surveiller les activités de test et de mise en service afin d’assurer la conformité aux exigences approuvées.•	Faites régulièrement rapport au chef de projet et au responsable de la construction des progrès, des problèmes, des changements, des risques et des activités quotidiennes sur le chantier.Profil•	Licence (BSc) en génie mécanique ou génie électrique.•	15 ans d’expérience en coordination MEP dans des projets de construction à grande échelle.•	Bonne compréhension des processus de test, de mise en service et de transfert MEP.",N/A,https://senjob.com/sn/jobseekers/responsable-lots-techniques_e_161420.html
Chef cuisinier,N/A,Dakar,"Métiers Hôtellerie, Tourisme, Restauration, Loisirs | Tourisme, Hôtellerie, Loisirs, Restauration",2026-04-17,2026-05-02,Nous recrutons un chef cuisinier qui habite à Dakar.Missions :•	Élaborer des menus adaptés aux habitudes locales•	Superviser la production culinaire•	 Encadrer et former une équipe•	 Gérer les approvisionnements et les stocks –•	Suivre les coûts et optimiser les budgets•	Garantir le respect des normes HACCPProfil recherché•	Formation en cuisine (CAP à BTS) avec  5 ans d’expérience minimum•	Expérience en management•	Maîtrise des normes HACCP,N/A,https://senjob.com/sn/jobseekers/chef-cuisinier_e_161419.html
04 Menuisiers,N/A,Dakar (seneg...,"Maintenance, Entretien, Contrôle | BTP, Construction, Immobilier, Urbanisme, Archi.",2026-04-17,2026-05-02,"AMD Corporate recrute pour le compte de l’un de ses clients et vous offre l’opportunité de rejoindre une équipe dynamique et engagée.Vous êtes motivé(e), rigoureux (se) et prêt(e) à relever de nouveaux défis ? Cette opportunité est faite pour vous !",N/A,https://senjob.com/sn/jobseekers/04-menuisiers_e_161417.html
04 Assistant(e)s Techniques SAME (MATAM),N/A,matam,"Administration, Services généraux | Qualité, Sécurité, Environnement | Ingénierie, Etudes, Projets, Recherche | Organisation non gouvernementale, Association | Energie, Eau, Environnement",N/A,N/A,"NOM Assistant (e) technique ClimateRiceRÔLE Assistant.e TechniquesNIVEAU DE CONTRIBUTION V7MISSION SénégalBASE MatamDOMAINE Production /Mise en œuvre de projetsDEPARTMENT Mise en œuvre Projets MissionsCATÉGORIE PROFESSIONELLE Assistants(es) / Adjoints terrainACCOMPAGNÉ(E) NonGESTION D'ÉQUIPE NonBUDGET SNDKF0X0 - Dakar. Finanzas MisionesSUPERVISEUR  Chef de projetEXPLICATION DE CONTEXTEAction Contre la Faim met en œuvre au Sénégal des programmes visant à renforcer la résilience des communautés face à l’insécurité alimentaire, en intégrant de plus en plus les enjeux liés au changement climatique et à la durabilité des systèmes de production. Dans ce cadre, le projet ClimateRice vise à promouvoir des pratiques de riziculture durable dans la vallée du fleuve Sénégal, notamment à travers le développement du Système de Riziculture Intensive (SRI), permettant d’améliorer la productivité tout en optimisant l’utilisation de l’eau et en réduisant les émissions de gaz à effet de serre.Le projet s’inscrit également dans une approche innovante visant à explorer et développer des mécanismes de financement climatique, en particulier les crédits carbones, en partenariat avec des acteurs techniques et institutionnels tels que la SAED et CarbonFarm. Cette phase pilote constitue une étape clé pour tester la faisabilité technique et opérationnelle de ces approches, avec une perspective de mise à l’échelle à plus grande échelle en cas de résultats probants.ACCIÓN CONTRA EL HAMBRERÉSUMÉ DE JOB PROPOS GÉNÉRALL’Assistant(e) Technique appuie la mise en œuvre du projet Climate Rice en accompagnant les producteurs et productrices dans l’adoption des pratiques du Système de Riziculture Intensive (SRI), notamment les techniques de gestion optimisée de l’eau (AWD).Il/elle contribue au changement de pratiques agricoles à travers un appui technique de proximité et favorise l’engagement des acteurs communautaires. En collaboration avec le/la Chef(fe) de Projet, il/elle assure la collecte et la transmission des données du projet, notamment dans le cadre du système de suivi, rapportage et vérification (MRV).Il/elle travaille en lien étroit avec les partenaires (SAED, ANCAR, collectivités, organisations de producteurs) afin de garantir une mise en œuvre efficace et coordonnée du projet.FONCTIONS ET RESPONSABILITÉS PRINCIPALESObjectif 1: Assurer la représentation d’ACF auprès des partenaires locauxParticiper aux réunions de coordination avec les partenairesAssurer une collaboration étroite avec les acteurs communautaires et institutionnelsSensibiliser les producteurs et productrices aux objectifs du projet et favoriser leur adhésionPromouvoir la participation active des femmes et des jeunesObjectif 2: Assurer l’accompagnement technique des producteurs et productrices de riz• Participer à l´identification des producteurs et productrices et appuyer la formalisation des accords de participation au projet• Former et accompagner les producteurs sur les pratiques du SRI (repiquage, gestion de l’eau/AWD, fertilisation, etc.)• Assurer le suivi régulier des parcelles et appuyer la mise en œuvre des activités• Contribuer à la planification et à l’exécution des activités communautaires• Superviser les producteurs et productrices dans l’adoption de bonnes pratiques culturales du SRI (Planage, Semis, repiquage, désherbage, épandage d’amendement organique, gestion de la lame d’eau…)• Participer aux actions de sensibilisation sur la pratique SRI (radios, sessions communautaires)• Anticiper tout problème lié à la mise en œuvre des activités sur le terrain et participer à l´identification de solutions dans les meilleurs délaisObjectif 3 :Appuyer le Suivi, l’évaluation et capitalisation du projet Asurer le suivi opérationnel des activités et la mise à jour des plannings d’activités ;• Contribuer à la qualité, la collecte, la transmission des données (MRV) et l’archivage Participer au reporting (hebdomadaire, mensuel)• Appuyer le système de suivi-évaluation en lien avec le MEAL Officer Participer aux réunions de projet et aux cadres de concertation  *• Contribuer à la mise en place du mécanisme de redevabilité communautaire Réaliser toute autre tâche demandée par le management du projet.PROCESS MP2.1-P3 - ExecutionBESOINS DU POSTE COMPÉTENCESTravail en équipe Motivation Organisation et planification Communication efficace et synthèse Capacité d'analyse Négociation Orientation aux résultats Analyse et résolution des problèmes/conflitsCOMPÉTENCES, CONNAISSANCES ET AUTRES REQUIS-Bac +3/4 en Agronomie, Génie Rural, développement communautaire, Climatologie, Changement Climatique et Développement Durable, Economie Rurale, Environnement ou toute autre discipline équivalente.-Au moins 2 à 3 ans d’expérience dans la mise en œuvre ou l’animation de projets de développement, notamment dans les domaines de la sécurité alimentaire, du développement rural, du changement climatique ou des activités génératrices de revenus-Titulaire d’un permis pour la conduite de moto (obligatoire)-Bonne compréhension du cycle de gestion de projet.-Des enjeux liés au genre et au changement de pratiques (approches comportementales)  y-Bonne capacité de communication, d’animation et de facilitation communautaire-Bonnes capacités d’analyse et de rédaction ;-Maîtrise des outils informatiques et bureautique.-La maitrise des outils numériques de collecte de données est un atout-Connaissance des organisations paysannes et des dynamiques communautaires-Connaissance des principes d’agroécologie et des systèmes agricoles irrigués (idéalement riziculture)-Expérience dans un projet agricole, idéalement en lien avec la riziculture-Expérience en formation, accompagnement et encadrement de producteurs ou d’équipes multidisciplinaires et dans l’accompagnement des organisations paysannes ou faitières-Expérience dans des projets impliquant un changement de pratiques (agricoles ou communautaires)-Expérience de travail dans la région de Matam ou dans un contexte similaire-Bonne capacité d’organisation, de planification et sens de la rigueur-Capacité d’adaptation et flexibilité dans un environnement de travail dynamique.-Aptitude à travailler en équipe et à contribuer à un bon climat de travail-Capacité à travailler de manière autonome, avec esprit d’initiative-Bonne résistance au stress et capacité à gérer la pression ;-Capacités de communication, de médiation et de résolution de conflits-Capacité à évoluer dans un environnement multiculturel et multidisciplinaire-Intérêt pour l’apprentissage continu et le renforcement de ses compétencesENGAGEMENTS ENVERS L'ÉGALITÉ DES GENRES ET LA TOLÉRANCE ZÉRO AUX ABUSLe/la titulaire du poste est tenu(e) d’adopter un comportement conforme aux principes éthiques de l’organisation, de signaler toute situation de risque ou de violation et de contribuer à la création d’un environnement de travail sûr, respectueux et inclusif.",N/A,https://senjob.com/sn/jobseekers/04-assistant-e-s-techniques-same--matam-_e_161530.html
Chargé de communication,gmail,SALY (MBOU...,"Marketing, Communication | Organisation non gouvernementale, Association | Communication, Marketing, Médias",N/A,N/A,"À propos de nousL’association ALEFS intervient à SALY / MBOURl dans les domaines de l’éducation et de l’accompagnement des enfants et des femmes vulnérables.Forte de plusieurs années d’engagement et d’actions concrètes sur le terrain, ALEFS souhaite aujourd’hui renforcer sa communication pour :-mieux valoriser ses actions,-développer sa visibilité,-structurer ses outils,-et préparer des partenariats avec des acteurs institutionnels.Le posteNous recrutons un(e) Chargé(e) de communication opérationnel(le) capable de produire, organiser et diffuser les contenus de communication de l’association.-Il s’agit d’un poste très concret, orienté action, avec un impact direct sur la visibilité de l’association.-Vos missions-Communication quotidienne (priorité)Mettre à jour le site internet (WordPress)Rédiger des articles à partir des activités terrainAnimer les réseaux sociaux (Facebook, Instagram, TikTok)Élaborer et suivre un calendrier éditorialCréer des visuels simples (Canva)Réaliser de courtes vidéos (30 à 90 secondes)Participer à la diffusion d’une newsletter trimestrielleOrganiser les contenus (photos, vidéos, documents)-Objectif: remettre en place une communication régulière, structurée et fiable-Structuration des supports-Harmoniser les documents institutionnels (plaquette, supports, etc.)-Organiser une banque d’images et de vidéos-Mettre en forme les rapports d’activité-Appuyer la rédaction de projets et dossiers-Adaptation des contenusVous adaptez la communication selon les publics :Parrains et bénévolesDonateursGrand publicFuturs bénévoles / stagiairesPartenaires institutionnels-Profil recherchéIndispensable :Expérience antérieure de 5 ans en entreprise ou associationExcellente rédaction en françaisBonne maîtrise des réseaux sociauxConnaissance de WordPressMaîtrise de Canva (ou équivalent)Capacité à faire des montages vidéo simplesOrganisation, autonomie et rigueurBonne maîtrise des outils bureautiquesAtouts supplémentaires :Expérience dans une ONG ou associationConnaissance du contexte sénégalaisSensibilité aux enjeux sociauxMaîtrise de DropboxNotions d’anglais-Conditions-CDD de 6 mois renouvelable-Temps plein privilégié (¾ temps partiel possible)-Télétravail partiel avec présence à Saly (minimum 2 jours/semaine)-Rémunération selon profil et expérience-Évaluation à 6 mois-Pourquoi rejoindre ALEFS ?Un poste utile et concret, avec un impact directUne association reconnue localementUne grande autonomie dans le travailUne mission porteuse de sens",alefsenegal@gmail.com,https://senjob.com/sn/jobseekers/chargé-de-communication_e_161258.html
Agents distributeur,N/A,zone rural...,"Marketing, Communication | Services et Prestations aux Entreprises | Distribution, Commerce, Import-Export",N/A,N/A,"A propos de nous :SamaMbey SUARL est une entreprise sociale évoluant dans le domaine agricole.Nous intervenons dans de nombreuses régions du Sénégal. Sama Mbey vise à améliorer les conditions de vie des petits producteurs en milieu rural et veut les aider à sortir de la pauvreté.Chez SamaMbey les petits agriculteurs peuvent se financer s'ils ont le bon outil pour payer petit à petit en avance pour les intrants. Notre vision et objectif à travers notre Étoile polaire sont de travailler avec 1 million de petits producteurs à l’horizon 2026. En plus, SamaMbey Suarl s’engage dans le domaine du développement communautaire en menant  des actions de sensibilisation en nutrition, santé et hygiène.Intitulé du poste :Agent distributeurLocalisation :La prestation se déroulera en milieu rural, dans les zones d'intervention de Sama Mbey, réparties sur trois régions administratives du Sénégal : Matam  Bakel, Hamady Ounare, Matam, Thilogne Kolda    Dabo, Bourocco,Kounkane, Médina Yoro Foula, Tanaff, Vélingara Sédhiou / Ziguinchor Bignona, Bounkiling, Diattacounda, Marsassoum, Médina WandifaNombre de postes:36Type de contrat:Prestation de serviceRôles et responsabilitésLes agents distributeurs auront pour missions :1. VENTE & MOBILISATION- Développement commercial- Assister l'équipe de vente dans l'atteinte des objectifs de paquets finis- Réviser l'outil « Constitution de paquet 2026 » pour le maîtriser- Organiser les intrants selon l'outil de déchargement/chargement- Préparer des lots de paquets en avance- Assister à la formation distributeur organisée par le FC de la zone- Expliquer le contenu de chaque paquet au client- S'assurer que chaque client confirme avoir reçu 100 % des éléments inclus dans son paquet livré- Organiser les intrants restants pour assurer le chargement rapide du camion- Appuyer le chargement des intrants restants- Prospecter activement de nouveaux clients et fidéliser les producteurs existants2. LIVRAISON & SUIVI LOGISTIQUE- Gestion opérationnelle des livraisons- Être présent sur le site de livraison du début à la clôture.- Remplir les bordereaux de livraison.- Effectuer le décompte des paquets en début et fin de journée, et reporter les chiffres sur le bordereau.Cette liste n’est pas exhaustive, ces activités peuvent être adaptées aux besoins spécifiques de Sama Mbey, ainsi qu’aux objectifs et ressources disponibles.Compétences requises1. SAVOIR-FAIRE (Compétences techniques)- Expérience en vente et mobilisation communautaire en milieu rural.- Capacité à gérer des opérations logistiques (décomptes, bordereaux).- Connaissance du secteur agricole  (un atout).2. SAVOIR-ÊTRE (Qualités personnelles)- Force de persuasion : Capacité à convaincre les producteurs et motiver les VEs.- Rigueur et organisation : Respect strict des procédures de livraison et de reporting.- Autonomie et réactivité : Capacité à travailler en zone rurale avec des contraintes logistiques.- Esprit d’équipe : Collaboration étroite avec les VEs et le staff Sama Mbey.Autres compétences souhaitées:- Flexible : Sama Mbey est une organisation en pleine croissance qui se caractérise par des changements réguliers;- Humble : la personne est capable de partager ses connaissances tout en étant à l'écoute des défis des producteurs;- Efficace et proactif: la personne sait faire preuve d’autonomie et de créativité afin d’organiser ses activités;- Orienté vers l’action : la personne sait analyser les données et interpréter les chiffres afin de proposer et de développer des actions;- Ouvert aux retours constructifs.Le candidat idéal doit:- Avoir une expérience professionnelle antérieure dans le domaine du coaching/développement des compétences;- Être originaire de la zone pour laquelle il postule (myAgro recrute à travers plusieurs zones);Profil recherché- Minimum niveau Bac avec une expérience probante en agronomie, en développement communautaire ou dans un autre domaine connexe;- 1 an d’expérience prouvée et vérifiée en tant que agent de terrain;- Capacité à se focaliser sur l’atteinte des résultats;- Excellentes compétences en communication et en travail d’équipe,- Maîtrise orale et écrite, en français et wolof, mandingue, poular (selon la zone);- La connaissance d’autres langues locales est considérée un atout;- Maîtrise de l’outil informatique.Sama Mbey est un employeur garantissant l'égalité des chances. Nous célébrons la diversité et nous nous engageons à créer un espace inclusif permettant à tous les employés de se sentir valorisés pour leurs compétences, leurs expériences et leur point de vue unique. Sama Mbey offre des opportunités d'emploi égales à tous les employés et candidats sans distinction de race, de couleur, de religion, d'orientation sexuelle, de statut matrimonial/parental, d'origine nationale, d'âge, de handicap, d'opinion politique, de statut social, de statut d'ancien combattant, de génétique ou de toute autre base protégée par la loi applicable.",N/A,https://senjob.com/sn/jobseekers/agents-distributeur_e_161306.html
15 Monteurs chapiteaux,N/A,Dakar,"Maintenance, Entretien, Contrôle | Industrie Automobile, Mecanique, Navale",2026-04-17,2026-05-02,"AMD Corporate recrute pour le compte de l’un de ses clients et vous offre l’opportunité de rejoindre une équipe dynamique et engagée.Vous êtes motivé(e), rigoureux (se) et prêt(e) à relever de nouveaux défis ? Cette opportunité est faite pour vous !",N/A,https://senjob.com/sn/jobseekers/15-monteurs-chapiteaux_e_161416.html
Agents de climatisation,N/A,Dakar,"Maintenance, Entretien, Contrôle | Services aux Personnes, Particuliers",2026-04-16,2026-05-01,"AMD Corporate recrute pour le compte de l’un de ses clients et vous offre l’opportunité de rejoindre une équipe dynamique et engagée.Vous êtes motivé(e), rigoureux (se) et prêt(e) à relever de nouveaux défis ? Cette opportunité est faite pour vous !",N/A,https://senjob.com/sn/jobseekers/agents-de-climatisation_e_161414.html
Assistant aux opérations financières,N/A,Dakar,"Comptabilité, Finances, Gestion | Banque, Assurance, Finances",2026-04-16,2026-05-01,"A Finance Operations Clerk is primarily responsible for posting various financial transactions to the general ledger and reconciling accounts.  In addition, the Finance Operations Clerk will prepare various reports by codifying and cleaning data reports to then post these Journal Entries into the system.  This position will also be required to assist with different Finance Operations tasks from time to time.Expectations:•	Self-driven•	Possess a desire to learn and be challenged•	Maintain a positive attitude and be able to adapt to changes•	Strong work ethic and detail oriented.Job Duties:•	Posting Financial Transactions to the general ledgers•	Validate Deposits images based on provided guidelines and provide provisional ad hocs•	Obtain documentation to support the posting of financial transactions•	Prepare various posting reports as required•	Cross train on other accounting duties and provide backup to all team functions•	Support special projects as assignedJob RequirementsKnowledge:•	Bachelor’s degree in accounting or 1+ years accounting experience is required•	Must understand how to use a general ledger•	Understanding banking processes is a plusSkills:•	Excellent verbal and written communication skills•	Strong time management skills with the ability to multi-task•	Must be detail oriented•	Demonstrated proficiency in Word and Excel 80% or higher•	Ability to interact with all levels of employees within the Company•	Ability to quickly learn new systems•	Bilingual – English/SpanishExperiences:•	1+ years of experience in financial accounting as well as a good level of expertise in Microsoft Excel in creating Pivot Table, Dashboards and Scorecards, working with Formulas etc. its required",N/A,https://senjob.com/sn/jobseekers/assistant-aux-opérations-financières_e_161412.html
Support Quality & Training Lead,N/A,Dakar,"Qualité, Sécurité, Environnement | Banque, Assurance, Finances",2026-04-16,2026-05-01,"We’re making Africa the first cashless continent.In 2017, over half the population in Sub-Saharan Africa had no bank account. That’s for good reason—the fees are too high, the closest branch can be miles away, and nobody takes cards. Without access to financial institutions, people are forced to keep their savings under the mattress. Small business owners rely on lenders who charge extortionate rates. Parents spend hours waiting in line to pay school fees in cash.We’re solving this by building financial services that just work: no account fees, instantly available, and accepted everywhere. In places where electricity, water and roads don’t always work, you can still send money with Wave. In 2017, we launched a mobile app in Senegal for cash deposit, withdrawal, and peer-to-peer and business payments. Now, we have millions of users across 9 countries and are growing fast.Our goal is to make Africa the first cashless continent and that’s where you come in…How you’ll help us achieve itAre you passionate about developing people with an obsession to offer world-class customer experience? We are going through a fascinating period of growth in the Customer Support team and are looking for a Support Quality & Training Lead to join our thrilling journey ahead.You will be responsible for managing a team of more than 15 Support Quality & Training Officers, focusing on the Customer Service department processes. Your goal is to ensure that all customer contacts align with our values and deliver the best customer experience.In this role, you’ll:•	Manage and update knowledge management systems in line with quality standards, protocols, product, and process changes.•	Document and provide guidance on new and existing processes and standards within the Customer Service department.•	Create and deliver training materials, ensuring materials are recorded and accessible.•	Develop analytical reports linking quality performance with customer satisfaction, complementing regular reporting and sharing insights with relevant managers.•	Collaborate across departments for projects and training initiatives.•	Execute the Quality Framework alongside Quality & Training Officers, ensuring quality results meet expectations.•	Lead, support, guide, and develop the Quality & Training Officers reporting to you.Key details•	Location: Dakar.•	Contract type: Permanent.•	Work authorization in Senegal is required.•	Our salaries are competitive and calculated using a transparent formula. We run performance reviews twice a year and award bonuses to strong performers who have been with the company for more than 6 months.•	We offer generous health insurance for yourself and your dependents.•	We support working parents – we offer generous parental leave policies (26 weeks for mothers and 4 weeks for fathers) and subsidized child care when you return to work.•	We help you live your fullest life now! We subsidize gym memberships and fitness classes.•	Airtime reimbursement.•	Free food and a beautiful office space.Requirements•	Fluency in French and English.•	A Bachelor’s degree.•	5 years of experience in customer service or call centre operations, with at least 3 years of experience in a leadership coaching position.•	Strong knowledge of customer service processes.You might be a good fit if you•	You can discern priority tasks.•	Demonstrate tenacity and a willingness to go the distance to get something done.•	Are comfortable defaulting to over-communication and overreaching in coordination.•	Are excessively detail-oriented and seek to achieve excellence in everything you do.•	Are client-oriented and have strong interpersonal skills.•	Ability to schedule training sessions via Zoom or Google Meet tools.•	Are a diplomatic speaker.•	Have a teamwork spirit.•	Are available every day of the week, including weekends, if necessary.•	You have significant experience training large teams.",N/A,https://senjob.com/sn/jobseekers/support-quality---training-lead_e_161411.html
Assistante Direction,N/A,Dakar,"Assistanat, secrétariat, Accueil | Service public d'état, Institutions, Administratio",2026-04-16,2026-05-01,"Dans le cadre du renforcement de notre équipe, nous recrutons une Assistante de Direction.Missions principales :•	Assurer la coordination entre les différents services•	Gérer l’agenda et les priorités de la direction•	Organiser les réunions et assurer le suivi des dossiers•	Rédiger des comptes rendus et documents administratifs•	Faciliter la communication interne et externeProfil recherché :•	Minimum 5 ans d’expérience à un poste similaire•	Excellentes capacités organisationnelles et de coordination•	Très bonne maîtrise des outils bureautiques•	Excellente maîtrise du français, à l’oral comme à l’écrit (élocution irréprochable)•	Sens de la discrétion, rigueur et professionnalismeQualités requises :•	Autonomie•	Réactivité•	Bon relationnel",N/A,https://senjob.com/sn/jobseekers/assistante-direction_e_161410.html
Télévendeurs en conquête mobile/marché français,N/A,Dakar,"Téléservices, Télévente, Service client | Distribution, Commerce, Import-Export",2026-04-16,2026-05-01,"Désormais solidement implanté au Sénégal, Shy-Performance, afin de consolider son effectif et passer à d’autres projets, recrute les profils avec:•	Une expérience en télévente (appels sortants – au moins 6 mois dans la conquête)•	Une parfaite maîtrise de la langue française, avec une bonne capacité communicationnelle et d’écoute active•	Une bonne maitrise des techniques de vente et de traitement des objections?•	Un goût du challenge et du dépassement des défis•	Une bonne capacité à travailler en équipeVous bénéficierez entre autres:•	D’un CDD d’emblée! Pas de prestation de services à SHY Performance•	D’un salaire TRES attractif et compétitif!•	D’une perspective d’évolution priorisée en interne!!!•	D’une prime de performance déplafonnée!!!!•	Sans compter une couverture maladie pour vous et vos proches à hauteur de 80% même durant votre période de formation!!!!!",N/A,https://senjob.com/sn/jobseekers/télévendeurs-en-conquête-mobile-marché-français_e_161409.html
Community Manager / Infographiste,N/A,Dakar,"Marketing, Communication | Communication, Marketing, Médias",2026-04-16,2026-05-01,AMD Corporate recrute un Community Manager / Infographiste.,N/A,https://senjob.com/sn/jobseekers/community-manager---infographiste_e_161408.html
Stagiaire infographe,N/A,Dakar,"Création, Design, Graphisme | Communication, Marketing, Médias",2026-04-16,2026-05-01,"Kpay recrute un(e) stagiaire infographe !Tu es créatif(ve), rigoureux(se) et passionné(e) par le design ?Rejoins notre équipe et travaille sur des projets concrets (cartes PVC, supports visuels, branding…).",N/A,https://senjob.com/sn/jobseekers/stagiaire-infographe_e_161407.html
Commercial – Markerting,N/A,Dakar,"Commercial, Vente, Business developpement | Communication, Marketing, Médias | Distribution, Commerce, Import-Export",2026-04-16,2026-05-01,"Dans le cadre du développement de ses activités, La société AFRIOCEAN SARL spécialisée dans transformation et l’exportation des produits halieutique, recrute un commercial marketing.Missions :•	Développer la présence des produits en grande distribution (supermarchés, supérettes)•	Prospecter et intégrer de nouveaux points de vente dans les réseaux traditionnels (boutiques, marchés, revendeurs)•	Assurer le suivi des clients et fidéliser le portefeuille existant•	Négocier les conditions commerciales et référencements produits•	Veiller à la bonne visibilité des produits en rayon (merchandising)•	Suivre les ventes, remonter les informations terrain et proposer des actions d’amélioration.Profil recherché :•	Homme dynamique, rigoureuse et orientée résultats•	Expérience en vente terrain, idéalement en agroalimentaire ou grande distribution•	Très bon sens de la négociation et relationnel client•	Autonome, organisée avec un esprit d’initiative•	Bonne connaissance des circuits de distribution à DakarConditions :•	BTS (bac+2) et/ou Licence (bac+3) en Marketing/Commerce/Gestion d’entreprise ou dans tout autre domaine similaire.•	2 à 4 ans d’expérience dans le domaine•	Avoir un permis de conduire",N/A,https://senjob.com/sn/jobseekers/commercial-–-markerting_e_161405.html
Conjoncturiste,N/A,Dakar,"Administration, Services généraux | Banque, Assurance, Finances",2026-04-16,2026-05-01,"Missions•	Chargé de la stratégie de la politique monétaire : Assurer la collecte et l’analyse des informations nécessaires à la définition de la politique monétaire par le Comité de Politique Monétaire.•	Chargé de la mise en œuvre de la politique monétaire : Assurer la collecte et l’analyse des données en vue de la formulation des propositions de mesures de régulation de la liquidité bancaire.•	Chargé du suivi des programmes économiques des Etats : Assurer le suivi des programmes économiques et financiers des Etats, en particulier le suivi de l’exécution des programmes économiques et financiers appuyés par les Institutions de Bretton Woods.•	Chargé des centrales d’information : Identifier et analyser les risques bancaires, à travers la gestion des centrales d’informations.•	Chargé des secteurs monétaire et finances publiques : Assurer la production et l’analyse des statistiques monétaires ainsi que celles des finances publiques et de la dette.•	Conjoncturiste : Suivre et analyser la conjoncture économique et les prix, en vue de réaliser des notes et études sur la situation et les perspectives économiques.Critères d’éligibilité•	Etre ressortissant d’un Etat membre de l’UMOA ;•	Jouir de ses droits civiques et être de bonne moralité ;•	Etre âgé de 18 ans au moins et de 40 ans au plus.Profil requis•	Être titulaire d’un diplôme de niveau BAC+5 en Économie, Statistique ou Économétrie ;•	Avoir au minimum 2 ans d’expérience professionnelle pertinente dans des Structures privées, étatiques ou internationales, à des postes en lien avec le domaine de l’économie ou de la statistique.Pour postuler, les candidats doivent produire un curriculum vitae (CV) indiquant notamment :•	la date de naissance ;•	la nationalité ;•	les périodes exactes des expériences professionnelles (date début et date fin) ainsi qu’un résumé des activités prises en charge ;•	le type de contrat pour chaque expérience (CDD, CDI, Consultance, Stage, etc.) ;•	la liste de tous les diplômes y compris le Baccalauréat, en précisant la date d’obtention, l’établissement de formation et la spécialité de chaque diplôme.Après avoir téléchargé son CV, le candidat doit obligatoirement renseigner le questionnaire qui lui est automatiquement soumis.",N/A,https://senjob.com/sn/jobseekers/conjoncturiste_e_161404.html
Health and Safety Adviser,N/A,Dakar,"Santé, Médical, Pharmacie, Sport | Santé, Social, Sport",2026-04-16,2026-05-01,"Summary :•	To continuously monitor behaviour/actions against the Risk Assessment and Rules, and to apply “Educate to Improve” Internal Process to :•	Observe and challenge non-compliant behaviour (an “Incident”) in a positive manner•	Educate staff on the required compliant behaviour (the “Rule”)•	Address non-compliant behaviour against the Risk Assessment and Rules.•	To report any observed behaviour that may result in harm that is not currently included in the Risk Assessment and Rules to both the Senior Managers and the Health and Safety Manager (an “Incident”) so that the Risk Assessment Rules can be updated and staff trained.•	To praise staff (a “Safe Observation”) who are observed complying with the Risk Assessment and Rules.•	Manage the working conditions of staff within both Senegalese law and company policy•	To ensure compliance with the company safe working procedure and risk assessments•	To provide advice to managers providing the technical information/solution has been agreed and confirmed with the Health and Safety Manager.•	Comply with Senegalese legislation and UK best practise in health and safetyObjectives :•	Achieve the highest standards of Health & Safety within all operations•	To complete operations in a timely, efficient manner and to program within our health and safety standard•	Drive Team Work and development,•	Communicate effectively with the team through safety conversation•	Maximise efficiency of resources by reducing the risk and minimize risks for accident•	Update risk assessment and safe working procedures making sure all up to date•	Other responsibilities :•	Lead by example to ensure good co-ordination and co-operation between teams around a strong and focussed health and safety culture•	Field inspection and checks on all business operations and ensure compliance with health and safety procedures•	Support an understanding and philosophy amongst staff in achievement of high standards of health and safety and working in a safe manner•	Develop good relations with the local community and show due regard for all staff issues",N/A,https://senjob.com/sn/jobseekers/health-and-safety-adviser_e_161403.html
Commis de Cuisine,N/A,Dakar,"Métiers Hôtellerie, Tourisme, Restauration, Loisirs | Tourisme, Hôtellerie, Loisirs, Restauration",2026-04-16,2026-05-01,"Nous recrutons un commis de cuisine pour un groupe de deux restaurants bien établis et constituant des lieux emblématiques à Dakar. Il ou elle sera rattaché(e) au chef cuisinier.Missions :Sous la supervision du Chef de cuisine, vous serez en charge de :•	Assister à la préparation des plats dans le respect des standards de qualité•	Préparer les ingrédients (lavage, découpe, pesée)•	Participer à la préparation de la pâte à pizza•	Garnir les pizzas selon les recettes établies•	Participer à la mise en place (préparations, dressage, organisation du poste)•	Veiller au respect des recettes et des fiches techniques•	Contribuer au bon déroulement du service en cuisine•	Assurer la propreté et l’hygiène du poste de travail•	Respecter les normes d’hygiène et de sécurité alimentaire•	Participer à la réception et au stockage des marchandises•	Aider au nettoyage avant et après le serviceProfil :•	Formation en cuisine (CAP / BEP ou équivalent souhaité)•	Expérience en tant que commis de cuisine exigée•	Expérience en préparation de pizzas (pizzaiolo)•	Bonne connaissance des techniques culinaires de base•	Maîtrise des normes d’hygiène et de sécurité alimentaire•	Rapidité et efficacité•	Rigueur et sens de l’organisation•	Esprit d’équipe•	Capacité à travailler sous pression•	Dynamisme et motivation",N/A,https://senjob.com/sn/jobseekers/commis-de-cuisine_e_161402.html
Responsable Atelier Mécanique,N/A,Diamniadio,"Maintenance, Entretien, Contrôle | Industrie Automobile, Mecanique, Navale",2026-04-16,2026-05-01,"•	Entreprise : ACFI•	Lieu : Zone industrielle DiamniadioÀ propos de ACFIACFI est une entreprise spécialisée dans la conception, fabrication et installation d’équipements industriels, notamment dans les secteurs des engrais, du convoyage et des procédés mécaniques.Nous développons des solutions adaptées aux réalités du terrain, avec une forte orientation production, robustesse et efficacité opérationnelle.Poste : Responsable AtelierACFI recrute un Responsable Atelier chargé de piloter la fabrication mécanique et d’assurer le respect des délais, qualité et productivité.Missions principales :•	Organisation et supervision de l’atelier (soudure, assemblage, fabrication)•	Planification de la production selon les projets•	Gestion des équipes (soudeurs, monteurs, techniciens)•	Contrôle qualité des fabrications•	Appui à la conception (CAO)•	Lecture et validation des plans•	Suivi des délais et optimisation des ressources•	Gestion des besoins en matériel et consommablesProfil recherché :•	Technicien confirmé ou Ingénieur en mécanique•	Expérience solide en fabrication métallique / mécanique•	Maîtrise de la lecture de plans (obligatoire)•	Compétences obligatoires en CAO (SolidWorks, Inventor ou équivalent)•	Bonne connaissance des procédés de fabrication (soudure, découpe, assemblage)•	Expérience en gestion d’équipe atelier•	Expérience en fabrication de machines agricoles (un atout)Qualités attendues :•	Leadership terrain•	Rigueur et sens de l’organisation•	Réactivité et capacité à gérer la pression•	Esprit pratique et orienté résultatsConditions :•	Type de contrat : (à définir)•	Rémunération : selon profil",N/A,https://senjob.com/sn/jobseekers/responsable-atelier-mécanique_e_161401.html
Coordinateur Pays (H/F),N/A,Dakar,"Direction générale, Management | Organisation non gouvernementale, Association",2026-04-16,2026-05-01,"ContexteAu sein de l’antenne située à Dakar, au Sénégal Pôle Opérations, le/la Coordinateur·trice PaysAu sein du pôle des Opérations, sous la supervision du/de la Responsable Desk, le/la Coordinateur.trice pays est chargé.e de représenter LIFE et développer ses programmes dans les pays dont il/elle a la responsabilité. Il./Elle a pour mission de coordonner les projets du Desk en collaboration avec les équipes internes et les partenaires dans les pays d’interventionMissions principales1. Développement et mise en œuvre de la stratégie pays•	Analyser le contexte socio-économique et géopolitique des pays d’intervention•	Identifier les acteurs de développement et les mécanismes de coordination existants•	Élaborer la stratégie pays et les plans d’actions annuels•	Identifier les opportunités de financement•	Mettre en place une veille stratégique (analyse PESTEL)•	Renforcer les capacités des partenaires locaux•	Représenter LIFE lors d’événements nationaux et internationaux2. Gestion du cycle de projet•	Co-construire les propositions de projets avec les parties prenantes•	Rédiger et diffuser les appels à projets et à partenariats•	Analyser les propositions reçues•	Assurer le suivi des projets via les outils internes•	Mettre en place des dispositifs MEAL (suivi, évaluation, redevabilité)•	Définir et suivre les stratégies de gestion des risques•	Réaliser des missions terrain (pré-projet, suivi, évaluation)•	Rédiger les rapports (suivi, évaluation, audit, campagnes, etc.3. Coordination et communication interne•	Faciliter la communication entre les équipes•	Organiser et diffuser l’information via les outils internes•	Planifier et coordonner les missions terrainProfil recherché•	Titulaire d’une formation supérieure en gestion de projet, sciences politiques, sciences sociales, relations internationales ou dans un domaine équivalent, vous justifiez d’une expérience d’au moins 2 ans en gestion de projet.•	Une expérience à l’international constitue un atout, tout comme une connaissance du secteur humanitaire et des dispositifs MEAL.Vous disposez des compétences suivantes :•	Maîtrise du cycle de gestion de projet•	Bonne maîtrise des outils informatiques et logiciels de suivi de projet•	Excellentes capacités d’analyse et de synthèse•	Solides compétences rédactionnelles•	Maîtrise professionnelle de l’anglais indispensable•	La maîtrise de l’arabe est fortement appréciée•	La maîtrise de l’espagnol constitue un plusVous vous distinguez également par :•	Votre autonomie, votre rigueur et votre réactivité•	Votre capacité à travailler aussi bien en équipe qu’en autonomie•	Votre aisance dans un environnement de travail à distance•	Votre sensibilité pour le secteur associatif et les enjeux de solidarité internationale•	Informations contractuellesModalités•	Type de contrat : CDI•	Date de démarrage : Dès que possible•	Localisation : poste basé à Dakar, au Sénégal avec déplacements terrain réguliers•	Zone d’intervention : À définir selon les pays suivis",N/A,https://senjob.com/sn/jobseekers/coordinateur-pays--h-f-_e_161400.html
Professeur Français Orphelinat,N/A,Dakar,"Éducation, Enseignement | Enseignement, Formation",2026-04-16,2026-05-01,"Nous recherchons un professeur de français expérimenté capable d’enseigner aussi les matières générales auprès des enfants au sein d’un orphelinat de la place.Nous proposons un contrat de 14H à 18H de lundi au vendredi, à savoir 20H de travail par semaine.Salaire : 100 000 FCFAVous devrez justifier d’au moins 3 ans d’expérience pleine dans l’enseignement ainsi que d’un diplôme minimum de type : licence ou autorisation d’enseigner.",N/A,https://senjob.com/sn/jobseekers/professeur-français-orphelinat_e_161399.html
Commerciaux Physiques,N/A,Dakar,"Commercial, Vente, Business developpement | Distribution, Commerce, Import-Export",2026-04-16,2026-05-01,"Dans le cadre de notre expansion, Santé Plus Sénégal plateforme de protection sociale recrute des commerciaux terrains dynamiquesMissions•	Prospecter activement sur le terrain•	Présenter et vendre les cartes Werouway•	Sensibiliser les populations à l’importance de la protection sociale•	Acquérir de nouveaux clients•	Atteindre et dépasser les objectifs de vente journaliers /mensuelsProfil recherché•	Bac / Bac + 2 en marketing, force supplétive de vente•	Expérience commerciale souhaitée (terrain, vente directe, assurance…)•	Excellente capacité de communication et de persuasion•	Dynamique, autonome et orienté résultats•	Bonne présentation/posture et sens du relationnel•	Persévérance et discipline sur le terrain.Rémunérations et avantages•	Commissions rémunérées sous 48h (non plafonnées)•	Salaire de Base au prorata•	Primes de performance•	Possibilité d’évolution (superviseur, manager régional)•	Formation complète assurée•	Outils et accompagnement terrain fournis",N/A,https://senjob.com/sn/jobseekers/commerciaux-physiques_e_161398.html
Chargée de communication,N/A,Dakar,"Marketing, Communication | Communication, Marketing, Médias",2026-04-16,2026-05-01,"Recherche un  agent  de  développement  ou étudiante en gestion, tourisme, marketing , communication pour le mas des cocotiers, résidence d hôtes de prestige située à Toubab Dialaw.Mission : En étroite collaboration avec le responsable de l établissement, elle /il coordonnerait les activités de communication, des réservations, de prospection pour location de l espace ( mariage, anniversaire, baptêmes. evenemments professionnels) ainsi qu un suivi administratif et budgétaire.Taches :•	Communication sur réseaux sociaux.•	Gestion de l’ agenda des réservations et synchronisations des différentes plateformes ( booking, air and b, homexchange,…)•	Prospecter de nouvelles collaborations.•	Centraliser le matériel de communication : photos, vidéo, textes,•	Création et gestion du site internet.Description Profil :•	Connaissance du secteur tourisme sénégalais.•	Connaissance des réseaux sociaux.•	Connaissance des différentes plateformes de réservation hôtelière.•	Techniques de communication adaptés au public cible.•	Maîtrise des outils bureautiques ( word, traitement image)Aptitudes personnellesDynamique, proactif, autonome, tres bonne aptitude relationnelle. d’ organisation, de coopération, de creativite.Conditions•	Temps : de 4h a 8H par semaines ;•	Renumération : Commission sur réservations abouties ET offre de nuitée au mas des cocotiers",N/A,https://senjob.com/sn/jobseekers/chargée-de-communication_e_161397.html
Vendeur/se en boutique de luxe,N/A,Dakar,"Commercial, Vente, Business developpement | Distribution, Commerce, Import-Export",2026-04-16,2026-05-01,"Notre établissement réunit une parfumerie de niche et un store multimarque de luxe. Nous sélectionnons avec exigence des maisons confidentielles et des créateurs reconnus pour une clientèle avertie, en quête d’authenticité, de rareté et d’expérience sensorielle unique.La Conseillère de Vente est l’incarnation vivante de notre univers : elle est ambassadrice de marques, guide olfactive, experte produit et gardienne de la relation client. Son rôle va bien au-delà de la transaction — elle crée du désir, fidélise et génère de la valeur.Missions2.1 Excellence commerciale & performance vente•	Atteindre et dépasser les objectifs de chiffre d’affaires individuels et collectifs fixés mensuellement•	Pratiquer la vente conseil personnalisée en identifiant les besoins, préférences et profil de chaque client•	Maîtriser et mettre en oeuvre les techniques de cross-selling, up-selling et vente additionnelle•	Suivre ses indicateurs de performance quotidiennement (panier moyen, taux de transformation, nb. articles/ticket)•	Contribuer activement aux challenges et animations commerciales de la boutique2.2 Expertise produit & conseil olfactif•	Développer une connaissance approfondie de chaque maison de parfumerie référencée (histoire, ADN, notes, accords)•	Guider le client dans une expérience olfactive structurée : diagnostic, exploration, sélection•	Maîtriser le vocabulaire de la parfumerie (familles olfactives, pyramides, matières premières d’exception)•	Conseiller avec expertise les produits des marques multimarques (prêt-à-porter, accessoires, cosmétiques) en mode lifestyle•	Se tenir informée des nouveautés, lancements et tendances du marché du luxe et de la niche2.3 Expérience client & fidélisation•	Offrir à chaque visiteur une expérience immersive et mémorable, conforme aux codes du service de luxe•	Accueillir chaleureusement et personnaliser l’interaction dès le premier contact•	Identifier et enregistrer les clients dans le CRM, enrichir les fiches avec préférences et historiques d’achat•	Relancer les clients de manière proactive : anniversaires, nouvelles arrivées, événements privés•	Gérer avec soin les réclamations et situations délicates en préservant la relation2.4 Animation & vie du point de vente•	Assurer le merchandising et la mise en valeur des produits en respectant les guidelines visuelles des marques•	Participer à la réception, au contrôle et à la mise en rayon des marchandises•	Fiche de Poste Confidentielle | Conseillère de Vente Luxe•	Contribuer aux inventaires et au suivi des niveaux de stock•	Participer à l’organisation des événements boutique : lancements, soirées privées, ateliers olfactifs•	Maintenir un espace de vente irréprochable (propreté, rangement, atmosphère)2.5 Travail en équipe & développement personnel•	Partager les bonnes pratiques, retours clients et insights marché avec l’équipe•	Participer activement aux formations internes et aux briefs des maisons partenaires•	Contribuer à l’onboarding et au partage de connaissances avec les nouvelles recrues•	Être force de proposition sur les améliorations du service client et des processus boutique3. Indicateurs de performanceLa performance est évaluée mensuellement sur la base des indicateurs suivants :•	Chiffre d’affaires individuel 100% du quota mensuel Rapport POS quotidien•	Panier moyen > [montant cible €] Rapport hebdomadaire•	Taux de transformation > 40% des entrées boutique Comptage entrées / tickets•	Nombre d’articles / ticket > 2,5 articles en moyenne Analyse ticket moyen•	Taux de fidélisation > 60% clients en CRM Taux d’enregistrement CRM•	Net Promoter Score (NPS) > 8/10 en satisfaction client Enquêtes & avis clients•	Connaissance produit > 90% aux évaluations internes Tests trimestriels•	Participation formations 100% des formations suivies Suivi RHProfil recherché•	Formation Bac+2 minimum : BTS MUC, NRC, Management Commercial ou équivalent•	Expérience de 2 ans minimum en vente dans l’univers du luxe, de la parfumerie ou du retail haut de gamme•	Une expérience en parfumerie de niche ou en maison de luxe est un atout majeur•	La connaissance des grandes maisons de parfumerie (Diptyque, Byredo, Le Labo, Serge Lutens, MFK, etc.) est appréciéeCompétences Techniques (Hard Skills)•	Techniques de vente premium et closing en environnement luxe•	Maîtrise des familles olfactives et du vocabulaire de la parfumerie•	Utilisation d’outils CRM et logiciels de caisse (connaissance d’un outil POS = atout)•	Langues : Français courant indispensable — Anglais professionnel exigé — 3ème langue appréciée•	Compétences en merchandising visuel et mise en scène produitQualités Personnelles (Soft Skills)•	Présentation irréprochable et sens aigu des codes du luxe•	Passion sincère pour la parfumerie, la mode et l’univers des maisons d’exception•	Sens de l’écoute active et intelligence émotionnelle élevée•	Proactivité commerciale : aime conclure, fidéliser et dépasser ses objectifs•	Discrétion, fiabilité et capacité à gérer une clientèle exigeante et internationale•	Esprit d’équipe et goût pour le partage des connaissances.•	Curiosité, soif d’apprendre et d’évoluer dans un environnement exigeant5. Évaluation & suivi de la performance•	Entretien de prise de poste à 1 mois : fixation des objectifs individualisés, plan de formation et intégration•	Point mensuel avec le/la responsable de boutique : revue des KPIs, plan d’actions correctives si nécessaire•	Entretien annuel de performance : bilan global, évolution salariale, perspectives de progression et formation•	Accès à un tableau de bord individuel permettant un suivi en temps réel de ses indicateurs",N/A,https://senjob.com/sn/jobseekers/vendeur-se-en-boutique-de-luxe_e_161396.html
Directeur Général,N/A,Dakar,"Direction générale, Management | Organisation non gouvernementale, Association",2026-04-16,2026-05-01,"Missions principalesLe titulaire du poste est chargé de :•	Stratégie : Definir et piloter la strategie globale de l’organisation•	Finance & Conformite : Garantir la solidite financière et le respect des réglementations (Code CIMA, OHADA).•	Performance: Assurer le developpement durable et la performance operationnelle des activites.•	Représentation : Incarner l’organisation aupres des instances nationales et internationales.Profil recherchéLes candidats doivent répondre à l’un des critères suivants :•	Option Assurance/Actuariat : Bac+4 minimum en assurance ou actuariat + 5 ans d’experience en encadrement superieur dans le secteur des assurances.•	Option Économique/Juridique : Bac+4 minimum + 5 ans d’experience en fonctions de direction dans une entreprise à caractère financier.•	Option Autre Diplôme : Bac+3 minimum + 10 ans d’expérience en direction (secteur financier ou administration de contrôle).•	Option Spécifique Agricole : Ingénieur agronome ou agroéconomiste + 10 ans d’expérience dans l’assurance agricole.",N/A,https://senjob.com/sn/jobseekers/directeur-général_e_161395.html
Commerciale Grande Distribution & Réseaux Traditionnels,N/A,Dakar,"Commercial, Vente, Business developpement | Distribution, Commerce, Import-Export",2026-04-16,2026-05-01,"Dans le cadre du développement de ses activités, La Cuisine de Mame Sokhna, spécialisée dans les produits locaux prêt-à-l’emploi, recrute une Commerciale Grande Distribution & Réseaux Traditionnels.Missions :•	Développer la présence des produits en grande distribution (supermarchés, supérettes)•	Prospecter et intégrer de nouveaux points de vente dans les réseaux traditionnels (boutiques, marchés, revendeurs)•	Assurer le suivi des clients et fidéliser le portefeuille existant•	Négocier les conditions commerciales et référencements produits•	Veiller à la bonne visibilité des produits en rayon (merchandising)•	Suivre les ventes, remonter les informations terrain et proposer des actions d’améliorationProfil recherché :•	Femme dynamique, rigoureuse et orientée résultats•	Expérience en vente terrain, idéalement en agroalimentaire ou grande distribution•	Très bon sens de la négociation et relationnel client•	Autonome, organisée avec un esprit d’initiative•	Bonne connaissance des circuits de distribution à DakarConditions :•	Poste basé à Dakar•	Rémunération attractive (fixe + commissions sur objectifs)•	Possibilités d’évolution",N/A,https://senjob.com/sn/jobseekers/commerciale-grande-distribution---réseaux-traditionnels_e_161394.html
Responsable maintenance freelance,N/A,Dakar,N/A,2026-04-15,2026-04-30,N/A,N/A,https://senjob.com/sn/jobseekers/responsable-maintenance-freelance_e_161391.html
Specialiste Santé,N/A,Dakar,"Santé, Médical, Pharmacie, Sport | Santé, Social, Sport",2026-04-15,2026-04-30,"Responsabilités•	Défendre et promouvoir les pratiques organisationnelles de protection et participation de l’enfant, rapporter les cas d’abus faits par des membres du personnel ou d’autres personnes, assurer une prise en charge adéquate des enfants, surtout des enfants vulnérables, par les différents acteurs locales (parents, autorités, institutions) etc.•	Travailler étroitement avec le Programs Manager, le Zonal health & Nutrition coordinateur et autres) dans la définition des stratégies adaptées au contexte des populations cibles afin de maximiser l’efficience, l’impact et l’intégration.•	 Appuyer les institutions locales partenaires, les collectivités locales et les techniciens de santé exerçant dans sa zone de responsabilité dans la planification des activités en rapport avec les interventions définies dans le cadre des projets de santé, la collecte, l’analyse et l’interprétation des données sanitaires.•	Collecter les données de santé afin qu’elles soient intégrées dans le système de gestion des donnés de WV. Trianguler les données du suivi administratif des enfants dans le programme avec ces informations de la santé/nutrition ; partager, analyser et exploiter ces données pour informer les programmes pour accroitre l’impact.•	En collaboration avec les partenaires communautaires et le Community Engagement Sponsorship, Programme (CESP) specialist, assurer le suivi administratif des enfants dans le programme (des standards du business process du parrainage) dans les délais avec la qualité requise•	Promouvoir l’utilisation de l’approche ‘CVA’ pour l’analyse des défis, l’établissement d’un plan d’action et le suivi de la mise en œuvre de ce plan. Impliquer toutes les parties prenantes (stakeholders) dans ce processus, y inclus les enfants.•	Assurer le soutien, l’accompagnement, le renforcement des capacités organisationnelles, des acteurs sanitaires communautaires (ARC, comité de gestion, cadre de concertation dans la gestion (le monitoring, la gestion administrative et financière) du système de santé communautaire local dans le cadre de la mise en œuvre des projets de santé•	Appuyer les programs managers dans la planification, le suivi, le rapportage, et la capitalisation des interventions définies dans le cadre des projets de santé des ADPs•	Travailler en étroite collaboration avec les responsables de la santé à travers la participation aux réunions de suivi de la mise en œuvre (réunion de coordination du district, rencontre AEC/BER, CRS du PRN) des activités de santé, etc.•	Identifier des problématiques nécessitant l’élaboration de nouveaux projets de santé/nutrition en collaboration avec le Programs Manager pour l’acquisition de fonds•	Accompagner les OBF et églises dans les activités relatives à la formation spirituelle des enfants, renforcer les activités de réseautage entre les leaders religieux pour le bien-être de l’enfant et renseigner les rapports mensuels des programmes sur les activités de partenariat avec les églises & OBF.Qualifications et expérience•	Bac+2 en santé publique /communautaire ou diplôme équivalent (infirmier d’Etat/sage-femme d’Etat) avec de solides compétences en nutrition•	Expérience de 2 ans dans un programme de santé ou projet de nutrition•	Expérience d’élaboration de matériels de formation•	Bonnes compétences en matière de communication (écrite et orale), capacités relationnelles•	Bonne maîtrise de la langue locale et niveau fonctionnel en anglais•	Très bonne capacité d’adaptation en milieu rural et compétences en facilitation communautaire.",N/A,https://senjob.com/sn/jobseekers/specialiste-santé_e_161390.html
Chef de Projet,N/A,Dakar,"Direction générale, Management | Organisation non gouvernementale, Association",2026-04-15,2026-04-30,"We’re making Africa the first cashless continent.In 2017, over half the population in Sub-Saharan Africa had no bank account. That’s for good reason—the fees are too high, the closest branch can be miles away, and nobody takes cards. Without access to financial institutions, people are forced to keep their savings under the mattress. Small business owners rely on lenders who charge extortionate rates. Parents spend hours waiting in line to pay school fees in cash.We’re solving this by building financial services that just work: no account fees, instantly available, and accepted everywhere. In places where electricity, water and roads don’t always work, you can still send money with Wave. In 2017, we launched a mobile app in Senegal for cash deposit, withdrawal, and peer-to-peer and business payments. Now, we have millions of users across 9 countries and are growing fast.Our goal is to make Africa the first cashless continent and that’s where you come in…How you’ll help us achieve itTo achieve our mission, Wave partners with a range of organizations to enable seamless payments for essential services. As a Payments Projects Lead, you’ll play a central role in driving large, complex, cross-functional initiatives at the intersection of Product and Payments. This includes owning end-to-end delivery of strategic projects, such as B2B initiatives, while collaborating closely with internal teams and working extensively with both field and corporate partners.In this role, you’ll;•	Own the end-to-end management of complex, cross-functional ops project to scale payments for new products and partners .•	Take complete ownership of critical ops projects, making sure we communicate and address every blocker we encounter.•	Drive these projects fast, through close collaboration and great communication with our product teams and our corporate and informal merchant facing ops teams.•	Take great notes and keep project docs live and up to date at all times, so we can work asynchronously and across borders without delay.•	Talk to users, corporate partners and informal merchants in the field, asking probing questions to get insights and clarify blockers.•	Be a problem solver, think out of the box and be proactive.Key details•	Location: You’ll work from our office in Dakar and may travel to field locations.•	Work authorization in Senegal.•	This is a permanent position.•	Our salaries are competitive and calculated using a transparent formula.•	We offer generous health insurance for yourself and your dependents.•	We support working parents – we offer 26 weeks of parental leave for mothers and 4 weeks for fathers, in addition to subsidized child care when they return to work.•	Airtime reimbursement.•	Free food and a beautiful office space.Requirements•	5+ years of experience in retail sectors and/or FMCG, ideally with a background in project management or consulting.•	Bachelor’s or Master’s degree in Project Management, Business Administration, or a related field, with strong knowledge of fintech, mobile money, banking, or payments.•	Proven experience managing large, complex and cross-functional projects.•	Strong communication skills in English and French, with experience collaborating across internal teams and external partners.•	Highly organized and detail-oriented, able to track multiple projects in a fast-changing environment.•	Proactive problem solver, able to identify risks, raise blockers, and drive projects to completion.•	Analytics skills.You might be a good fit if you•	Enjoy collaborating and communicating with multiple stakeholders.•	Have strong interpersonal skills as you will interact with a variety of stakeholders, both internal and external.•	Love owning projects end-to-end, you work autonomously but know when to escalate issues to internal teams or external partners.•	Are skilled at managing multiple projects simultaneously and keeping track of shifting priorities,•	Adapt quickly to changing conditions and priorities.•	Are resourceful and curious, finding ways to make things work.•	Ask questions proactively, request clarifications, and follow up regularly to ensure progress.•	Are data-driven and a critical thinker with basic technical aptitude.",N/A,https://senjob.com/sn/jobseekers/chef-de-projet_e_161389.html
Brand Communications Manager,N/A,Dakar,"Marketing, Communication | Communication, Marketing, Médias",2026-04-15,2026-04-30,"We’re making Africa the first cashless continent.In 2017, over half the population in Sub-Saharan Africa had no bank account. That’s for good reason—the fees are too high, the closest branch can be miles away, and nobody takes cards. Without access to financial institutions, people are forced to keep their savings under the mattress. Small business owners rely on lenders who charge extortionate rates. Parents spend hours waiting in line to pay school fees in cash.We’re solving this by building financial services that just work: no account fees, instantly available, and accepted everywhere. In places where electricity, water and roads don’t always work, you can still send money with Wave. In 2017, we launched a mobile app in Senegal for cash deposit, withdrawal, and peer-to-peer and business payments. Now, we have millions of users across 9 countries and are growing fast.Our goal is to make Africa the first cashless continent and that’s where you come in…How you’ll help us achieve itDo you want to participate in shaping a brand that’s transforming access to financial services? We’re seeking a strategic Brand Communications Manager to help bring Wave’s mission to life by crafting meaningful brand experiences that resonate with our users. Through compelling storytelling, strong partnerships, and exceptional execution, you’ll ensure our brand reflects our values, builds trust, and advances our goal of making financial services accessible to everyone as we continue to grow in Senegal.In this role, you’ll;•	Drive the end-to-end execution of high-impact brand and community initiatives, ensuring they are strategically grounded, insight-led, and fully aligned with Wave’s mission and values.•	Participate in shaping and evolving Wave’s brand identity, messaging frameworks, and tone of voice, and ensure your department empowers teams to communicate with clarity and consistency across all markets and channels.•	Lead creative development process for campaigns and brand programs, partnering with agencies and internal creative teams to deliver compelling content and world-class assets that meet strategic objectives.•	Partner closely with PR, People, and other stakeholder teams to craft internal and external narratives—including events, content, and storytelling—that authentically reflect Wave’s values and deepen trust with our audiences.Key details•	Location: You will work from Dakar and may be relocated to other cities based on business needs.•	Work authorization in Senegal is required.•	This is a permanent position.•	Our salaries are competitive and calculated using a transparent formula.•	We offer generous health insurance for yourself and your dependents.•	We support working parents – we offer 26 weeks of parental leave for mothers and 4 weeks for fathers, in addition to subsidized child care when they return to work.•	Airtime reimbursement.•	Free food and a beautiful office space.Requirements•	7+ years of experience in brand marketing, communications, or a similar role, preferably in FinTech, telecommunications, or an international organisation.•	Bachelor’s degree in marketing, business, communications, or a related field.•	Demonstrated experience leading cross-functional projects and proficiency in project management.•	Strong understanding of storytelling and brand strategy trends, content production, and social media.•	Languages: Fluent in French and English (written and spoken).•	Preferred Experience:•	Familiarity with the Senegal market.•	Experience working in multicultural and dynamic environments.",N/A,https://senjob.com/sn/jobseekers/brand-communications-manager_e_161388.html
Spécialiste en Finance et Comptabilité,N/A,Dakar,"Comptabilité, Finances, Gestion | Banque, Assurance, Finances",2026-04-15,2026-05-05,"Key Functions and ResultsThe Finance and Accounting Specialist supports the fiduciary administration of all programmes and works under the supervision of the Programme Manager (SD3C & 1Sahel Coordinator), with close collaboration with the Senior Regional Financial Management Officer for WCA.The Finance and Accounting Specialist supports the fiduciary administration of both programmes and works under the general supervision of the One Sahel -SD3C programme manager with close engagement Senior Programme Coordinators of AICRM and IGREENFIN I and the FMD Senior Officer for WCA.In this context, the Finance and Accounting Specialist’s core duties/responsibilities will include the following:1. Contribution to management of programmes:The Finance and Accounting Specialist organizes, animates, carries out the controls necessary for a standardized management in a permanent and exhaustive, objective and relevant, reliable and useful way.As such, the Finance and Accounting Specialist will have to ensure in particular:•	the regular and adequate application of procedures in the implementation of all operations.•	the organization of the planning of administrative, financial and accounting work to guarantee the correct and exhaustive keeping of the accounts of the Programmes, in compliance with the deadlines set.•	technical support to the management units in the countries participating in the programmes for the correct and exhaustive keeping of the accounts of the Programme at their level and their contribution to the regional planning of administrative, financial and accounting work.•	the consistency of the cash flow and the effectiveness of the mobilization of internal resources (counterpart of the States participating in the programme) and external (IFAD and others). As such, he/she draws up cash plans to ensure the resources necessary for the implementation of activities at all times. Finally, he/she ensures that resources are put in place in accordance with funding agreements; (e) Safeguarding the Programme’s heritage.2. Financial ManagementThe Finance and Accounting Specialist is accountable for the correct implementation of the financial management information systems, the security of the tools that make it up (software and hardware) and the backup of applications and files.•	the organization of work plans allowing the proper performance of administrative, financial and accounting work.•	participation in determining guidelines for the development of activity forecasts and budgets.•	the implementation of all necessary elements and take all sufficient measures for the preparation, elaboration, submission, examination by the Steering Committees of Programmes of activities and budgets.•	budget monitoring.•	monitoring and updating the chart of accounts.•	supervision of the preparation and control of accounting reports.•	proper execution of treasury and financing procedures. In particular, ensure compliance with the obligations to justify expenses imposed by Donors and Governments in order to have the resources necessary for the operation of the Programme.•	follow-up of VAT and customs duty exemption documents.•	the technical quality of accounting work: accounting entries, automatic controls, accuracy of balances, reliability and consistency of financial statements.•	the validity of the supporting documents underlying the transactions (form and funds), and carry out any timely, regular or unannounced checks to establish the reality of the payments and their consistency.3. Administrative managementThe Finance and Accounting Specialist is managing the procurement process for regional activities; In addition, S/he is responsible for•	execution of the staff training plans.•	the preparation of missions and the necessary assistance during their stay.•	the establishment of action plans to follow up on the recommendations and the monitoring of their execution.•	preparation of periodic and annual Programme reports.•	the preparation of audits and evaluation of the Programmes and the execution of the recommendations.•	the response to the findings of the auditors on administrative and financial issues,•	Archiving of accounting and administrative documents and documents.•	consolidation of the Programmes- financial and budget monitoring statements, interim and annual, in collaboration with the national coordination units.•	carrying out any other task assigned by the Regional Coordination Unit.4. Agent of change•	The incumbent understands and applies the principles of change management and proactively serves as a role model for transformation and capacity for acceptance of change.•	The incumbent uses a seasoned knowledge of results-based management and budgeting, enterprise resource planning (ERP) and other information technology to develop, analyze and promote acceptance of new methods of work and automated workflows.•	The incumbent manages change through consultations with finance colleagues and outreach to internal and external stakeholders to build understanding of and to ensure open and regular communications pertaining to current and planned changes in the Fund’s financial standards, regulations and rules.5. Managerial functions•	The Finance and Accounting Specialist is accountable for integrity, transparency, and equity in the management of IFAD resourcesWorking Relationships•	The Regional Coordination Unit (RCU) will be in charge of the overall coordination performance and monitoring of the programmes, reporting of results and impacts, knowledge management with the GGW, and south-south exchanges between countries.•	The selected candidate will be engaged in a 6-year programme based in Dakar, operating within the Regional Coordination Unit. The successful candidate will report to the Programme Manager of the IFAD one Sahel initiative and will work in close coordination with the AICRM and IGREENFIN-1 coordinators.Job Profile RequirementsEducation:Education includes Advanced university degree from an accredited institution listed on https://whed.net/home.php in Business Administration, Finance, Banking or related field is requiredNote: For internal candidates, this requirement will be assessed in line with the provisions set forth in IFAD’s Human Resources Implementing Procedures.Experience:•	At least five (5) years’ of progressively relevant sound international professional experience in private or public sector financial management in rural development programme (accounting, auditing, finance, economics, financial analysis, business administration and in project administration).-•	Perfect mastery of procedures in terms of fiduciary management, and specifically in terms of internal control and audit, procurement, request for withdrawal of funds and budget monitoring, etc.•	In-depth knowledge of the SISCOHADA accounting framework.•	Proven experience in consolidating financial statements from multiple implementation units.•	A good knowledge of the management of contractual procedures and the legislation in force in the 6 countries participating in the programme.•	Working knowledge of procedures for mobilizing counterpart funds.•	A perfect command of computer programmes for financial and accounting management, in particular mastery of the TOMPRO software would be a decisive asset.•	Knowledge of the usual computer tools and software: Word/Excel/PowerPoint.•	Knowledge of IFAD procedures will be an asset.•	Experience with an international financial institution, audit firm, NGO with global outreach or other relevant institution would be an asset.Languages and other skills•	English and French are required. (Excellent, 4)",N/A,https://senjob.com/sn/jobseekers/spécialiste-en-finance-et-comptabilité_e_161387.html
Enfileur,N/A,Dakar,"Qualité, Sécurité, Environnement | Industrie Manufacturière, Production, Fabrication | Industrie Mines, Pétrole, Matières premières",2026-04-15,2026-04-30,Description du PosteExploiter efficacement le roto-packer pour garantir le respect des objectifs de chargement prédéfinis.Activités et Responsabilités clés•	Assurez-vous que le poids du sac de ciment est dans la limite d’erreur requise et remplissez-le au poids désiré si nécessaire.•	Veiller à ce qu’un nombre suffisant de sacs soit disponible pour le conditionnement du ciment à chaque moment et demander des sacs supplémentaires au personnel concerné si nécessaire.•	Surveiller la machine de conditionnement rotatif pendant les quarts de travail.•	Nettoyez le roto packer à l’air comprimé pendant et à la fin de chaque quart.•	Assurer sa sécurité en faisant fonctionner le roto packer conformément aux procédures d’exploitation standard.•	Effectuer toutes les tâches demandées par le supérieur hiérarchiqueQualifications et Expérience Professionnelle•	Diplôme dans tous les domaines.•	Un minimum de deux (2) ans d’expérience professionnelle pertinenteAptitudes et compétences•	Connaissances de base sur le processus de fabrication du ciment•	Bonne connaissance des machines d’emballage du ciment / des fonctions et des procédures•	Connaissance approfondie des pièces de roto-packer et de leurs fonctions•	Bonnes compétences en matière de gestion des relationsCompétences HSE liées au poste•	Savoir utiliser les moyens de lutte contre l’incendie ;•	Connaître les pictogrammes de danger ;•	Savoir dispenser les gestes de premiers secours ;•	Connaître les risques SST liés à ses activités ainsi que les dispositions de maîtrise ;•	Connaître les aspects et impacts environnementaux liés à ses activités ainsi que les dispositions de maîtrise ;•	Connaître les bons gestes et postures liés à la manutention de charges ;•	Connaître les dispositions relatives à la gestion des déchets,N/A,https://senjob.com/sn/jobseekers/enfileur_e_161386.html
Responsable du Pôle Énergie,N/A,Dakar,"Ingénierie, Etudes, Projets, Recherche | Industrie Automobile, Mecanique, Navale",2026-04-15,2026-04-27,"Missions et Responsabilités•	La direction de la technologie a pour mission principale :De livrer et d’opérer les services technologiques et électriques nécessaires pour la réussite des jeux (tout système informatique nécessaire pour la préparation et l’opération des jeux, la planification des ressources nécessaires, la gestion opérationnelle de la technologie et de l’électricité des sites, la gestion de l’acquisition des services technologiques et électriques ainsi que la coordination des différents fournisseurs de services, etc.)•	De gérer et d’accompagner le Comité des jeux autrement dit être un support aux autres directions et leurfournir tous les outils technologiques nécessaires à la réalisation de leurs tâches ;•	Innover et transmettre son savoir faire auprès des organisateurs d’événements sportifs, partage deconnaissance etc.Mission principale :Assurer la coordination, la supervision ope rationnelle, le suivi technique des installations et opérations énergétiques et la continuité de l’alimentation énergétique sur les sites de compétition et non-compétition de son périmètre, dans le respect des standards JOJ Dakar 2026.Rôle additionnel pendant Games Times :Durant cette période, le Cluster Manager assumera la fonction de Venue Energy Manager (VEM) pour un site spécifique de signe par l’organisation. Cette responsabilité inclut la supervision énergétique du site, la coordination avec les équipes locales et la gestion des incidents et des besoins énergétiques particuliers liés aux évènements.Il/Elle est en charge des activités suivantes? :Planification et Stratégie Énergétique•	 Mettre en œuvre la stratégie énergétique définie par le département Energie au niveau des sites du cluster•	Collecter, identifier, traiter et planifier les besoins énergétiques spécifiques de chaque site et des FA•	Participer au dimensionnement des capacités Basse Tension et des solutions de secours.•	Suivre les calendriers de conception et d’installation avec le prestataire énergie et les équipes techniques.Supervision Opérationnelle et Suivi Basse Tension•	Superviser les opérations quotidiennes d’approvisionnement et de distribution d’énergie sur les sites.•	Coordonner avec les VEM et les équipes techniques sur la mise en service, les tests et la maintenance deséquipements.•	Assurer le suivi des indicateurs de performance énergétique et la conformité avec les normes  établies.•	Vérifier que les conceptions et les schémas BT sont conformes aux normes en vigueur ainsi qu’aux exigencesrèglementaires et techniques applicables localement•	Contrôler la qualité d’exécution des travaux jusqu’a la mise en service.•	Suivre essais, tests de charge et scenarios multi-sources.•	Identifier les écarts et proposer des actions correctives.Coordination et Communication•	Servir de point focal énergie entre le département central NRG, les services internes, le prestataire, et les partenaires au niveau du cluster•	Participer, organiser et animer les re unions de coordination avec toutes les parties prenantes.•	Assurer la remontée régulière d’informations, rapports et tableaux de bord énergétiques.•	Identifier les risques opérationnels liés à l’alimentation énergétique (pannes, surcharge, se curiste ).•	Mettre en œuvre les plans de contingence et assurer la disponibilité des solutions de secours.•	Suivre la gestion des incidents et contribuer à leur analyse post-intervention.Reporting technique, exploitation et Leadership•	Maintenir une documentation complète : plans, schémas unifilaires, rapports d’inspection, PV de tests et tableaux de bord.•	Participer a la préparation des dossiers de conformité et de certification électrique.•	Superviser les VEM et les équipes techniques affectées aux sites du cluster.•	Former et encadrer les équipes locales sur les standards JOJ et les procédures énergies.Qualifications et compétences requises pour le posteFormation et Expériences professionnelles :•	Diplôme d’ingénieur en énergie, électricité, électrotechnique, électromécanique ou équivalent.•	Une spécialisation en distribution BT, réseaux ou installations temporaires est un atout.•	5 à 10 ans d’expérience en supervision de travaux électriques BT, suivi de prestataires et projets multisites.•	Expérience en environnement complexe ou événementiel appréciée.Compétences techniques :•	Solide compréhension des réseaux électriques, des systèmes d’alimentation temporaire, et des normes desécurité et de durabilité.•	Connaissance des procédures d’exploitation et de maintenance des installations électriques•	Solide connaissance terrain et pratiques de chantier.Savoir être :•	Coordination multi-acteurs et gestion des priorités.•	Leadership, réactivité, sens de la décision.•	Rigueur documentaire et esprit d’analyse.•	Excellente communication en français et en anglais",N/A,https://senjob.com/sn/jobseekers/responsable-du-pôle-Énergie_e_161385.html
Commercial Expérimenté,N/A,Dakar,"Commercial, Vente, Business developpement | Distribution, Commerce, Import-Export",2026-04-15,2026-04-27,"Fonctions et Responsabilités1. Stratégie Commerciale et Marketing•	Analyse du marché : Étudier les données du marché pétrolier africain pour identifier les opportunités et menaces.•	Planification : Définir les objectifs de vente et concevoir des campagnes promotionnelles adaptées au marché local.•	Performance : Mettre en place des indicateurs clés de performance (KPI) et proposer des actions correctives en cas de déviations.2. Gestion de la Clientèle•	Développement : Identifier les segments de marché, organiser des présentations produites et négocier les contrats avec les nouveaux clients.•	Fidélisation : Assurer le suivi régulier de la satisfaction client, proposer des solutions adaptées à leurs besoins et gérer les réclamations.•3. Management d’Équipe•	Développement humain : Recruter, intégrer et organiser la formation des membres de l’équipe pour améliorer leurs compétences.•	Coordination : Répartir les missions, réaliser les évaluations de performance et animer des réunions de suivi régulières.Profil Recherché•	Formation : Diplôme de niveau BAC+3 en commerce, marketing ou équivalent.•	Expérience : Minimum 03 ans à un poste à responsabilité (Marketing ou Business), idéalement dans le secteur pétrolier ou industriel avec une bonne expérience en hydrocarbure et lubrifiant.•	Compétences Techniques : Maîtrise des outils marketing (Google Analytics, réseaux sociaux) et excellentes capacités de communication écrite et orale.Qualités Personnelles :•	Créativité, esprit d’innovation et autonomie.•	Sens de l’analyse, de la stratégie et de l’organisation.•	Forte orientation client et capacité à travailler en équipe.•	Rigueur, attention aux détails et flexibilité face aux évolutions du marché.",N/A,https://senjob.com/sn/jobseekers/commercial-expérimenté_e_161384.html
Deux (02) Agents Administratifs (profil Comptable),N/A,Dakar,"Administration, Services généraux | Banque, Assurance, Finances",2026-04-15,2026-04-27,"MissionPrendre en charge des tâches administratives d’exécution nécessitant la connaissance et l’application de procédures de la Banque.Responsabilités du poste•	Effectue des travaux comportant la vérification, le contrôle et l’exploitation d’informations ;•	Réalise des tâches courantes de tri, de classement, de codification, d’enregistrement de documents et de mise à jour d’informations, en utilisant éventuellement un système informatique ;•	Suit les échéances sur des tableaux de suivi et avise la hiérarchie ;•	Traite, conformément à la procédure, le courrier qui lui est imputé ;•	Assure, en général, diverses tâches administratives et comptables et rend compte au responsable hiérarchique ;•	Compile des données, des statistiques et autres informations ;•	Opère des contrôles et vérifications de pièces administratives ou comptables pour s’assurer de la fiabilité de l’information fournie et diffusée ;•	Tient à jour des bases de données et veille à l’exhaustivité et la fiabilité des données enregistrées ;•	Réalise des tâches courantes de tri, de classement, de codification, d’enregistrement de documents et de mise à jour d’informations, en utilisant éventuellement un système informatique ;•	Suit les échéances sur des tableaux de suivi et avise la hiérarchie ;•	Effectue des travaux de saisie dans des applications informatiques.Critères d’éligibilité•	Etre ressortissant d’un Etat membre de l’UMOA ;•	Jouir de ses droits civiques et être de bonne moralité ;•	Etre âgé de 18 ans au moins et de 40 ans au plus.Profil requis•	Être titulaire du diplôme de Baccalauréat (ou Brevet de Technicien) en Comptabilité ;•	Avoir au minimum deux (2) années d’expérience professionnelle pertinente en comptabilité.Pour postuler, les candidats doivent produire un curriculum vitae (CV) indiquant notamment :•	la date de naissance ;•	la nationalité ;•	les périodes exactes des expériences professionnelles (date début et date fin) ainsi qu’un résumé des activités prises en charge ;•	le type de contrat pour chaque expérience (CDD, CDI, Consultance, Stage, etc.) ;•	la liste de tous les diplômes y compris le Baccalauréat, en précisant la date d’obtention, l’établissement de formation et la spécialité.Après avoir téléchargé son CV, le candidat doit renseigner ou mettre à jour les informations le concernant dans l’espace candidat qui lui est automatiquement créé.",N/A,https://senjob.com/sn/jobseekers/deux--02--agents-administratifs--profil-comptable-_e_161383.html
Chargé des centrales d’information,N/A,Dakar,"Administration, Services généraux | Banque, Assurance, Finances",2026-04-15,2026-04-27,"Missions•	Chargé de la stratégie de la politique monétaire : Assurer la collecte et l’analyse des informations nécessaires à la définition de la politique monétaire par le Comité de Politique Monétaire.•	Chargé de la mise en œuvre de la politique monétaire : Assurer la collecte et l’analyse des données en vue de la formulation des propositions de mesures de régulation de la liquidité bancaire.•	Chargé du suivi des programmes économiques des Etats : Assurer le suivi des programmes économiques et financiers des Etats, en particulier le suivi de l’exécution des programmes économiques et financiers appuyés par les Institutions de Bretton Woods.•	Chargé des centrales d’information : Identifier et analyser les risques bancaires, à travers la gestion des centrales d’informations.•	Chargé des secteurs monétaire et finances publiques : Assurer la production et l’analyse des statistiques monétaires ainsi que celles des finances publiques et de la dette.•	Conjoncturiste : Suivre et analyser la conjoncture économique et les prix, en vue de réaliser des notes et études sur la situation et les perspectives économiques.Critères d’éligibilité•	Etre ressortissant d’un Etat membre de l’UMOA ;•	Jouir de ses droits civiques et être de bonne moralité ;•	Etre âgé de 18 ans au moins et de 40 ans au plus.Profil requis•	Être titulaire d’un diplôme de niveau BAC+5 en Économie, Statistique ou Économétrie ;•	Avoir au minimum 2 ans d’expérience professionnelle pertinente dans des Structures privées, étatiques ou internationales, à des postes en lien avec le domaine de l’économie ou de la statistique.Pour postuler, les candidats doivent produire un curriculum vitae (CV) indiquant notamment :•	la date de naissance ;•	la nationalité ;•	les périodes exactes des expériences professionnelles (date début et date fin) ainsi qu’un résumé des activités prises en charge ;•	le type de contrat pour chaque expérience (CDD, CDI, Consultance, Stage, etc.) ;•	la liste de tous les diplômes y compris le Baccalauréat, en précisant la date d’obtention, l’établissement de formation et la spécialité de chaque diplôme.Après avoir téléchargé son CV, le candidat doit obligatoirement renseigner le questionnaire qui lui est automatiquement soumis.",N/A,https://senjob.com/sn/jobseekers/chargé-des-centrales-d’information_e_161382.html
Chargé du suivi des programmes économiques des Etats,N/A,Dakar,"Administration, Services généraux | Banque, Assurance, Finances",2026-04-15,2026-04-27,"Missions•	Chargé de la stratégie de la politique monétaire : Assurer la collecte et l’analyse des informations nécessaires à la définition de la politique monétaire par le Comité de Politique Monétaire.•	Chargé de la mise en œuvre de la politique monétaire : Assurer la collecte et l’analyse des données en vue de la formulation des propositions de mesures de régulation de la liquidité bancaire.•	Chargé du suivi des programmes économiques des Etats : Assurer le suivi des programmes économiques et financiers des Etats, en particulier le suivi de l’exécution des programmes économiques et financiers appuyés par les Institutions de Bretton Woods.•	Chargé des centrales d’information : Identifier et analyser les risques bancaires, à travers la gestion des centrales d’informations.•	Chargé des secteurs monétaire et finances publiques : Assurer la production et l’analyse des statistiques monétaires ainsi que celles des finances publiques et de la dette.•	Conjoncturiste : Suivre et analyser la conjoncture économique et les prix, en vue de réaliser des notes et études sur la situation et les perspectives économiques.Critères d’éligibilité•	Etre ressortissant d’un Etat membre de l’UMOA ;•	Jouir de ses droits civiques et être de bonne moralité ;•	Etre âgé de 18 ans au moins et de 40 ans au plus.Profil requis•	Être titulaire d’un diplôme de niveau BAC+5 en Économie, Statistique ou Économétrie ;•	Avoir au minimum 2 ans d’expérience professionnelle pertinente dans des Structures privées, étatiques ou internationales, à des postes en lien avec le domaine de l’économie ou de la statistique.Pour postuler, les candidats doivent produire un curriculum vitae (CV) indiquant notamment :•	la date de naissance ;•	la nationalité ;•	les périodes exactes des expériences professionnelles (date début et date fin) ainsi qu’un résumé des activités prises en charge ;•	le type de contrat pour chaque expérience (CDD, CDI, Consultance, Stage, etc.) ;•	la liste de tous les diplômes y compris le Baccalauréat, en précisant la date d’obtention, l’établissement de formation et la spécialité de chaque diplôme.Après avoir téléchargé son CV, le candidat doit obligatoirement renseigner le questionnaire qui lui est automatiquement soumis.",N/A,https://senjob.com/sn/jobseekers/chargé-du-suivi-des-programmes-économiques-des-etats_e_161381.html
Deux (02) Chargés de la mise en œuvre de la politique monétaire,N/A,Dakar,"Comptabilité, Finances, Gestion | Banque, Assurance, Finances",2026-04-15,2026-04-27,"Missions•	Chargé de la stratégie de la politique monétaire : Assurer la collecte et l’analyse des informations nécessaires à la définition de la politique monétaire par le Comité de Politique Monétaire.•	Chargé de la mise en œuvre de la politique monétaire : Assurer la collecte et l’analyse des données en vue de la formulation des propositions de mesures de régulation de la liquidité bancaire.•	Chargé du suivi des programmes économiques des Etats : Assurer le suivi des programmes économiques et financiers des Etats, en particulier le suivi de l’exécution des programmes économiques et financiers appuyés par les Institutions de Bretton Woods.•	Chargé des centrales d’information : Identifier et analyser les risques bancaires, à travers la gestion des centrales d’informations.•	Chargé des secteurs monétaire et finances publiques : Assurer la production et l’analyse des statistiques monétaires ainsi que celles des finances publiques et de la dette.•	Conjoncturiste : Suivre et analyser la conjoncture économique et les prix, en vue de réaliser des notes et études sur la situation et les perspectives économiques.Critères d’éligibilité•	Etre ressortissant d’un Etat membre de l’UMOA ;•	Jouir de ses droits civiques et être de bonne moralité ;•	Etre âgé de 18 ans au moins et de 40 ans au plus.Profil requis•	Être titulaire d’un diplôme de niveau BAC+5 en Économie, Statistique ou Économétrie ;•	Avoir au minimum 2 ans d’expérience professionnelle pertinente dans des Structures privées, étatiques ou internationales, à des postes en lien avec le domaine de l’économie ou de la statistique.Pour postuler, les candidats doivent produire un curriculum vitae (CV) indiquant notamment :•	la date de naissance ;•	la nationalité ;•	les périodes exactes des expériences professionnelles (date début et date fin) ainsi qu’un résumé des activités prises en charge ;•	le type de contrat pour chaque expérience (CDD, CDI, Consultance, Stage, etc.) ;•	la liste de tous les diplômes y compris le Baccalauréat, en précisant la date d’obtention, l’établissement de formation et la spécialité de chaque diplôme.Après avoir téléchargé son CV, le candidat doit obligatoirement renseigner le questionnaire qui lui est automatiquement soumis.",N/A,https://senjob.com/sn/jobseekers/deux--02--chargés-de-la-mise-en-œuvre-de-la-politique-monétaire_e_161380.html
02 Chargés de la stratégie de la politique monétaire,N/A,Dakar,"Comptabilité, Finances, Gestion | Banque, Assurance, Finances",2026-04-15,2026-04-27,"Missions•	Chargé de la stratégie de la politique monétaire : Assurer la collecte et l’analyse des informations nécessaires à la définition de la politique monétaire par le Comité de Politique Monétaire.•	Chargé de la mise en œuvre de la politique monétaire : Assurer la collecte et l’analyse des données en vue de la formulation des propositions de mesures de régulation de la liquidité bancaire.•	Chargé du suivi des programmes économiques des Etats : Assurer le suivi des programmes économiques et financiers des Etats, en particulier le suivi de l’exécution des programmes économiques et financiers appuyés par les Institutions de Bretton Woods.•	Chargé des centrales d’information : Identifier et analyser les risques bancaires, à travers la gestion des centrales d’informations.•	Chargé des secteurs monétaire et finances publiques : Assurer la production et l’analyse des statistiques monétaires ainsi que celles des finances publiques et de la dette.•	Conjoncturiste : Suivre et analyser la conjoncture économique et les prix, en vue de réaliser des notes et études sur la situation et les perspectives économiques.Critères d’éligibilité•	Etre ressortissant d’un Etat membre de l’UMOA ;•	Jouir de ses droits civiques et être de bonne moralité ;•	Etre âgé de 18 ans au moins et de 40 ans au plus.Profil requis•	Être titulaire d’un diplôme de niveau BAC+5 en Économie, Statistique ou Économétrie ;•	Avoir au minimum 2 ans d’expérience professionnelle pertinente dans des Structures privées, étatiques ou internationales, à des postes en lien avec le domaine de l’économie ou de la statistique.Pour postuler, les candidats doivent produire un curriculum vitae (CV) indiquant notamment :•	la date de naissance ;•	la nationalité ;•	les périodes exactes des expériences professionnelles (date début et date fin) ainsi qu’un résumé des activités prises en charge ;•	le type de contrat pour chaque expérience (CDD, CDI, Consultance, Stage, etc.) ;•	la liste de tous les diplômes y compris le Baccalauréat, en précisant la date d’obtention, l’établissement de formation et la spécialité de chaque diplôme.Après avoir téléchargé son CV, le candidat doit obligatoirement renseigner le questionnaire qui lui est automatiquement soumis.",N/A,https://senjob.com/sn/jobseekers/02-chargés-de-la-stratégie-de-la-politique-monétaire_e_161379.html
Superviseur des institutions de microfinance,N/A,Dakar,"Comptabilité, Finances, Gestion | Banque, Assurance, Finances",2026-04-15,2026-04-27,"Responsabilités•	Instruit les demandes ou retraits d’agrément ainsi que celles d’autorisation préalable des Systèmes Financiers Décentralisés (SFD).•	Effectue des contrôles sur place ou sur pièces, pour s’assurer de la bonne application, par les SFD, des dispositions réglementaires ;•	Recueille et évalue l’état de mise en œuvre, par les SFD, des recommandations issues des contrôles sur place ou sur pièces ;•	S’assure de la mise en œuvre des recommandations issues des contrôles sur place ou sur pièces, lors des auditions des dirigeants des SFD ;•	Vérifie la cohérence des états financiers annuels ainsi que des indicateurs et états périodiques des SFD ;•	Gère la base de données des SFD ;•	Contribue à l’organisation des réunions périodiques avec la Structure Ministérielle de Suivi des SFD (SMS) et y participe ;•	Participe au suivi des projets et programmes d’appui dédiés au secteur de la microfinance ;•	Contrôle la gestion des stocks et la vente des publications spécifiques aux SFD (monographies des SFD, référentiel comptable des SFD) ;•	Élabore des rapports périodiques ainsi que des notes et statistiques diverses sur les SFD.Critères d’éligibilité•	Etre ressortissant d’un Etat membre de l’UMOA ;•	Jouir de ses droits civiques et être de bonne moralité ;•	Etre âgé de 18 ans au moins et de 40 ans au plus.Profil requis•	Être titulaire d’un diplôme de niveau BAC + 5 en Banque, Finance, Analyse financière ou Microfinance ;•	Avoir au minimum 2 ans d’expérience professionnelle pertinente dans le domaine de la finance, des banques ou des Systèmes financiers décentralisés (SFD).Pour postuler, les candidats doivent produire un curriculum vitae (CV) indiquant notamment :•	la date de naissance ;•	la nationalité ;•	les périodes exactes des expériences professionnelles (date début et date fin) ainsi qu’un résumé des activités prises en charge ;•	le type de contrat pour chaque expérience (CDD, CDI, Consultance, Stage, etc.) ;•	la liste de tous les diplômes y compris le Baccalauréat, en précisant la date d’obtention, l’établissement de formation et la spécialité de chaque diplôme.Après avoir téléchargé son CV, le candidat doit obligatoirement renseigner le questionnaire qui lui est automatiquement soumis.",N/A,https://senjob.com/sn/jobseekers/superviseur-des-institutions-de-microfinance_e_161378.html
Superviseur Travaux Terrain,N/A,Dakar,"Métiers BTP, Bureau d'étude, Immobilier | BTP, Construction, Immobilier, Urbanisme, Archi.",2026-04-15,2026-04-30,"Nous recrutons un Superviseur Travaux Terrain pour un de nos clients évoluant dans le secteur de l’Oïl & Gaz et de l’ingénierie.Missions:Superviser l’exécution des travaux de génie civil sur site en garantissant le respect des normes techniques, HSE et des exigences contractuelles.Responsabilités principales:•	Superviser les travaux de construction sur site•	S’assurer de la conformité des travaux aux plans et spécifications•	Contrôler la qualité des travaux réalisés•	Veiller au respect des normes HSE•	Coordonner les activités des sous-traitants•	Assurer le suivi de l’avancement des travaux•	Identifier et remonter les anomalies ou risques•	Participer aux réunions de chantier•	Assurer le reporting quotidien/hebdomadaireProfil•	Diplôme en Génie Civil•	Expérience en supervision de chantier (BTP / Oil & Gas / infrastructures)•	Expérience terrain indispensable•	Anglais requis",N/A,https://senjob.com/sn/jobseekers/superviseur-travaux-terrain_e_161377.html
Responsable Ressources Humaines (H/F),N/A,Dakar,"Ressources Humaines, Formation | Organisation non gouvernementale, Association",2026-04-15,2026-04-30,"Dans le cadre du développement de nos activités, nous recrutons un(e) Responsable Ressources Humaines expérimenté(e), capable d’accompagner la croissance de notre structure et de piloter la fonction RH.Missions principales :•	Définir et mettre en œuvre la stratégie RH de l’entreprise•	Gérer le processus de recrutement (de l’expression du besoin à l’intégration)•	Assurer la gestion administrative du personnel (contrats, dossiers, conformité)•	Superviser la paie et le suivi des obligations sociales•	Mettre en place des outils de gestion des performances et des compétences•	Accompagner les managers dans la gestion des équipes•	Veiller au respect du droit du travail et des procédures internes•	Développer la culture d’entreprise et le climat socialProfil recherché :•	Bac +4 / Bac +5 en Ressources Humaines, Droit social ou équivalent•	Minimum 5 ans d’expérience dans une fonction RH au sein d’une structure privée•	Bonne maîtrise du droit du travail•	Expérience confirmée en gestion des ressources humaines (recrutement, administration, relations sociales)•	Excellentes capacités organisationnelles et relationnelles•	Sens de la confidentialité et leadershipDisponibilité : Immédiate",N/A,https://senjob.com/sn/jobseekers/responsable-ressources-humaines--h-f-_e_161376.html
Assistant en Transport et Logistique,N/A,Dakar,"Achat, Supply Chain, Logistique, Transport | Transport, Logistique, Services postaux",2026-04-15,2026-04-30,Nous sommes à la recherche d’un stagiaire bilingue (Français-anglais) en transport et logistique avec des connaissances avérées en matière de déclarations en douane.,N/A,https://senjob.com/sn/jobseekers/assistant-en-transport-et-logistique_e_161375.html
04 Assistant(e)s Techniques SAME (MATAM),N/A,matam,"Administration, Services généraux | Qualité, Sécurité, Environnement | Ingénierie, Etudes, Projets, Recherche | Organisation non gouvernementale, Association | Energie, Eau, Environnement",N/A,N/A,"NOM Assistant (e) technique ClimateRiceRÔLE Assistant.e TechniquesNIVEAU DE CONTRIBUTION V7MISSION SénégalBASE MatamDOMAINE Production /Mise en œuvre de projetsDEPARTMENT Mise en œuvre Projets MissionsCATÉGORIE PROFESSIONELLE Assistants(es) / Adjoints terrainACCOMPAGNÉ(E) NonGESTION D'ÉQUIPE NonBUDGET SNDKF0X0 - Dakar. Finanzas MisionesSUPERVISEUR  Chef de projetEXPLICATION DE CONTEXTEAction Contre la Faim met en œuvre au Sénégal des programmes visant à renforcer la résilience des communautés face à l’insécurité alimentaire, en intégrant de plus en plus les enjeux liés au changement climatique et à la durabilité des systèmes de production. Dans ce cadre, le projet ClimateRice vise à promouvoir des pratiques de riziculture durable dans la vallée du fleuve Sénégal, notamment à travers le développement du Système de Riziculture Intensive (SRI), permettant d’améliorer la productivité tout en optimisant l’utilisation de l’eau et en réduisant les émissions de gaz à effet de serre.Le projet s’inscrit également dans une approche innovante visant à explorer et développer des mécanismes de financement climatique, en particulier les crédits carbones, en partenariat avec des acteurs techniques et institutionnels tels que la SAED et CarbonFarm. Cette phase pilote constitue une étape clé pour tester la faisabilité technique et opérationnelle de ces approches, avec une perspective de mise à l’échelle à plus grande échelle en cas de résultats probants.ACCIÓN CONTRA EL HAMBRERÉSUMÉ DE JOB PROPOS GÉNÉRALL’Assistant(e) Technique appuie la mise en œuvre du projet Climate Rice en accompagnant les producteurs et productrices dans l’adoption des pratiques du Système de Riziculture Intensive (SRI), notamment les techniques de gestion optimisée de l’eau (AWD).Il/elle contribue au changement de pratiques agricoles à travers un appui technique de proximité et favorise l’engagement des acteurs communautaires. En collaboration avec le/la Chef(fe) de Projet, il/elle assure la collecte et la transmission des données du projet, notamment dans le cadre du système de suivi, rapportage et vérification (MRV).Il/elle travaille en lien étroit avec les partenaires (SAED, ANCAR, collectivités, organisations de producteurs) afin de garantir une mise en œuvre efficace et coordonnée du projet.FONCTIONS ET RESPONSABILITÉS PRINCIPALESObjectif 1: Assurer la représentation d’ACF auprès des partenaires locauxParticiper aux réunions de coordination avec les partenairesAssurer une collaboration étroite avec les acteurs communautaires et institutionnelsSensibiliser les producteurs et productrices aux objectifs du projet et favoriser leur adhésionPromouvoir la participation active des femmes et des jeunesObjectif 2: Assurer l’accompagnement technique des producteurs et productrices de riz• Participer à l´identification des producteurs et productrices et appuyer la formalisation des accords de participation au projet• Former et accompagner les producteurs sur les pratiques du SRI (repiquage, gestion de l’eau/AWD, fertilisation, etc.)• Assurer le suivi régulier des parcelles et appuyer la mise en œuvre des activités• Contribuer à la planification et à l’exécution des activités communautaires• Superviser les producteurs et productrices dans l’adoption de bonnes pratiques culturales du SRI (Planage, Semis, repiquage, désherbage, épandage d’amendement organique, gestion de la lame d’eau…)• Participer aux actions de sensibilisation sur la pratique SRI (radios, sessions communautaires)• Anticiper tout problème lié à la mise en œuvre des activités sur le terrain et participer à l´identification de solutions dans les meilleurs délaisObjectif 3 :Appuyer le Suivi, l’évaluation et capitalisation du projet Asurer le suivi opérationnel des activités et la mise à jour des plannings d’activités ;• Contribuer à la qualité, la collecte, la transmission des données (MRV) et l’archivage Participer au reporting (hebdomadaire, mensuel)• Appuyer le système de suivi-évaluation en lien avec le MEAL Officer Participer aux réunions de projet et aux cadres de concertation  *• Contribuer à la mise en place du mécanisme de redevabilité communautaire Réaliser toute autre tâche demandée par le management du projet.PROCESS MP2.1-P3 - ExecutionBESOINS DU POSTE COMPÉTENCESTravail en équipe Motivation Organisation et planification Communication efficace et synthèse Capacité d'analyse Négociation Orientation aux résultats Analyse et résolution des problèmes/conflitsCOMPÉTENCES, CONNAISSANCES ET AUTRES REQUIS-Bac +3/4 en Agronomie, Génie Rural, développement communautaire, Climatologie, Changement Climatique et Développement Durable, Economie Rurale, Environnement ou toute autre discipline équivalente.-Au moins 2 à 3 ans d’expérience dans la mise en œuvre ou l’animation de projets de développement, notamment dans les domaines de la sécurité alimentaire, du développement rural, du changement climatique ou des activités génératrices de revenus-Titulaire d’un permis pour la conduite de moto (obligatoire)-Bonne compréhension du cycle de gestion de projet.-Des enjeux liés au genre et au changement de pratiques (approches comportementales)  y-Bonne capacité de communication, d’animation et de facilitation communautaire-Bonnes capacités d’analyse et de rédaction ;-Maîtrise des outils informatiques et bureautique.-La maitrise des outils numériques de collecte de données est un atout-Connaissance des organisations paysannes et des dynamiques communautaires-Connaissance des principes d’agroécologie et des systèmes agricoles irrigués (idéalement riziculture)-Expérience dans un projet agricole, idéalement en lien avec la riziculture-Expérience en formation, accompagnement et encadrement de producteurs ou d’équipes multidisciplinaires et dans l’accompagnement des organisations paysannes ou faitières-Expérience dans des projets impliquant un changement de pratiques (agricoles ou communautaires)-Expérience de travail dans la région de Matam ou dans un contexte similaire-Bonne capacité d’organisation, de planification et sens de la rigueur-Capacité d’adaptation et flexibilité dans un environnement de travail dynamique.-Aptitude à travailler en équipe et à contribuer à un bon climat de travail-Capacité à travailler de manière autonome, avec esprit d’initiative-Bonne résistance au stress et capacité à gérer la pression ;-Capacités de communication, de médiation et de résolution de conflits-Capacité à évoluer dans un environnement multiculturel et multidisciplinaire-Intérêt pour l’apprentissage continu et le renforcement de ses compétencesENGAGEMENTS ENVERS L'ÉGALITÉ DES GENRES ET LA TOLÉRANCE ZÉRO AUX ABUSLe/la titulaire du poste est tenu(e) d’adopter un comportement conforme aux principes éthiques de l’organisation, de signaler toute situation de risque ou de violation et de contribuer à la création d’un environnement de travail sûr, respectueux et inclusif.",N/A,https://senjob.com/sn/jobseekers/04-assistant-e-s-techniques-same--matam-_e_161530.html
Agents distributeur,N/A,zone rural...,"Marketing, Communication | Services et Prestations aux Entreprises | Distribution, Commerce, Import-Export",N/A,N/A,"A propos de nous :SamaMbey SUARL est une entreprise sociale évoluant dans le domaine agricole.Nous intervenons dans de nombreuses régions du Sénégal. Sama Mbey vise à améliorer les conditions de vie des petits producteurs en milieu rural et veut les aider à sortir de la pauvreté.Chez SamaMbey les petits agriculteurs peuvent se financer s'ils ont le bon outil pour payer petit à petit en avance pour les intrants. Notre vision et objectif à travers notre Étoile polaire sont de travailler avec 1 million de petits producteurs à l’horizon 2026. En plus, SamaMbey Suarl s’engage dans le domaine du développement communautaire en menant  des actions de sensibilisation en nutrition, santé et hygiène.Intitulé du poste :Agent distributeurLocalisation :La prestation se déroulera en milieu rural, dans les zones d'intervention de Sama Mbey, réparties sur trois régions administratives du Sénégal : Matam  Bakel, Hamady Ounare, Matam, Thilogne Kolda    Dabo, Bourocco,Kounkane, Médina Yoro Foula, Tanaff, Vélingara Sédhiou / Ziguinchor Bignona, Bounkiling, Diattacounda, Marsassoum, Médina WandifaNombre de postes:36Type de contrat:Prestation de serviceRôles et responsabilitésLes agents distributeurs auront pour missions :1. VENTE & MOBILISATION- Développement commercial- Assister l'équipe de vente dans l'atteinte des objectifs de paquets finis- Réviser l'outil « Constitution de paquet 2026 » pour le maîtriser- Organiser les intrants selon l'outil de déchargement/chargement- Préparer des lots de paquets en avance- Assister à la formation distributeur organisée par le FC de la zone- Expliquer le contenu de chaque paquet au client- S'assurer que chaque client confirme avoir reçu 100 % des éléments inclus dans son paquet livré- Organiser les intrants restants pour assurer le chargement rapide du camion- Appuyer le chargement des intrants restants- Prospecter activement de nouveaux clients et fidéliser les producteurs existants2. LIVRAISON & SUIVI LOGISTIQUE- Gestion opérationnelle des livraisons- Être présent sur le site de livraison du début à la clôture.- Remplir les bordereaux de livraison.- Effectuer le décompte des paquets en début et fin de journée, et reporter les chiffres sur le bordereau.Cette liste n’est pas exhaustive, ces activités peuvent être adaptées aux besoins spécifiques de Sama Mbey, ainsi qu’aux objectifs et ressources disponibles.Compétences requises1. SAVOIR-FAIRE (Compétences techniques)- Expérience en vente et mobilisation communautaire en milieu rural.- Capacité à gérer des opérations logistiques (décomptes, bordereaux).- Connaissance du secteur agricole  (un atout).2. SAVOIR-ÊTRE (Qualités personnelles)- Force de persuasion : Capacité à convaincre les producteurs et motiver les VEs.- Rigueur et organisation : Respect strict des procédures de livraison et de reporting.- Autonomie et réactivité : Capacité à travailler en zone rurale avec des contraintes logistiques.- Esprit d’équipe : Collaboration étroite avec les VEs et le staff Sama Mbey.Autres compétences souhaitées:- Flexible : Sama Mbey est une organisation en pleine croissance qui se caractérise par des changements réguliers;- Humble : la personne est capable de partager ses connaissances tout en étant à l'écoute des défis des producteurs;- Efficace et proactif: la personne sait faire preuve d’autonomie et de créativité afin d’organiser ses activités;- Orienté vers l’action : la personne sait analyser les données et interpréter les chiffres afin de proposer et de développer des actions;- Ouvert aux retours constructifs.Le candidat idéal doit:- Avoir une expérience professionnelle antérieure dans le domaine du coaching/développement des compétences;- Être originaire de la zone pour laquelle il postule (myAgro recrute à travers plusieurs zones);Profil recherché- Minimum niveau Bac avec une expérience probante en agronomie, en développement communautaire ou dans un autre domaine connexe;- 1 an d’expérience prouvée et vérifiée en tant que agent de terrain;- Capacité à se focaliser sur l’atteinte des résultats;- Excellentes compétences en communication et en travail d’équipe,- Maîtrise orale et écrite, en français et wolof, mandingue, poular (selon la zone);- La connaissance d’autres langues locales est considérée un atout;- Maîtrise de l’outil informatique.Sama Mbey est un employeur garantissant l'égalité des chances. Nous célébrons la diversité et nous nous engageons à créer un espace inclusif permettant à tous les employés de se sentir valorisés pour leurs compétences, leurs expériences et leur point de vue unique. Sama Mbey offre des opportunités d'emploi égales à tous les employés et candidats sans distinction de race, de couleur, de religion, d'orientation sexuelle, de statut matrimonial/parental, d'origine nationale, d'âge, de handicap, d'opinion politique, de statut social, de statut d'ancien combattant, de génétique ou de toute autre base protégée par la loi applicable.",N/A,https://senjob.com/sn/jobseekers/agents-distributeur_e_161306.html
Chargé de communication,gmail,SALY (MBOU...,"Marketing, Communication | Organisation non gouvernementale, Association | Communication, Marketing, Médias",N/A,N/A,"À propos de nousL’association ALEFS intervient à SALY / MBOURl dans les domaines de l’éducation et de l’accompagnement des enfants et des femmes vulnérables.Forte de plusieurs années d’engagement et d’actions concrètes sur le terrain, ALEFS souhaite aujourd’hui renforcer sa communication pour :-mieux valoriser ses actions,-développer sa visibilité,-structurer ses outils,-et préparer des partenariats avec des acteurs institutionnels.Le posteNous recrutons un(e) Chargé(e) de communication opérationnel(le) capable de produire, organiser et diffuser les contenus de communication de l’association.-Il s’agit d’un poste très concret, orienté action, avec un impact direct sur la visibilité de l’association.-Vos missions-Communication quotidienne (priorité)Mettre à jour le site internet (WordPress)Rédiger des articles à partir des activités terrainAnimer les réseaux sociaux (Facebook, Instagram, TikTok)Élaborer et suivre un calendrier éditorialCréer des visuels simples (Canva)Réaliser de courtes vidéos (30 à 90 secondes)Participer à la diffusion d’une newsletter trimestrielleOrganiser les contenus (photos, vidéos, documents)-Objectif: remettre en place une communication régulière, structurée et fiable-Structuration des supports-Harmoniser les documents institutionnels (plaquette, supports, etc.)-Organiser une banque d’images et de vidéos-Mettre en forme les rapports d’activité-Appuyer la rédaction de projets et dossiers-Adaptation des contenusVous adaptez la communication selon les publics :Parrains et bénévolesDonateursGrand publicFuturs bénévoles / stagiairesPartenaires institutionnels-Profil recherchéIndispensable :Expérience antérieure de 5 ans en entreprise ou associationExcellente rédaction en françaisBonne maîtrise des réseaux sociauxConnaissance de WordPressMaîtrise de Canva (ou équivalent)Capacité à faire des montages vidéo simplesOrganisation, autonomie et rigueurBonne maîtrise des outils bureautiquesAtouts supplémentaires :Expérience dans une ONG ou associationConnaissance du contexte sénégalaisSensibilité aux enjeux sociauxMaîtrise de DropboxNotions d’anglais-Conditions-CDD de 6 mois renouvelable-Temps plein privilégié (¾ temps partiel possible)-Télétravail partiel avec présence à Saly (minimum 2 jours/semaine)-Rémunération selon profil et expérience-Évaluation à 6 mois-Pourquoi rejoindre ALEFS ?Un poste utile et concret, avec un impact directUne association reconnue localementUne grande autonomie dans le travailUne mission porteuse de sens",alefsenegal@gmail.com,https://senjob.com/sn/jobseekers/chargé-de-communication_e_161258.html
Chef Comptable,N/A,Dakar,"Comptabilité, Finances, Gestion | Banque, Assurance, Finances",2026-04-15,2026-04-30,"Description du Poste•	Tenir à jour les registres et comptes financiers DCS.•	Superviser la tenue des registres des immobilisations et veiller à la bonne comptabilisation.Activités et Responsabilités clés•	Diriger la mise en œuvre des politiques et des procédures financières.•	Gérer les activités comptables afin de garantir l’intégrité financière•	Gérer les comptes de dépenses de DCS.•	Gérer les écritures de journal sur SAP•	Superviser et assurer à en temps voulu des activités mensuelles de clôture•	Approuver les pièces justificatives pour la comptabilisation•	Élaborer des rapports financiers périodiques pour fournir des informations financières précises, et pertinentes afin d’aider la direction à prendre des décisions.•	Préparer et soumettre au directeur financier des rapports d’activité périodiques sur les•	activités comptables.•	S’acquitter de toute autre tâche qui lui est confiée par le directeur financier.Qualifications et Expérience Professionnelle•	Licence ou son équivalent en finance ou en comptabilité.•	Un minimum de cinq (5) ans d’expérience professionnelle pertinente.Aptitudes et compétences•	Bonne compréhension des tendances, des défis, des opportunités, des réglementations et des législations relatives à l’industrie de la fabrication du ciment.•	Solides connaissances en finance et en comptabilité, y compris une expérience des normes internationales d’information financière (IFRS).•	Connaissance pratique des systèmes de comptabilité financière/ ERP pertinents, de préférence SAP.•	De bonnes compétences en matière de leadership et de gestion des personnes.•	Bonnes compétences en matière de communication et de réseautage.•	Bonnes compétences en matière de présentation et d’animation.•	Haute intégrité et normes éthiques.•	Capacité à gérer des priorités multiples.•	Une solide connaissance pratique de Microsoft Office.•	Compétences HSE liées au poste•	Savoir utiliser les moyens de lutte contre l’incendie•	Savoir dispenser les gestes de premiers secours•	Connaître les risques SST liés à ses activités ainsi que les dispositions de maîtrise•	Connaître les aspects et impacts environnementaux liés à ses activités ainsi que les dispositions de maîtrise•	Connaître les dispositions relatives à la gestion des déchets•	Savoir renseigner une FREI et une FNC",N/A,https://senjob.com/sn/jobseekers/chef-comptable_e_161374.html
Responable Pays,N/A,Dakar,"Direction générale, Management | Organisation non gouvernementale, Association",2026-04-15,2026-04-30,"As country manager in Senegal, you understand the crucial role strong business ecosystems play in driving economic growth, social inclusion, and sustainable development. You bring a solid local network of small and medium-sized enterprises (SMEs) and partners, combined with proven experience in programme management and team leadership. Do you thrive on building meaningful partnerships, leading a result-driven team, and creating lasting impact across your country? This is your opportunity!About PUMPUM is a unique organisation committed to making a positive impact on a global scale. With a network of 1,200 skilled voluntary experts, we collaborate with ambitious entrepreneurs in 26 countries and 12 programmes, sharing expertise to strengthen business ecosystems and create economic, social, and environmental value. We work closely with SMEs, as well as the organisations that support them. We believe in the power of collaboration and in the magic that happens when diverse perspectives come together; Together we grow!The roleYou will lead the country acquisition team in Senegal consisting of 6 country representatives on a freelance basis who engage change-driven SMEs to participate in PUM’s impactful programmes. You hold end-to-end responsibility for client relationship management after acquisition, ensuring continuity, quality of engagement, and strategic alignment. You will be part of the Africa regional team, reporting to the head of region and collaborating closely with 15 other country managers in the region, 12 programme managers, as well as other departments such as recruitment and communications & partnerships. Your daily activities will be varied and challenging:•	You develop and implement the Country Impact Plan (CIP) in line with PUM’s mission, strategy, and organisational ambitions.•	You foster strategic partnerships with SMEs and stakeholders through proactive account management and ongoing engagement, building trust and long-term impact, while expanding PUM’s visibility, credibility and country influence.•	You build, lead, and coach the country representative team, safeguarding the quality and continuity of acquisition.•	You ensure team capacity, motivation, accountability, and performance through effective people management, including organising country team meetings (CTMs).•	You qualify new clients using assessment criteria that emphasise diversity, inclusion, and alignment with PUM’s green and social goals within business ecosystems.•	You approve project proposals, ensuring accurate and complete information so programme managers can identify the right expert match.•	You collaborate closely with programme managers to ensure alignment, shared goals, and successful projects. Occasionally, you will welcome and accompany visiting experts.•	You personally engage with clients after acquisition, ensuring continuity, quality of engagement, and strategic fit.•	You lead professional briefing and debriefing sessions to ensure quality assurance, data collection, and learning.•	You monitor performance and use data to share insights and improve results.•	You ensure compliance with organisational policies, quality standards, and project timelines.Who are you?As country manager, you combine strategic vision with operational excellence. You understand the challenges that local SMEs face and know how to translate entrepreneurial ambition into tangible impact. Does this sound like you?•	You are a proactive, hands-on and strategic thinker with a bachelor’s or master’s degree.•	You bring at least 10 years of experience in a coordinating role and leading a commercial or acquisition-focused team.•	You have a strong local SME network and a deep understanding of business ecosystem development in your country.•	You are familiar with European work culture and experienced in remote collaboration within international organisations.•	You demonstrate strong intercultural communication skills and collaborate effectively across departments and stakeholders.•	You have proven leadership and accountability skills, with experience in performance management and stakeholder engagement.•	You are experienced in managing a remote team operating across the country.•	You are willing to travel occasionally within Senegal for project development visits, partnership meetings, and country team meetings.•	You are strongly focused on impact, quality, and measurable results.•	You thrive in an organisation in growth and transition and enjoy contributing to further professionalisation.•	You are data-driven and comfortable using digital tools, including Microsoft 365.•	You have excellent command of English and speak French fluently; proficiency in Wolof is a plus.•	You are permanently based in Senegal and available for 30 hours (0.8 FTE) per week.What we offerFor this position, PUM collaborates with a local employment partner (Employer of Record). You will be formally employed and paid through this partner, in accordance with applicable local labour laws. We offer a salary aligned with local market standards, reflecting the responsibilities and scope of the position. Pre-screening is part of the selection process. At PUM, we celebrate diversity and inclusion as essential pillars of our organisation. We embrace the uniqueness of each individual, fostering an environment where everyone can thrive by being their authentic selves.Please note that in the case of a high volume of applications, we reserve the right to close the vacancy early and begin interviews before the deadline on 30 April 2026. Please submit your CV and motivation letter in English. Applying early is encouraged.",N/A,https://senjob.com/sn/jobseekers/responable-pays_e_161373.html
Assistante Administrative et Financière,N/A,Dakar,"Comptabilité, Finances, Gestion | Banque, Assurance, Finances",2026-04-15,2026-04-30,"Dans le cadre du renforcement de notre équipe, nous recherchons une Assistante Administrative et Financière bilingue (français / anglais), dynamique et rigoureuse.Missions principales :•	Assurer la gestion administrative quotidienne (courriers, classement, suivi des dossiers)•	Gérer les opérations comptables de base (facturation, suivi des paiements, rapprochements)•	Participer à l’élaboration des rapports financiers•	Assurer la liaison avec les partenaires et fournisseurs•	Rédiger et traduire des documents en français et en anglais•	Assurer l’organisation des réunions et la gestion des agendasProfil recherché :•	Bac +2 à Bac +5 en gestion, finance, comptabilité ou équivalent•	Expérience professionnelle de 2 à 5 ans minimum dans un poste similaire•	Excellente maîtrise du logiciel Sage Saari•	Excellente maîtrise du français et de l’anglais (oral et écrit)•	Bonne maîtrise des outils bureautiques (Excel, Word, etc.)•	Sens de l’organisation, discrétion et autonomie•	Bon relationnel et capacité à travailler en équipeDisponibilité : Immédiate",N/A,https://senjob.com/sn/jobseekers/assistante-administrative-et-financière_e_161372.html
Conseillers Commerciaux Seniors (Télévente),N/A,Dakar,"Commercial, Vente, Business developpement | Distribution, Commerce, Import-Export",2026-04-14,2026-04-29,"Vous êtes un expert de la force de vente ? Le téléphone est votre outil de prédilection ? Rejoignez une structure en pleine croissance à Dakar !Nous ne cherchons pas de simples exécutants, mais des closers capables de transformer chaque opportunité en succès. Dans un environnement stimulant, vous serez responsable du développement de notre portefeuille client.Vos missions•	Effectuer des appels sortants auprès d’une cible qualifiée (B2B ou B2C).•	Détecter les besoins, argumenter et convaincre avec brio.•	Conclure les ventes et assurer le suivi administratif des dossiers.•	Atteindre (et dépasser) les objectifs de performance fixés.Profil Recherché : L’Élite de la Télévente•	Expérience confirmée : Minimum 2 ans en télévente (idéalement sur des marchés européens ou premium).•	Maîtrise parfaite du français : Élocution impeccable, sans accent bloquant, et excellente capacité rédactionnelle.•	Tempérament de chasseur : Vous avez le goût du défi et une résistance à toute épreuve face aux refus.•	Culture du résultat : Vous êtes stimulé par les challenges et les primes à la performance.Pourquoi nous rejoindre à Dakar ?•	Salaire Motivante : Un package financier composé d’un fixe solide et de primes de vente très agressives (les meilleures du marché pour les profils performants).•	Cadre de travail : Un plateau moderne, dynamique et équipé des meilleures technologies CRM.•	Évolution : Des perspectives réelles de passer Team Leader ou Formateur pour les profils à fort potentiel.•	Avantages : Prise en charge transport/santé (selon politique interne).",N/A,https://senjob.com/sn/jobseekers/conseillers-commerciaux-seniors--télévente-_e_161370.html
Responsable Qualité & Sécurité Alimentaire Adjoint,N/A,Dakar,"Qualité, Sécurité, Environnement | Tourisme, Hôtellerie, Loisirs, Restauration",2026-04-14,2026-04-27,"Descriptif du posteSupport au Responsable Sécurité Alimentaire•	Assurer l’intérim ou la continuité du pilotage qualité en cas d’absence du titulaire.•	Participer aux réunions qualité et rédiger les comptes rendus de manière structurée.•	Contribuer à la planification des actions qualité mensuelles et hebdomadaires.•	Proposer des actions concrètes d’amélioration ou d’optimisation des pratiques.•	Participer aux réunions interservices pour représenter la fonction qualité.Suivi du Système ISO 22000•	Participer à la mise à jour régulière du système documentaire ISO 22000 (procédures, instructions, formulaires).•	Contrôler la bonne application des exigences HACCP, PRPo, BPH dans les différents secteurs.•	Coordonner la préparation des audits internes et externes (non-conformités, preuves, actions correctives).•	Classer et archiver les documents qualité selon les exigences de traçabilité.•	Collaborer avec les techniciens pour la collecte et la vérification des données de terrain.Contrôle Hygiène & Sécurité Alimentaire•	Suivre quotidiennement les rapports d’inspection transmis par les techniciens hygiène.•	Réaliser des vérifications de terrain complémentaires en cas de signalement.•	Assurer un suivi rigoureux des températures, péremptions, traçabilité des produits.•	Veiller au respect des protocoles de nettoyage, désinfection, désinsectisation.•	Coordonner les prélèvements microbiologiques (surfaces, eau, aliments) et exploiter les résultats.Formation & Sensibilisation du Personnel•	Participer à l’animation de sessions de formation sur l’hygiène, les pratiques ISO, le plan HACCP.•	Adapter les supports pédagogiques en lien avec les situations concrètes observées.•	Sensibiliser régulièrement les équipes aux bons gestes et aux erreurs à éviter.•	Vérifier l’appropriation des consignes à travers des quizz, tests ou observations.•	Collaborer avec le Responsable Formation pour inscrire les actions sur le plan annuel.Suivi des Non-Conformités & Actions Correctives•	Participer à l’identification et à l’enregistrement des non-conformités terrain.•	Analyser les causes racines en collaboration avec les équipes concernées.•	Suivre l’efficacité des actions correctives et préventives engagées.•	Mettre à jour les tableaux de suivi des anomalies et plans d’action.•	Communiquer régulièrement sur les résultats auprès des responsables opérationnels.Suivi des Indicateurs Qualité•	Mettre à jour les tableaux de bord qualité (audit, inspections, non-conformités…).•	Réaliser des analyses simples de tendances ou de causes fréquentes.•	Proposer des axes d’amélioration basés sur les données collectées.•	Participer aux réunions de revue qualité avec des éléments chiffrés.•	Diffuser les résultats aux équipes de façon pédagogique.Profil recherché•	Titulaire d’un Bac +3 / Diplôme universitaire en QHSE, biologie ou chimie.•	Expérience : Minimum 3–5 ans préalable en hôtellerie ou dans un poste similaire.•	Autres exigences : travail de week-end, capacité à travailler sous pressionCompétences requises•	Assister le Responsable Sécurité Alimentaire dans le pilotage du système ISO 22000•	Contrôler la mise en œuvre des procédures HACCP•	Suivre les audits internes et externes•	Identifier et suivre les non-conformités•	Assurer la traçabilité et la tenue des enregistrements•	Contrôler la conformité des pratiques terrain•	Agir avec exemplarité et exigence•	Valoriser la Teranga et l’identité du Resort•	Progresser et faire progresser•	Agir avec loyauté et discrétion•	Créer un climat de confiance et d’équité•	Communiquer avec pédagogie et diplomatie",N/A,https://senjob.com/sn/jobseekers/responsable-qualité---sécurité-alimentaire-adjoint_e_161369.html
"Conseiller(ère) politique, développement et diplomatie économique",N/A,Dakar,"Administration, Services généraux | Service public d'état, Institutions, Administratio",2026-04-14,2026-05-04,"L’Ambassade du Danemark à Dakar est une mission diplomatique récemment établie, chargée de renforcer l’engagement politique, économique et développement du Danemark au Sénégal et dans la région ouest-africaine.Dans le cadre du développement de ses activités, l’Ambassade recrute un(e) Conseiller(ère) politique, développement et diplomatie économique. Il ou elle sera chargé (e) de suivre les évolutions politiques et économiques au Sénégal, ainsi que dans les pays de la région couverts par l’Ambassade, notamment la Gambie, la Guinée-Bissau et le Cap-Vert.Le/la Conseiller(ère) contribuera également à la gestion de projets de coopération au développement au Sénégal et jouera un rôle central dans le développement des relations économiques et commerciales entre le Danemark et la région.Activités principales :•	Suivre et analyser les évolutions politiques, économiques et institutionnelles au Sénégal ainsi que dans les pays de la région couverts par l’Ambassade (Gambie, Guinée-Bissau et Cap-Vert) ;•	Préparer des analyses politiques et économiques, notes de briefing et rapports destinés au Ministère des Affaires étrangères du Danemark ;•	Conseiller l’Ambassade sur les dynamiques politiques et économiques dans la région ;•	Contribuer à la gestion et au suivi de projets de coopération au développement au Sénégal ;•	Soutenir les activités de diplomatie économique de l’Ambassade, notamment l’identification d’opportunités de coopération commerciale et d’investissement entre le Danemark et le Sénégal ;•	Contribuer à l’analyse de l’environnement économique et des conditions d’investissement au Sénégal ;•	Entretenir des relations avec les acteurs du secteur privé, les chambres de commerce, les organisations professionnelles et les institutions économiques ;•	Assister les entreprises et acteurs économiques danois intéressés par des opportunités au Sénégal et dans la région ;•	Contribuer à la coordination avec les partenaires internationaux, notamment l’Union européenne, les Nations Unies et d’autres bailleurs actifs dans la région.Profil•	Être titulaire d’un Diplôme supérieur dans un domaine pertinent (science politique, relations internationales, économie, droit, études du développement ou équivalent)•	Avoir une expérience professionnelle dans l’analyse politique, la coopération au développement et/ou la diplomatie économique•	Bonne connaissance du contexte politique et économique au Sénégal et dans la région ouest-africaine•	Expérience dans la gestion ou le suivi de projets de coopération au développement constitue un atout•	Expérience ou forte compréhension des dynamiques économiques, du secteur privé et des relations économiques internationales•	Capacité à dialoguer avec des acteurs publics et privés dans un contexte international•	Excellentes capacités analytiques et rédactionnelles•	Expérience de travail avec des organisations internationales, ONG, institutions publiques ou acteurs du secteur privé constitue un avantage•	Sens élevé de l’intégrité, du professionnalisme et de la discrétion•	Excellente maîtrise de l’anglais (écrit et oral) indispensable•	Bonne maîtrise du français•	Connaissance du portugais est un atout (notamment pour les relations avec le Cap-Vert et la Guinée-Bissau)",N/A,"https://senjob.com/sn/jobseekers/conseiller-ère--politique,-développement-et-diplomatie-économique_e_161368.html"
Responsable Administratif et Financier,N/A,Dakar,"Comptabilité, Finances, Gestion | Banque, Assurance, Finances",2026-04-14,2026-05-04,"L’Ambassade du Danemark à Dakar est une mission diplomatique récemment établie, chargée de renforcer l’engagement politique, économique et développement du Danemark au Sénégal et dans la région ouest-africaine.Dans le cadre du développement de son équipe locale, l’Ambassade recrute un Finance and Administration Officer. Ce poste offre une opportunité de contribuer à la mise en place des procédures financières et administratives d’une ambassade en phase d’installation, dans un environnement international et dynamique.Activités principales :Sous la supervision du Head of Administration, il ou elle sera chargé(e) de :•	La tenue de la comptabilité conformément aux procédures du Ministère des Affaires étrangères du Danemark ;•	Le suivi budgétaire, le reporting financier et l’analyse des dépenses ;•	La gestion des paiements, des relations bancaires et du suivi de trésorerie ;•	L’organisation et le traitement de la paie et des obligations sociales conformément à la législation sénégalaise ;•	L’appui aux procédures d’achats et à la gestion des contrats avec fournisseurs et prestataires ;•	La gestion des paiements liés aux activités administratives et visas ;•	La préparation des audits et le respect des règles financières et administratives ;•	L’appui aux tâches administratives générales de la mission, y compris la gestion documentaire, le suivi des contrats et le soutien aux procédures internes ;•	La contribution au développement et à l’amélioration des procédures financières et administratives de la mission.Profil•	Être titulaire d’un Diplôme en Finance, Comptabilité, Gestion ou Administration•	Avoir au moins 5 à 8 ans d’expérience professionnelle dans gestion financière et administrative•	Avoir une bonne connaissance du système fiscal et social sénégalais•	Avoir une excellente maîtrise d’Excel et du reporting analytique•	Capacité à produire des rapports financiers en anglais (niveau C1 minimum)•	Sens de l’intégrité, rigueur et grande discrétion•	L’expérience dans une organisation internationale, une ambassade ou une mission diplomatique est un atout majeur.•	Maîtrise parfaite du français•	Bonne maîtrise de l’anglais (écrit et oral)•	Connaissance du wolof est un atout.",N/A,https://senjob.com/sn/jobseekers/responsable-administratif-et-financier_e_161367.html
Coordinateur.trice de base,N/A,Dakar,"Direction générale, Management | Organisation non gouvernementale, Association",2026-04-14,2026-04-30,"Médicos del Mundo Espagne (Médecins du Monde – Espagne) est une association de solidarité internationale indépendante, constituée en 1990. Elle promeut le développement humain à travers la défense du Droit fondamental à la santé et une vie digne pour toute personne sans distinction de race, de sexe, de nationalité ou d´appartenance politique ou religieuse. Médicos del Mundo est présent au Sénégal depuis 2003 et dispose de bureaux à Dakar et à Kedougou où sont développés des projets dans le secteur de la santé. Depuis lors, Médicos del Mundo est intervenu dans les régions de Dakar, Sédhiou, Kédougou, Matam, Saint Louis, Louga et Kolda dans le département de Vélingara.Couverture géographique de l’interventionLe poste est basé à Kedougou, avec des déplacements réguliers dans les zones d’intervention des projets et des programmes.Description du posteSous l’autorité du Coordinateur.trice Pays et en lien avec l’Administration Pays, le/la Coordinateur.trice de Base a pour mission principale d’assurer le bon fonctionnement de la base de Kédougou et l’implémentation des projets. Il/Elle sera responsable de la coordination des équipes et des biens de Médicos del Mundo, tout en représentant l’organisation dans la Région de Kédougou.ResponsabilitésCoordination et orientation stratégique dans le domaine d’intervention•	Suivre et analyser le contexte humanitaire, politique, culturel, social et économique.•	Proposer et développer une stratégie opérationnelle en accord avec les politiques de l’association, la stratégie du pays et les besoins de la population.•	Contribuer activement à la recherche de nouvelles possibilités de financement.•	Assurer un dialogue permanent avec les autorités nationales et les donateurs potentiels.•	Participer activement aux plateformes régionales, aux réunions de groupe et aux espaces réservés aux principales parties prenantes.•	Proposer de nouvelles orientations opérationnelles en fonction de l’évolution du contexte.•	Participer activement à la définition d’une stratégie programmatique dans le cadre de la stratégie nationale.•	Suivre le monitoring (indicateurs), et la capitalisation des Districtes Sanitaires de la région de Kedougou.•	Contribuer activement à la recherche de nouvelles possibilités de financement.•	Diriger l’identification, la formulation et la rédaction de nouvelles propositions conformément aux normes du ministère des finances et aux exigences des bailleurs de fonds potentiels.Programmation et mise en œuvre•	Assurer la planification stratégique et opérationnelle des projets en lien avec les cadres de l’équipe de Médicos del Mundo.•	Assurer la bonne implémentation des projets, le suivi des indicateurs et la mise en place des outils de collecte de données.•	Assurer les rapports techniques et financiers des projets.•	Elaboration des rapports et autres requis de la coordination pays et bailleurs.•	Impliquer l’équipe ou les partenaires directs dans l’élaboration des nouveaux projets, le suivi et les rapports des activités des projets.Communication et représentation•	Garantir une communication fluide et régulière avec les autorités locales, les partenaires des projets et PTF ainsi que les autres institutions d’intérêt pour Médicos del Mundo.•	Représenter Médicos del Mundo auprès des acteurs de la zone (autorités, partenaires, communautés)•	Organiser des réunions de suivi et de planification des activités avec les partenaires et autres groups de cooperation.•	Garantir le respect des échéances contractuelles et la qualité des rapports soumis aux bailleurs.•	Respecter les positionnements et politiques de MdM dans les actions de communication.•	Garantir la mise en œuvre de la documentation avec l’identité corporative de MdM en respectant leurs formats.Gestions financières•	Garantir le respect des règles et des procédures administratives de Médicos del Mundo ainsi que des réglementations nationales applicables.•	Veiller à l’élaboration et à la transmission des budgets annuels, des propositions et des budgets à destination des bailleurs ainsi que des suivis budgétaires, en lien avec l’administration et la coordination pays.•	Assurer le suivi comptable et budgétaire de la base (demande mensuelled’approvisionnement, remontée de la comptabilité, respect des circuits de validation, etc.)Gestions de ressources humaines et de fonctionnement•	Assurer des réunions de coordination de l’équipe de Kédougou.•	Animer, organiser, superviser et évaluer les équipes du site.•	Veiller à maintenir une ambiance de travail positive et conviviale.•	Superviser le bon fonctionnement de la base de Médicos del Mundo à Kédougou.•	Garantir l’application des protocoles, normes de sécurité et procédures de Médicos del Mundo•	Assurer la mise en place du règlement intérieur et veiller scrupuleusement à son respect.•	Garantir la bonne utilisation et l’entretien des biens et outils de Médicos del Mundo en lien avec la logistique et l’administration basée à Dakar (infrastructures, moyens de transport, équipements, etc.)Profil requisCondition requise : diplôme universitaire, de préférence en sciences de la santé ou dans d’autres disciplines sociales et/ou dans le domaine de la coopération internationale. Solide connaissance de la gestion du cycle de projet (cadre logique/gestion axée sur les résultats/théorie du changement), de la santé publique et des approches transversales.Souhaitable : formation en santé publique, santé communautaire et/ou santé sexuelle et reproductive, mobilité humaine, violence fondée sur le genre.•	Français (wolof/pular et autres langues nationales appréciées).•	Compétences en matière de bureautique et d’internet.•	Capacité d’adaptation aux besoins et contextes en évolution.•	Rigueur et autonomie dans le travail•	Identification aux lignes de travail, valeurs et mission de Médicos del Mundo.ExpérienceAu moins cinq ans d’expérience dans la mise en œuvre de projets humanitaires/de développement, souhaitable dans le domaine de la santé.•	Expérience préalable en représentation institutionnelle.•	Expérience dans la coordination des projets d’aide humanitaire ou coopération au développement.•	Expérience en coordination d´équipesConditions d’emploi•	Type de contrat : CDD de droit sénégalais•	Durée du contrat : 12 mois renouvelables à la fin de l’année•	Période d’essai : 3 mois•	Date de prise de poste : Le plus tôt possible•	Lieu de travail : Région de Kédougou•	La rémunération est conforme au tableau des salaires pour le profil de coordinateur de base de Médicos del Mundo Espagne au Sénégal.CandidatureLe dossier de candidature doit comprendre.•	Une lettre de motivation adressée à la Coordination Pays•	Un Curriculum Vitae clair et compréhensible incluant le contact de deux personnes de références.",N/A,https://senjob.com/sn/jobseekers/coordinateur.trice-de-base_e_161364.html
Responsable pédagogique,N/A,St Louis,"Éducation, Enseignement | Enseignement, Formation",2026-04-14,2026-04-29,"L’Institut français du Sénégal (IFS) recherche un(e) Responsable pédagogique pour son antenne du Centre de langues de Saint-Louis.Votre mission :Piloter les cours de langue (FLE, FOS, Alphabétisation), encadrer l’équipe enseignante, gérer les certifications DELF/DALF et contribuer au développement des publics et partenariats dans la région.Profil recherché :•	Bac+4/5 en FLE•	Expérience en ingénierie pédagogique et management d’équipe•	Maîtrise des outils numériques et des TICE•	Habilitation DELF/DALF appréciée•	Rigueur, autonomie et sens du service publicConditions•	Contrat : CDD 2 ans•	Prise de poste : 1er juin 2026•	Lieu : Antenne EAF – Saint-Louis, Sénégal",N/A,https://senjob.com/sn/jobseekers/responsable-pédagogique_e_161363.html
Stagiaire Comptable,N/A,Dakar,"Comptabilité, Finances, Gestion | Banque, Assurance, Finances",2026-04-14,2026-04-29,"Fondée en 2011, CorpsAfrica offre à des jeunes Africains diplômés la possibilité de servir comme volontaires dans leurs propres pays, sur le modèle du Peace Corps. Nous les formons et les déployons pendant jusqu’à un an dans des communautés rurales à fort taux de pauvreté, afin de faciliter des projets à petite échelle et à fort impact, identifiés par les populations locales elles-mêmes. CorpsAfrica vise à promouvoir une culture du service public en Afrique, en donnant à ses volontaires l’opportunité de mettre leurs compétences et leur énergie au service de leurs concitoyens les plus vulnérables. www.corpsafrica.orgCorpsAfrica a progressivement étendu ses opérations du Maroc au Sénégal, au Malawi, au Rwanda, au Ghana, au Kenya, en Éthiopie, en Ouganda, en Gambie, en Côte d’Ivoire et en Afrique du Sud. Fort de son modèle éprouvé, CorpsAfrica attire désormais des financements importants et entre dans une phase de croissance stratégique. Nous recherchons des profils motivés, rigoureux et capables de contribuer activement à l’efficacité opérationnelle de notre équipe.Présentation du Poste :Le/La Stagiaire Comptable apporte un appui opérationnel quotidien à la Direction Administrative et Financière de CorpsAfrica/Sénégal. Il/elle assure la comptabilisation des opérations dans le système SYCEBNL, veille au classement et à l’archivage rigoureux des pièces justificatives, contribue aux processus d’achat (procurement) et apporte un appui administratif aux activités des Ressources Humaines. Il/elle rend compte directement au Finance Manager.•	Classification : Stage•	Allocation et avantages : CorpsAfrica offre une allocation modeste aux stagiaires, conformément à la réglementation et à la législation locale.•	Lieu d’affectation : Dakar•	Supérieur hiérarchique : Finance Manager•	Durée : Six moisResponsabilités Spécifiques :•	Saisir et comptabiliser les opérations financières courantes (recettes, dépenses, avances, remboursements) dans le logiciel de comptabilité SYCEBNL conformément aux procédures internes et aux normes comptables en vigueur.•	Assurer le lettrage et le rapprochement des comptes afin de garantir la concordance entre les pièces justificatives et les écritures comptables.•	Organiser, classer et archiver de manière rigoureuse les pièces justificatives physiques et numériques (factures, bons de caisse, ordres de mission, contrats, etc.) selon le plan de classement de l’organisation.•	Veiller à la complétude et à la conformité des dossiers de dépenses présentés à la validation, en contrôlant la présence de toutes les pièces requises avant toute comptabilisation.•	Participer aux activités de procurement : préparation des demandes d’achat, collecte et comparaison des devis, suivi des commandes, réception et contrôle des livraisons, et mise à jour du registre des fournisseurs.•	Contribuer à la préparation des états de rapprochement bancaire et au suivi des soldes de caisse, en appui au Bookkeepper.•	Appuyer les opérations administratives liées aux Ressources Humaines : préparation des contrats de stage, suivi des présences, mise à jour des dossiers du personnel, et appui à la gestion des déclarations sociales et fiscales.•	Contribuer à la préparation des documents nécessaires aux audits internes et externes, notamment en facilitant l’accès aux pièces justificatives classées et archivées.•	Participer à la numérisation et à la gestion électronique des documents comptables et administratifs, en contribuant à l’amélioration continue du système d’archivage de l’organisation.•	Effectuer toute autre tâche administrative ou comptable demandée par la hiérarchie dans le cadre du bon fonctionnement du bureau.•	Appuyer le suivi des contrats fournisseurs et des engagements financiers, en veillant au respect des procédures de passation de marchés de l’organisation.•	Exécuter toute autre responsabilité assignée par la Direction dans le cadre de la gestion administrative et financière de CorpsAfrica/Sénégal.Qualifications :•	Être inscrit(e) en Licence ou Master en Comptabilité, Finance, Gestion ou dans une filière équivalente (BTS Comptabilité, DUT GEA, DSCG, etc.).•	Bonne connaissance théorique des principes comptables fondamentaux (plan comptable SYSCOHADA révisé, comptabilité des associations / ONG – SYCEBNL apprécié).•	Maîtrise des outils bureautiques courants : Microsoft Excel (tableau croisés dynamiques, formules de base), Word, et Google Workspace (Sheets, Drive, Gmail).•	Sens aigu du détail, de la rigueur et de l’organisation ; souci permanent de l’exactitude dans la tenue des documents comptables et administratifs.•	Capacité à travailler dans un environnement multiculturel et dynamique, avec un sens des priorités et une aptitude à gérer plusieurs tâches simultanément dans le respect des délais impartis.•	Discrétion et confidentialité absolues dans le traitement des informations financières, administratives et du personnel.•	Esprit d’initiative, fiabilité et proactivité ; capacité à travailler de manière autonome tout en s’inscrivant pleinement dans une dynamique d’équipe.•	Adhésion aux valeurs de CorpsAfrica : engagement envers le service public, la transparence, la responsabilité et le développement communautaire en Afrique.•	Excellentes capacités de communication écrite et orale en français ; la connaissance de l’anglais est un atout apprécié.•	Disponibilité pour un stage à temps plein d’une durée minimale de six (6) mois au sein du bureau de CorpsAfrica/Sénégal à Dakar.•	Une expérience préalable (même bénévole ou associative) dans un environnement ONG, association ou projet de développement est un plus.Les candidat(e)s intéressé(e)s sont invité(e)s à soumettre un CV à jour ainsi qu’une lettre de motivation avant le 17 Avril 2026.",N/A,https://senjob.com/sn/jobseekers/stagiaire-comptable_e_161362.html
Carbon Finance Intern,N/A,Dakar,"Comptabilité, Finances, Gestion | Banque, Assurance, Finances",2026-04-14,2026-04-29,"The Global Green Growth Institute (GGGI) is a treaty-based international, inter-governmental organization dedicated to supporting and promoting strong, inclusive and sustainable economic growth in developing countries and emerging economies. To learn more please visit about GGGI web page.The Global Green Growth Institute (GGGI) internship program provides a unique learning opportunity for students and recent graduates from diverse academic backgrounds. The program is designed for talented and motivated individuals skilled in areas relevant to GGGI’s operations. The program allows selected candidates to gain insight into the work of the Institute and provides assistance and training in various professional fields in a multicultural environment. We encourage qualified young professionals with diverse academic and cultural backgrounds to apply.BackgroundThe GGGI supports developing countries in achieving inclusive green growth, including through the design and implementation of climate mitigation policies aligned with the Paris Agreement.Under Article 6 of the Paris Agreement, cooperative approaches and market-based mechanisms create opportunities to mobilize climate finance while ensuring environmental integrity, transparency, and sustainable development benefits. GGGI actively supports, promotes, and operationalizes best practices under Article 6 and contributes to the development of an equal and fair playing field in international carbon markets.GGGI serves as trustee of the Norwegian-assisted Climate Action (NACA) Fund on behalf of the Norwegian Ministry of Climate and Environment (NMCE). The NACA Fund aims to support the development of mitigation activities and to purchase Internationally Transferred Mitigation Outcomes (ITMOs) generated from such activities, in line with Article 6 of the Paris Agreement.Current OpportunityGGGI Senegal is seeking a motivated intern to support analytical, coordination, and knowledge-management work related to Article 6 implementation, carbon market instruments, and NACA Fund–supported activities.Under the supervision of the NACA Fund Program Lead for Senegal and in close coordination with the GGGI Senegal and HQ teams, the intern will support activities including, but not limited to:•	Supporting coordination with internal and external stakeholders, including meeting scheduling, agenda preparation, minute taking, and follow-up actions;•	Assisting with document management, version control, and archiving of technical and programmatic materials;•	Contributing to communication and promotional materials for NACA Fund–related activities in Senegal and partner countries;•	Supporting analytical and desk-based research on Article 6 of the Paris Agreement, including cooperative approaches, ITMOs, and the Article 6.4 mechanism;•	Supporting development of knowledge products, briefing notes, presentations, and summaries related to international carbon markets, Article 6 rules, and emerging PACM requirements;•	Monitoring and summarizing relevant updates from the UNFCCC, Gold Standard, and other carbon market institutions;The intern will work in a diverse, international, and professional environment and will benefit from mentorship, exposure to real-world carbon market operations, and day-to-day collaboration with GGGI technical teams.EligibilityApplicants to the GGGI Internship Program must meet one of the following criteria:•	Be enrolled in the final year of a Bachelor’s degree, or in a Master’s or PhD program, prior to internship commencement; or be a recent graduate (within the last 12 months) in a field relevant to GGGI’s work.•	Academic background or strong interest in climate change mitigation, carbon markets, environmental policy, economics, or sustainable development;•	Demonstrated enthusiasm for developing practical and long-lasting solutions to climate change challenges.•	Excellent command of English (working proficiency required).Qualification•	Educational background in sustainability, environmental economics, environmental engineering, public policy, climate finance, or environmental law;•	Solid understanding of the global climate regime, including the Paris Agreement and emerging Article 6 rules;•	Interest or prior exposure (academic or professional) to carbon markets, mitigation activities, or crediting mechanisms;•	Ability to understand complex technical concepts and translate them into clear and accessible written materials;•	Strong research, analytical, and organizational skills;•	Initiative, creativity, and a proactive attitude towards problem-solving and knowledge sharing;•	Strong written and verbal communication skills in English and French (native level);•	Ability to work effectively in multicultural and multidisciplinary teams.Selection Process•	GGGI evaluates applications based on eligibility requirements, relevance of academic study and work experience (if any); and the level of interest and motivation to contribute to development work.•	Due to the high volume of applications, only shortlisted candidates will be contacted.•	Applications submitted after the deadline will not be considered.",N/A,https://senjob.com/sn/jobseekers/carbon-finance-intern_e_161361.html
Chargé des projets de communication,N/A,Dakar,"Marketing, Communication | Communication, Marketing, Médias",2026-04-14,2026-04-29,"MissionContribuer à la conception, à la mise en œuvre et au suivi des actions de communication interne et externe de la Banque Centrale, en cohérence avec la stratégie de communication institutionnelle. Assurer la production de contenus et le pilotage de projets, en vue de renforcer la visibilité, la cohérence et l’impact des messages de la Banque Centrale.Localisation  : Siège de la BCEAO à Dakar (Sénégal)Responsabilités du poste•	Participe à la définition et à la mise en œuvre de la stratégie de communication (interne et externe) de la BCEAO ;•	Contribue à l’élaboration et à l’exécution des plans de communication relatifs aux projets institutionnels ;•	Suit la production et la diffusion des contenus sur les différents supports de communication (supports institutionnels, plateformes numériques, médias, etc.) ;•	Prépare et suit des actions de communication liées aux événements institutionnels ;•	S’assure de la cohérence des messages diffusés avec la stratégie de communication et le respect de l’image institutionnelle de la BCEAO ;•	Participe à la gestion des relations avec les parties prenantes internes et externes impliquées dans les actions de communication ;•	Participe à la gestion des supports numériques et des réseaux sociaux de la Banque ;•	Participe à la veille médiatique et à l’analyse de la perception de la Banque Centrale dans l’espace public ;•	Élabore des notes, rapports et bilans d’activités relatifs aux actions de communication ;•	Participe au suivi et à l’évaluation des actions de communication mises en œuvre.Critères d’éligibilité•	Etre ressortissant d’un Etat membre de l’UMOA ;•	Jouir de ses droits civiques et être de bonne moralité ;•	Etre âgé de 18 ans au moins et de 40 ans au plus.Profil requis•	Être titulaire d’un diplôme de niveau BAC + 5 en Sciences et Techniques de la Communication, Journalisme, Lettres Modernes, Relations publiques ou domaines connexes  ;•	Avoir au minimum 10 ans d’expérience professionnelle minimum en communication institutionnelle, dont une expérience significative dans la conduite de projets et le pilotage d’actions de communication d’envergure, acquise en agence de communication, dans l’administration publique ou dans une institution internationale ;•	Être bilingue (français-anglais).Pour postuler, les candidats doivent produire un curriculum vitae (CV) indiquant notamment :•	la date de naissance ;•	la nationalité ;•	les périodes exactes des expériences professionnelles (date début et date fin) ainsi qu’un résumé des activités prises en charge ;•	le type de contrat pour chaque expérience (CDD, CDI, Consultance, Stage, etc.) ;•	la liste de tous les diplômes y compris le Baccalauréat, en précisant la date d’obtention, l’établissement de formation et la spécialité de chaque diplôme.Après avoir téléchargé son CV, le candidat doit obligatoirement renseigner le questionnaire qui lui est automatiquement soumis.",N/A,https://senjob.com/sn/jobseekers/chargé-des-projets-de-communication_e_161360.html
Stagiaire Comptable,N/A,Dakar,"Comptabilité, Finances, Gestion | Banque, Assurance, Finances",2026-04-14,2026-04-29,"Vos missions principales :•	Gestion des opérations clients : Passage des OD clients, encaissement des chèques et établissement des factures HT.•	Suivi et classement : Suivi quotidien du compte Passage, classement des dossiers clients et mise à jour des limites de crédits.•	Support administratif : Scanner les factures, tirage du journal de ventes et rédaction des courriers de relance.•	Comptabilité : Saisie des écritures de régularisation et relance des opérations.Profil recherché :•	Formation : Titulaire d’un BAC+3 en Comptabilité ou Gestion des Entreprises.•	Compétences techniques : Maîtrise impérative des outils Excel et Word.•	Qualités : Rigueur, efficacité, capacité d’adaptation et esprit d’équipe.",N/A,https://senjob.com/sn/jobseekers/stagiaire-comptable_e_161359.html
Directeur Administratif et Financier,N/A,Dakar,"Comptabilité, Finances, Gestion | Banque, Assurance, Finances",2026-04-14,2026-04-27,"Présentation du RAESCréée en 2004, RAES est une ONG sénégalaise créatrice de stratégies innovantes pour le changement de comportement en Afrique et qui agit comme un hub de mise en relation des partenaires et programmes internationaux, les médias et les sociétés civiles locales. L’ONG RAES forme, appuie et accompagne les acteurs locaux et les communautés à avoir accès à l’information et à mettre des solutions adaptées à leurs problèmes.Vision du RAESAvoir des communautés qui s’informent, se mobilisent et agissent sur leur avenir, individuellement et collectivement.Mission du RAESPromouvoir le changement social et un environnement propice à une prise de décision individuelle et collective éclairée, fondée sur une information libre, appropriée et complète.Mission et champs de responsabilité du posteLa personne titulaire du poste a pour principal mission d’élaborer des stratégies alignées sur la vision et les objectifs de l’organisations, afin d’assurer une bonne gestion administrative et financière de l’ONG. La personne recrutée devra effectuer la préparation des budgets, le suivi de la trésorerie et des indicateurs clés de performance, tout en respectant les exigences des bailleurs. Elle devra également structurer et piloter toute l’équipe administrative, achat et comptable en coordination le directeur exécutif adjoint.Fonction et TâchesAssister la Direction exécutive dans l’organisation, la coordination et le suivi des activités stratégiques et opérationnelles, afin de garantir la fluidité des processus décisionnels, la qualité des échanges internes et externes, et le respect des priorités et des échéances.Responsabilités et activités principalesA. Définir et piloter la stratégie financière de l’organisation•	Élaborer et mettre en œuvre la stratégie financière et budgétaire de l’ONG•	Assurer la gestion administrative globale liée au fonctionnement de l’organisation et de ses projets•	Piloter le déploiement et l’installation du logiciel comptable de l’organisation (Odoo)•	Actualiser les politiques, manuels et procédures administratives, comptables et financières•	Superviser la gestion de la trésorerie afin d’assurer une liquidité optimale•	Suivre les indicateurs financiers clés et analyser les tendances budgétaires•	Informer régulièrement la Direction exécutive de la situation financière et des perspectives d’investissement•	Veiller à la conformité juridique, fiscale et réglementaire de l’ensemble des opérations financières•	Accompagner les négociations financières avec les partenaires institutionnels (bailleurs, banques, auditeurs, autorités publiques)B. Superviser la gestion comptable et financière•	Préparer et suivre le plan de trésorerie annuel•	Superviser les opérations comptables afin de garantir la fiabilité et la conformité des transactions•	Mettre en place des tableaux de bord financiers permettant un suivi clair et régulier des performances financières•	Présenter les états financiers mensuels, trimestriels et annuels au Comité de direction et au Conseil d’administration•	Assurer le reporting financier auprès de la Direction exécutive et de la Trésorière du Bureau•	Contribuer à la production des états financiers annuels avec le cabinet comptable•	Organiser et superviser les missions d’audit interne et externeC. Superviser la gestion financière des subventions et projets•	Assurer la supervision financière des projets financés par les bailleurs•	Veiller au respect des règles et procédures financières des partenaires financiers (AFD, fondations internationales, coopérations bilatérales, etc.)•	Superviser la préparation des rapports financiers destinés aux bailleurs•	Assurer la conformité des dépenses avec les budgets approuvés et les accords de financementD. Structurer l’architecture financière de l’écosystème RAES•	Contribuer à la structuration financière de l’écosystème RAES incluant l’ONG, OASIS et RAES Prod 2.0•	Définir les mécanismes financiers et contractuels entre les différentes entités•	Mettre en place des systèmes de gestion des coûts partagés et de refacturation interne•	Veiller à la conformité fiscale et juridique des relations entre les différentes structures•	Accompagner la Direction exécutive dans le développement d’un modèle économique hybride combinant subventions, prestations, co-productions et formationsE. Renforcer les systèmes de gestion des risques et de conformité•	Mettre en place un dispositif de gestion des risques financiers et opérationnels•	Développer et renforcer les systèmes de contrôle interne•	Identifier les risques liés aux opérations multi-pays et aux financements multi-bailleurs•	Assurer la conformité avec les standards internationaux de gestion financière des ONGF. Coordonner la gestion administrative et logistique•	Superviser les fonctions administratives nécessaires au bon fonctionnement de l’organisation•	Veiller à la gestion des locaux, équipements et infrastructures de l’organisation•	Identifier les améliorations nécessaires dans les processus administratifs et logistiques•	Superviser la gestion des achats, contrats fournisseurs et prestations de services•	Assurer le respect des obligations administratives et réglementairesG. Gérer l’équipe du pôle administratif et financier•	Structurer et organiser l’équipe administrative, comptable, achats et logistique•	Manager une équipe d’environ 10 personnes•	Assurer le suivi des performances et objectifs de l’équipe•	Identifier les besoins de renforcement de capacités•	Favoriser une collaboration efficace avec les autres directions de l’organisation•	Principales relations organisationnelles•	Responsable hiérarchique : Directrice exécutive•	Relations fonctionnelles internes : RAF, Directeur de projet•	Relations fonctionnelles externes : bailleurs de fonds, partenaires financiers dans nos pays d’intervention, partenaires de terrain, cabinet d’expertise comptable, juridique, fiscal et les cabinets d’auditConditions•	Durée : 1 an renouvelable•	Conditions et avantages : budget à définir, Assurance maladie 100%•	Poste basé à DakarProfilConnaissance et expérience•	Master ou bac+5 en finances, comptabilité ou dans un domaine équivalent•	10 ans minimum d’expérience professionnelle avérée en tant que Directeur administratif et financier au sein d’une ONG•	Connaissance des règles et des procédures des bailleurs de fonds (Agence Française de développement, fondation américaines, Coopération LuxembourgeoiseCompétences techniques•	Excellente maîtrise des logiciels de comptabilité•	Solides connaissances dans l’analyse des données, la gestion des risques et les méthodes de prévision•	Excellente maîtrise de Microsoft ExcelAptitudes•	Capacités analytiques•	Capacité à expliquer les termes financiers dans un langage simple•	Bonnes connaissances sur la manière dont les organisations à but non lucratif sont structurées•	Bonne connaissance de la gestion des ressources humaines, et du développement de la culture d’entreprise•	Respect des délais•	Anticipation et organisation du travail•	Rigueur et intégrité•	Professionnalisme•	Bonne capacité d’analyse des situations•	Bonne capacité à travailler dans un environnement multiculturel•	Bonne capacité managériale•	Bonne maîtrise du français et de l’anglaisDeadline : 27 Avril 2026Les candidatures féminines sont fortement encouragées. Seuls les candidat·es retenu·es seront contacté·es.Passé un délai de 30 jours après la date de clôture des candidatures, veuillez considérer que votre candidature n’a pas été retenue.“L’ONG RAES lutte contre toute forme d’exploitation, d’abus et de harcèlement sexuel ainsi que la maltraitance des enfants et des personnes vulnérables et accorde une importance capitale à l’égalité des chances”",N/A,https://senjob.com/sn/jobseekers/directeur-administratif-et-financier_e_161358.html
Auditeur Interne,N/A,Dakar,"Comptabilité, Finances, Gestion | Banque, Assurance, Finances",2026-04-14,2026-04-29,"GPF recrute un Auditeur Interne H/F pour un de ses clients du secteur industriel basé à Dakar.MissionsRattaché(e) à la Direction, vous intervenez dans l’analyse, le contrôle et l’optimisation des processus internes de l’entreprise.À ce titre, vos principales responsabilités seront de :1. Réalisation des audits•	Évaluer l’efficacité des dispositifs de contrôle interne•	Analyser les processus, systèmes, données et documents•	Conduire des entretiens et observations sur le terrain•	Identifier les écarts, anomalies et axes d’amélioration•	Vérifier la conformité aux normes, procédures et réglementations•	Rédiger des rapports d’audit clairs et structurés2. Analyse et recommandations•	Proposer des actions correctives concrètes et priorisées•	Formuler des recommandations opérationnelles et applicables•	Présenter les conclusions aux parties prenantes•	Assurer le suivi de la mise en oeuvre des plans d’actions•	Contribuer à l’amélioration continue des processus3. Compliance et sûreté•	Assurer le déploiement des politiques Compliance, Éthique et Sûreté/Cybersécurité•	Veiller à leur bonne application au sein des équipes•	Accompagner les opérationnels dans la gestion des risquesProfilFormation•	Bac+5 (École de Commerce, Master Audit / Finance)•	Expérience•	Minimum 3 ans en cabinet d’audit ou en audit interneCompétences techniques•	Maîtrise des méthodes et outils d’audit•	Bonne culture comptable et financière•	Capacité d’analyse de données•	Aisance avec les outils informatiques (Excel, ERP, bases de données, Power BI)•	Connaissance des normes (ISO, réglementations, procédures internes)•	Élaboration et suivi de plans d’auditQualités personnelles•	Rigueur, méthode et sens de l’analyse•	Esprit critique et capacité de synthèse•	Aisance relationnelle avec des interlocuteurs variés•	Capacité à convaincre et à porter des recommandations•	Sens de l’éthique, discrétion et professionnalisme",N/A,https://senjob.com/sn/jobseekers/auditeur-interne_e_161357.html
Livraison/ Vente moto,N/A,Dakar,"Commercial, Vente, Business developpement | Distribution, Commerce, Import-Export",2026-04-14,2026-04-29,Moto mise à votre disposition. Vous travaillez et versez 2500fr /par jour sauf Dimanche.,N/A,https://senjob.com/sn/jobseekers/livraison--vente-moto_e_161356.html
Ingénieur Chef de Projet des travaux lots Techniques,N/A,Dakar,"Métiers BTP, Bureau d'étude, Immobilier | BTP, Construction, Immobilier, Urbanisme, Archi.",2026-04-14,2026-04-29,"Responsabilités•	Examinez les exigences contractuelles et définissez les critères d’interface et d’acceptation pour toutes les œuvres MEP.•	Coordonnez tous les travaux mécaniques, électriques, de plomberie, de drainage et de relevage en accord avec les activités civiles et structurelles.•	Inspecter les travaux en cours du MEP et surveiller les activités de test et de mise en service afin d’assurer la conformité aux exigences approuvées.•	Faites régulièrement rapport au chef de projet et au responsable de la construction des progrès, des problèmes, des changements, des risques et des activités quotidiennes sur le chantier.Profil requis•	Licence (BSc) en génie mécanique ou génie électrique.•	Minimum 15 ans d’expérience en coordination MEP dans des projets de construction à grande échelle.•	Bonne compréhension des processus de test, de mise en service et de transfert MEP",N/A,https://senjob.com/sn/jobseekers/ingénieur-chef-de-projet-des-travaux-lots-techniques_e_161355.html
Project Controller,N/A,Dakar,"Comptabilité, Finances, Gestion | Banque, Assurance, Finances",2026-04-14,2026-04-29,"Nous Recrutons un Project Controller pour un de nos clients évoluant dans le secteur de l’Oïl & Gaz et de l’ingénierie.MissionAssurer le suivi financier et opérationnel du projet en garantissant le respect des coûts, des délais et des engagements contractuels. Le poste joue un rôle clé dans le pilotage de la performance projet et l’optimisation des ressources.Responsabilités principales•	Suivre les coûts du projet et analyser les écarts•	Élaborer et suivre les budgets et prévisions•	Mettre en place et suivre les indicateurs de performance (KPI)•	Assurer le reporting financier régulier•	Suivre l’avancement physique vs financier du projet•	Participer à la gestion des risques financiers•	Contrôler les engagements contractuels et les dépenses•	Collaborer avec les équipes projet, finance et contract management•	Contribuer à l’optimisation des coûts et à la rentabilité du projetProfil•	Bac +5 en finance, gestion, ingénierie ou équivalent•	Expérience en contrôle de projet / contrôle de gestion (idéalement Oil & Gas / BTP)•	Expérience en environnement international souhaitée•	Anglais courant requis",N/A,https://senjob.com/sn/jobseekers/project-controller_e_161354.html
Commerciaux,N/A,Dakar,"Commercial, Vente, Business developpement | Distribution, Commerce, Import-Export",2026-04-14,2026-04-29,"Nous recrutons pour une société de la place évoluant dans les finances des Commerciaux Terrain.Dans le cadre du développement de notre réseau, nous recrutons des agents commerciaux terrains motivés pour développer notre communauté dans plusieurs quartiers de Dakar et sa banlieue.Mission :•	Présenter l’activité dans votre quartier•	Inscrire de nouveaux membres•	Suivre votre communauté de clients•	Objectifs recruter 5 clients minimum par jourNous recherchons des candidats dans les Zones suivantes :Parcelles, Guédiawaye, Pikine, Grand Yoff, Yoff, Ouakam, Keur Massar, Rufisque, Keur Mbaye Fall.Conditions•	Bonus pour les meilleurs commerciaux à la fin de chaque mois selon performance•	Salaire net 100.000 à 150.000 par mois selon vos performances.•	Prime par jour 5000fr en raison de 1000fr par recrue + salaire•	Un smartphone sera mis à votre disposition + la connexionProfil recherché :•	Habiter dans la zone où vous allez travailler•	Être dynamique motivé et avoir le contact facile•	Savoir lire et écrireSi vous êtes sérieux, motivé et que vous aimez le terrain, rejoignez une équipe en pleine croissance.",N/A,https://senjob.com/sn/jobseekers/commerciaux_e_161353.html
Assistant(e) Commercial(e) et Administratif,N/A,Dakar,"Commercial, Vente, Business developpement | Distribution, Commerce, Import-Export",2026-04-14,2026-04-29,"Nous recherchons un.e Assistant(e) Commercial(e) et Administratif pour rejoindre notre équipe à plein temps dans la région de Dakar, au Sénégal. Ce poste est basé sur site et implique une gestion quotidienne des tâches administratives et commerciales. Vos responsabilités incluront la gestion des relations clients, le suivi des dossiers commerciaux, la prospection de nouveaux clients et le soutien administratif pour assurer la bonne organisation de l’équipe.Qualifications•	Compétences en commerce et gestion commerciale : Expérience en gestion des ventes, suivi des objectifs et gestion de portefeuille clients.•	Compétences en prospection et relation client : Capacité à identifier et contacter de nouveaux clients, et à entretenir des relations durables.•	Compétences en communication et service client : Excellentes aptitudes relationnelles et capacité à gérer les demandes et besoins des clients avec professionnalisme.•	D’autres qualifications appréciées incluent la maîtrise des outils bureautiques (Word, Excel, logiciels CRM) et un bon niveau en langues, notamment le français et l’anglais.•	Commercial•	Réponse professionnelle aux emails•	Relance clients / prospects•	Démarchage à partir de cibles•	Suivi des devis, offres et opportunités•	Administratif & comptable•	Établissement de factures et proformas•	Suivi des paiements / encaissements•	Classement et suivi des dossiers clients",N/A,https://senjob.com/sn/jobseekers/assistant-e--commercial-e--et-administratif_e_161352.html
Human Resources & Administration Assistant,N/A,Dakar,"Ressources Humaines, Formation | Organisation non gouvernementale, Association",2026-04-14,2026-04-29,"Job AnnouncementKorea International Cooperation Agency (KOICA) is the primary Official Development Assistance (ODA) agency of the Government of the Republic of Korea. Since its founding in 1991, KOICA’s mission is to, through the implementation of bilateral grant aid programs, work towards sustainable socio-economic development in partner developing countries, leading to the eradication of poverty and the betterment of people’s lives.I. Basic Information•	No. of Vacancy: One(1)•	Job Location: Ouakam, Dakar•	Job Function: HR / Administration / Operations•	Position Title: Human Resources & Administration Assistant – * Depending on the candidate’s experience, the position may be offered at the Officer level•	Employment Type: Fixed-term Contract (CDD)•	Contract Duration: 1 year (renewable upon evaluation)•	Probation Period: 1 monthII. Recruitment Schedule•	Application Deadline: May 8, 2026, 17:00•	Written Examination: May 18, 2026•	Interview: May 21, 2026•	Expected Start Date: June 1, 2026III. Job Description1. HR Support•	Preparation of payroll statements and management of payroll-related data•	Handling of income tax and social insurance reporting, and management of related legal compliance•	Support for recruitment processes, including job postings, interviews, and onboarding•	Support for employee welfare and benefits programs•	Handling HR-related administrative tasks, including responses to labor issues and insurance matters•	Execution of year-end tax settlement for employees2. Administrative Support•	Perform general office administrative tasks and support internal operations•	Drafting, managing, classifying, and archiving official and administrative documents•	Support for meeting and event arrangements, including booking venues and vehicles•	Purchasing office supplies and necessary materials, and managing vendors3. Accounting Support•	Support overall office financial operations and coordinate with banks and related institutions•	Prepare official documents related to fund management and support financial transactions4. Asset & Facility Management Support•	Support office lease agreements and facility operation/management•	Manage office vehicles, fuel expenses, and related records•	Handle administrative tasks related to vehicle maintenance and inspections, and coordinate with relevant organizations•	Respond to and report on office and vehicle-related incidents5. Miscellaneous•	Perform other duties assigned by supervisors•	Provide backup support for other departments during employee absencesIV. Qualifications1.  Requirements•	Minimum of University Degree level (Administrative or HR Certificate /Diploma or related)•	At least 5 years of relevant work experience•	Experience with IPRES, CSS, and CPR calculations•	Excellent knowledge of written and spoken English, French2.  Preferred Qualifications•	Good communication and reporting skills.•	Experience working with the Government of Senegal, international NGOs, or other agencies•	Ability to handle multiple tasks simultaneously•	A proactive and problem-solving mindset is essential•	Computer literacy (Word, Excel, PowerPoint) in both English and French.V. Remarks•	1 year fixed-term contract renewable after evaluation•	Only shortlisted candidates will be contacted for further procedures•	Applications received after the deadline will not be considered•	KOICA Senegal Office reserves all rights for the recruitment•	Salary and benefits will be in accordance with KOICA Senegal Office policies•	Failure to issue supporting documents like diplomas, professional experiences and information on the CV, before signing the contract, will result in the cancellation of the application",N/A,https://senjob.com/sn/jobseekers/human-resources---administration-assistant_e_161351.html
Opérateur Turbine,N/A,Dakar,"Maintenance, Entretien, Contrôle | Industrie Automobile, Mecanique, Navale",2026-04-14,2026-04-29,"Description du Poste•	Est responsable des opérations et de la maintenance de la Centrale Electrique•	Conduit les opérations et s’assurent qu’elles sont menées dans les règlesActivités et Responsabilités clés•	Régler les commandes pour produire la puissance électrique spécifiée ou pour réguler le flux d’énergie entre les centrales et les sous-stations.•	Contrôler la production du générateur afin d’assurer la concordance de la phase, de la fréquence et de la tension de l’électricité fournie aux panneaux.•	Surveiller et inspecter les équipements et indicateurs de la centrale afin de détecter des signes de dysfonctionnement.•	Faire fonctionner ou contrôler les équipements de production d’énergie, notamment les chaudières, turbines, générateurs et réacteurs, à l’aide de tableaux de contrôle ou d’équipements semi-automatiques.•	Mettre en service les générateurs électriques de secours en cas d’urgence et surveiller la température, la production et la lubrification du système.•	Réguler le fonctionnement et les conditions des équipements, tels que les niveaux d’eau, en se basant sur les données provenant des instruments d’enregistrement et d’indication ou des ordinateurs.•	Démarrer ou arrêter les générateurs, les équipements de pompage auxiliaires, les turbines et autres équipements de la centrale, et connecter ou déconnecter les équipements des circuits.•	La séquence de démarrage de la turbine doit être suivie conformément à la procédure opérationnelle standard (SOP).•	Aider au dépannage et à l’inspection des automates programmables, des systèmes de contrôle de la centrale et des systèmes de contrôle distribués, y compris le remplacement des cartes de contrôle et les terminaisons de câblage.•	Maintenir la propreté de toutes les zones de la centrale et de la salle de contrôle.•	Effectuer toute autre tâche qui pourrait être assignée par l’ingénieur de la salle de contrôle, selon les besoins.Qualifications et Expérience Professionnelle•	Un diplôme de licence ou l’équivalent en génie mécanique ou dans une discipline connexe.•	Un minimum de cinq (5) ans d’expérience pertinente dans le domaine des centrales électriquesAptitudes et compétences•	Excellentes aptitudes analytiques et de résolution de problèmes•	Excellentes compétences en communication orale et écrite•	Maîtrise des outils Microsoft Office.•	Compétences HSE liées au poste•	Savoir utiliser les moyens de lutte contre l’incendie ;•	Connaître les pictogrammes de danger ;•	Savoir dispenser les gestes de premiers secours ;•	Connaître les risques SST liés à ses activités ainsi que les dispositions de maîtrise ;•	Connaître les aspects et impacts environnementaux liés à ses activités ainsi que les dispositions de maîtrise ;•	Connaître les bons gestes et postures liés à la manutention de charges ;•	Connaître les dispositions relatives à la gestion des déchets.",N/A,https://senjob.com/sn/jobseekers/opérateur-turbine_e_161350.html
Chef de section électrotechnique,N/A,Dakar,"Maintenance, Entretien, Contrôle | Industrie Automobile, Mecanique, Navale",2026-04-13,2026-04-28,"Le Chef de section électrotechnique est chargé de gérer et coordonner les activités de maintenance du parc qui lui est rattaché. Il dirige les équipes placées sous sa responsabilité, en accord avec son n+1. Il veille au respect des règles et procédures en matière d’hygiène, de sécurité et de conditions de travail en vigueur.Il a également pour obligation de participer activement à la démarche Qualité, Hygiène, Sécurité et Environnement (QHSE) du Groupe, et de se conformer aux règles et procédures en vigueur dans l’exécution des tâches, notamment une application stricte des dispositions du code de bonne conduite. Ledit code étant transmis à chaque salarié.Responsabilités•	Périmètre des responsabilités : parc des groupes électrogènes, silos et outillage vrac (trémies, sauterelles, convoyeurs, ensacheuses), équipements froid et climatisation, équipements de production d’énergie photovoltaïque, travaux d’ordre électrique sur l’ensemble du parc ;•	Organiser les opérations de maintenance préventive et curative du périmètre,•	Distribuer et superviser les tâches correspondantes ;•	Faire le reporting des opérations effectuées et en rendre compte à son n+1 ;•	Veiller au maintien et à l’amélioration de la compétence technique de ses équipes, par l’évaluation et la formation ;•	Proposer des solutions techniques d’amélioration des équipements et installations ;•	Participer à la définition technique des nouvelles installations (Investissements) ;•	Exécuter toute tâche connexe à la demande de son supérieur hiérarchique.Profil•	Être titulaire d’un diplôme de niveau Bac +2 en maintenance ou domaine équivalent ou justifier d’une expérience professionnelle significative dans le domaine ;•	Avoir une expérience en management d’équipes ;•	Être ordonné, rigoureux, réactif et capable de travailler sous pression.",N/A,https://senjob.com/sn/jobseekers/chef-de-section-électrotechnique_e_161349.html
Magasinier,N/A,Dakar,"Achat, Supply Chain, Logistique, Transport | Transport, Logistique, Services postaux",2026-04-13,2026-04-28,"Le magasinier s’occupe de la gestion des hangars et à ce titre organise la réception, le stockage et la livraison de la cargaison.Il a également pour obligation de participer activement à la démarche Qualité, Hygiène, Sécurité et Environnement (QHSE) du Groupe, et de se conformer aux règles et procédures en vigueur dans l’exécution des tâches, notamment une application stricte des dispositions du code de bonne conduite. Ledit code étant transmis à chaque salarié.Responsabilités•	Le magasinier s’occupe de la marchandise qui entre et sort du magasin et assure une gestion optimisée du magasin ;•	Il reçoit des camions et vérifie que les biens qui entrent correspondent à la documentation de transport qui les accompagne ;•	Il inspecte la marchandise afin de s’assurer qu’elle est intègre et établit des réserves au besoin ;•	Le magasinier signe les bordereaux et les dossiers administratifs correspondants ;•	Il veille à ce que toute la marchandise soit bien stockée dans le respect des règles et procédures applicables, coordonne les réceptions ainsi que les enlèvements ;•	Le magasinier doit là encore s’assurer que la marchandise soit conforme avec la documentation présentée ;•	Il signe les b/l de réception et de livraison ;•	Il effectue toute tâche connexe à la demande de la hiérarchie.Profil•	Bac + 2 ou validation des acquis en Transport Logistique ou équivalent ;•	Bonne maîtrise de Microsoft Office ;•	Bon usage des moyens de communication ;•	Organisé ;•	Leader naturel ;•	Capacité de prise d’initiative ;•	Orienté solution ;•	Capacité de piloter une équipe vers la réalisation d’un objectif commun ;•	Procédures Opérationnelles Standards ;",N/A,https://senjob.com/sn/jobseekers/magasinier_e_161348.html
Comptable Général,N/A,Dakar,"Comptabilité, Finances, Gestion | Banque, Assurance, Finances",2026-04-13,2026-04-28,"L’Agent Comptable Général est chargé d’exécuter les tâches liées à la section en fonction de la liste des opérations décrite par son manager.Il a également pour obligation de participer activement à la démarche Qualité, Hygiène, Sécurité et Environnement (QHSE) du Groupe, et de se conformer aux règles et procédures en vigueur dans l’exécution des tâches, notamment une application stricte des dispositions du code de bonne conduite. Ledit code étant transmis à chaque salarié.Responsabilités•	Analyses des comptes ;•	Rapprochements bancaires ;•	Déclarations fiscales mensuelles (TVA ; Retenues sur Salaire ; IRPP ; BNC ; IPRESS ; CSS)•	Facturations administratives ;•	Régularisations et apurements par opérations diverses ;•	Reporting groupe (Consolidation) ;•	Saisies opérations diverses ;•	Participation à la clôture mensuelle ;•	Effectuer toute tâche connexe à la demande de son supérieur hiérarchique.Profil•	Être de niveau Bac + 3 minimum (BTS, DUT, Diplôme de Comptabilité et de Gestion -DCG-, …) ou validation des acquis en comptabilité, fiscalité, finance ou tout diplôme équivalent en comptabilité ;•	Avoir la maitrise de l’outil informatique (bureautique, Echange de données informatiques,•	Ou validation des acquis en gestion ;•	Avoir la maîtrise d’une ou plusieurs langue(s) étrangère(s), en particulier l’anglais.•	Avoir une bonne connaissance de nos outils comptables et bureautiques•	Bonne communication avec les autres services ;•	Sens de l’organisation.",N/A,https://senjob.com/sn/jobseekers/comptable-général_e_161347.html
Conducteur d’Engins,N/A,Dakar,"Achat, Supply Chain, Logistique, Transport | Transport, Logistique, Services postaux",2026-04-13,2026-04-28,"Le Conducteur d’Engins est chargé de manipuler et de déplacer des charges, ou des marchandises à l’aide d’engins spécifiques tels que des chariots élévateurs, des transpalettes, des grues…Il a également pour obligation de participer activement à la démarche Qualité, Hygiène, Sécurité et Environnement (QHSE) du Groupe, et de se conformer aux règles et procédures en vigueur dans l’exécution des tâches, notamment une application stricte des dispositions du code de bonne conduite. Ledit code étant transmis à chaque salarié.Responsabilités•	Contrôler l’état de fonctionnement de l’engin ;•	Positionner l’engin en fonction des manœuvres ;•	Réaliser les opérations de levage et de déplacement des charges selon les indications des équipes au sol ;•	Sécuriser l’engin de manutention et les équipements ;•	Réaliser la maintenance de premier niveau des machines et équipements ;•	Il effectue toute tâche connexe à la demande de la hiérarchie.Profil•	Avoir un niveau d’étude secondaire ;•	Être titulaire d’un permis de conduire toutes catégories ;•	Avoir un Certificat d’acuité visuelle ;•	Connaissance de la réglementation du transport de personnes ;•	Maitrise des règles de sécurité des produits Chargé ;•	Connaissance de l’environnement géographique ;•	Eléments de base en mécanique automobile.",N/A,https://senjob.com/sn/jobseekers/conducteur-d’engins_e_161346.html
Chef de Service SOCOFROID,N/A,Dakar,"Achat, Supply Chain, Logistique, Transport | Transport, Logistique, Services postaux",2026-04-13,2026-04-28,"Le chef de Service SOCOFROID est chargé de définir et superviser la gestion administrative (procédures, fonctionnement, affaires juridiques, …) et financière (trésorerie, contrôle de gestion, …) du service, selon les choix stratégiques adoptés par les instances dirigeantes et les réglementations (financières, fiscales et commerciales.En outre, il supervise toutes les activités de gestion de la facturation, administre les imputations et saisies, et coordonne les relations avec l’administration dans le cadre de la gestion des contentieux.Il a également pour missions de participer activement à la démarche Qualité, Hygiène, Sécurité et Environnement (QHSE) du Groupe, et de se conformer aux règles et procédures en vigueur dans l’exécution des tâches.Responsabilités•	Définir et mettre en place les procédures de gestion administrative et financière et les indicateurs nécessaires au suivi d’activité et au reporting à la direction ;•	Elaborer le budget prévisionnel des services, le présenter au supérieur hiérarchique et effectuer les ajustements le cas échéant ;•	Suivre l’évolution des résultats financiers et établir son plan de financement ;•	Superviser, contrôler la gestion de la trésorerie et émettre des recommandations sur l’allocation des ressources financières ;•	Superviser et coordonner l’action des services ;•	Assurer la gestion des litiges ;•	Faire le suivi des comptes clients ;•	Effectuer toute tache connexe à la demande de son supérieur hiérarchique.Profil•	Bac + 4 ou validation des acquis en transport logistique gestion ou en sciences juridiques ou équivalent ;•	Bon usage des moyens de communication ;•	Organisé ;•	Leader naturel ;•	Esprit d’équipe ;•	Capacité de prise d’initiative ;•	Orienté solution ;•	Curiosité technique ;•	Capacité de piloter une équipe vers la réalisation d’un objectif commun ;•	Fonctionnalités et rapports des outils métier (Qlikview, SPOT, Way,) ;•	Rapports financiers : P&L détaillé par unité COM (mensuel) ;•	Procédures Opérationnelles Standards ;•	Outils et documentation RH.",N/A,https://senjob.com/sn/jobseekers/chef-de-service-socofroid_e_161345.html
Coordonnateur Levage,N/A,Dakar,"Achat, Supply Chain, Logistique, Transport | Transport, Logistique, Services postaux",2026-04-13,2026-04-28,"Le Coordonnateur Levage a pour mission de veiller au bon état des grues et à leur affectation. Il est également chargé de s’assurer de la compétence des grutiers et de la bonne réalisation des travaux sur les chantiers. Il rend compte à sa hiérarchie dans ce domaine.Il a également pour obligation de participer activement à la démarche Qualité, Hygiène, Sécurité et Environnement (QHSE) du Groupe, et de se conformer aux règles et procédures en vigueur dans l’exécution des tâches, notamment une application stricte des dispositions du code de bonne conduite. Ledit code étant transmis à chaque salarié.Responsabilités•	Formation sur les équipements de levage et manutention spécifiques (grues, chariots élévateurs, etc.) ;•	Sensibilisation aux normes de poids, d’équilibrage et de transport sécurisé ;•	Savoir faire des plans de levage, de chargement, de circulation ;•	Identification et mitigation des risques spécifiques aux colis lourds (rupture d’équipements, sécurité, délais) ;•	Formation à la résolution de problèmes et à la gestion des imprévus.•	Capacité à gérer des projets logistiques complexes et de garantir la satisfaction client ;•	Amélioration mesurable de la performance opérationnelle et de la sécurité ;•	Simulation schéma de levage•	Plan d’arrimage et d’élingage ;•	Savoir-faire un plan cinématique de l’opération.•	Recevoir les commandes de grues ;•	Procéder à la ventilation des missions en fonction des grues, du type de chantiers, de l’heure•	d’embauche et de la nature des colis ;•	Effectuer la reconnaissance du lieu d’opération (stabilité du terrain, encombrement) et au choix du matériel approprié ;•	Assurer le suivi des réparations d’engins, et du planning de révision ;•	Assurer la formation continue des grutiers ;•	Confronter le pointage des bons d’utilisation des grues aux états de sorties de matériels ;•	Veiller à la compétence des grutiers et au respect des contraintes de temps (quarante heures par semaine) ;•	Effectuer toute tache connexe à la demande de son supérieur hiérarchiqueProfil•	Être titulaire d’un Bac+5 ou validation des acquis en Logistique & Manutention, complété par une expérience du domaine ;•	Avoir de l’expérience dans la conduite des équipes ;•	Maitrise des règles de sécurité des biens et des personnes ;•	Avoir une bonne acuité visuelle",N/A,https://senjob.com/sn/jobseekers/coordonnateur-levage_e_161344.html
Responsable des Ressources Humaines,N/A,Dakar,"Ressources Humaines, Formation | Organisation non gouvernementale, Association",2026-04-13,2026-04-28,"Bienvenue chez CANAL+ ! Séries, films, documentaires, émissions, sports, …Ce qui nous tient à cœur c’est de créer les meilleurs contenus et une expérience immersive pour nos millions d’abonnés : émotions et sensations garanties ! Et si vous passiez derrière l’écran ? Vous trouverez forcément votre place parmi nos 17 000 passionnés dans le monde ! Pour être au courant de nos dernières actualités, n’hésitez pas à nous suivre sur LinkedIn et X !Les équipes International ? nos équipes internationales développent les activités du Groupe CANAL+ sur le continent africain depuis plus de 30 ans avec une présence dans plus de 20 pays permettant de passer la barre des 9 millions d’abonnésPlus précisément, vous rejoindrez notre Direction Ressources Humaines Afrique Francophone, composée d’une trentaine de personnes, en charge d’accompagner l’ensemble de nos équipes opérationnelles. Au sein de cette direction, vous évoluerez sur le poste de Responsable Ressources Humaines Sénégal en pilotant un assistant RH chargé de l’appui administratif et du suivi opérationnel des missions RH. Vous serez garant de la mise en place des orientations stratégiques RH du Groupe dans nos filiales au Sénégal.Votre rôle et vos missionsParticiper à la définition de la stratégie RH•	Recueillir auprès des différentes directions de l’entreprise leurs besoins et attentes en termes de problématiques RH•	Proposer et faire valider la nature et l’échéancier des projets RH auprès de sa hiérarchie et de la direction.•	Effectuer une veille économique, juridique et sociale (suivi des stratégies RH des entreprises du secteur).Conseil, accompagnement des opérationnels et des managers•	Conseiller et accompagner les managers sur les différentes problématiques RH (droit du travail, formation, recrutement, contrats de travail, intégration des nouveaux collaborateurs, entretiens d’évaluation, gestion de carrière/mobilité, rémunération, gestion des IRP, procédures disciplinaires ou de licenciement…).•	Définir et veiller à l’application par les opérationnels de l’ensemble des procédures RH.•	Mise en place et pilotage des projets et de la politique RHPiloter et suivre les projets RH dans le cadre de la stratégie définie•	 Participer à la préparation du budget RH (contrôle de la masse salariale, plan de développement des compétences…).•	Mettre en place les outils de suivi et de reporting RH (tableaux de bord).•	Piloter l’élaboration du bilan social (collecte des données, mise en place d’indicateurs, alimentation du bilan…), en assurer l’analyse et la diffusion.Animation et négociation avec les partenaires sociaux•	Entretenir et animer les relations avec les instances représentatives du personnel (DP, Inspection du travail etc.)•	Communiquer auprès des partenaires sociaux sur le déploiement des actions RH.•	Organiser les élections des instances représentatives du personnel.•	Veiller à la mise en place et assurer le suivi juridique des accords conclus.Administration du personnel et développement RH•	Superviser l’administration de la paie et la gestion du personnel (paie, gestion des départs, déclarations sociales…).•	 Élaborer les tableaux de bord sociaux permettant de suivre l’activité du personnel (absentéisme, rémunération, congés, formation, compte épargne-temps…).•	Organiser le recueil des besoins formation, définir les orientations, élaborer le plan de développement des compétences et superviser sa réalisation.•	Garantir l’application de la réglementation sociale et les obligations légales en matière de protection sociale et de santé (Code du travail, convention collective, accords collectifs, règlement intérieur).Et si on parlait de vous ?•	Vous êtes diplômé d’un Bac+4/5 en gestion des ressources humaines, droit social ou sciences sociales•	Vous avez minimum 5 ans d’expérience sur un poste de RH Généraliste. Vous avez déjà occupé des fonctions de Responsable Ressources Humaines ou similaire•	Vous êtes polyvalent et avez des connaissances sur l’ensemble des disciplines RH (développement RH, paie, droit social)•	Vous savez faire preuve d’autonomie et de discrétion•	Vous disposez d’un excellent relationnel•	Vous savez faire preuve de rigueur et de réactivité•	Vous disposez d’un excellent relationnel•	Vous savez faire preuve d’initiatives•	Vous avez déjà travaillé avec un logiciel de paie",N/A,https://senjob.com/sn/jobseekers/responsable-des-ressources-humaines_e_161343.html
Prestataire en communication digitale,N/A,Dakar,"Marketing, Communication | Communication, Marketing, Médias",2026-04-13,2026-05-10,"Vous souhaitez mettre vos compétences en communication digitale au service d’une cause à fort impact ?Rejoignez une ONG engagée dans la lutte contre les cancers en Afrique sub-saharienne.À propos de nousL’Alliance Mondiale Contre le Cancer (cancer-amcc.org) est une ONG française qui agit dans les pays à ressources limitées pour améliorer le diagnostic, les soins et la recherche contre le cancer.Votre missionEn tant que Community Manager freelance, vous serez au cœur de notre visibilité digitale :•	Définir une ligne éditoriale claire et engageante•	Concevoir et publier 2 à 4 contenus par mois (posts + visuels simples)•	Valoriser nos actions, partenariats et impacts sur le terrain•	Suivre les performances et proposer des améliorationsConditions•	100% remote (candidats basés en Afrique subsaharienne fortement encouragés)•	3 à 5 jours / mois (forfait mensuel)•	Durée : 6 mois renouvelables•	Démarrage : 1er juin 2026Profil recherché•	Minimum 2 ans d’expérience en community management•	Excellentes capacités rédactionnelles (français / anglais, portugais apprécié)•	Maîtrise d’outils de création visuelle (ex : Canva)•	Sensibilité aux enjeux de santé globale•	Bonne connaissance du contexte africain (un vrai plus)Pourquoi nous rejoindre ?•	Contribuer concrètement à la lutte contre les cancers, notamment des enfants•	Collaborer avec une équipe internationale engagée•	Mission flexible et à fort impact",N/A,https://senjob.com/sn/jobseekers/prestataire-en-communication-digitale_e_161342.html
"Principal Officer, Policy – GIABA",N/A,Dakar,"Direction générale, Management | Services et Prestations aux Entreprises",2026-04-13,2026-04-28,"The Economic Community of West African States (ECOWAS) is a 12-member regional group mandated to promote economic integration, social cohesion, and political stability across West Africa. As a premier Intergovernmental Organization (IGO), ECOWAS operates through a robust institutional framework, led by the Commission and the Community Parliament, to harmonize policies, foster a « borderless » region, and uphold democratic governance for over 400 million citizens.Job DescriptionUnder the supervision of the Director, Policy and Research, the incumbent shall manage all issues related to Anti-Money Laundering and Countering the Financing of Terrorism (AML/CFT) policies – development, coordination, analysis, review and consultations with stakeholders. He/she shall support the ongoing policy work of the Financial Action Task Force and ensure that all adopted policies and frameworks are always made available to GIABA member States for possible adoption. He/she will act as the custodian of all AML/CFT policies on behalf of GIABA.  In addition, he/she shall act as the chief monitoring officer of emerging money laundering and terrorist financing (ML/TF) risks in GIABA member States and the ECOWAS region, providing member States with briefs and updates on emerging ML/TF risks on a continuous basis.Responsibilities•	Establish and maintain a robust ML/TF risk monitoring system for GIABA.•	Engage member States to collect relevant data, as required, to maintain an effective ML/TF risk monitoring system.•	Carry out policy analysis and review.•	Establish and maintain a network of Country Data Officers for the continuous operation of the ML/TF risk monitoring database.•	Continuously obtain, review and process relevant information and reports to feed into the risk monitoring database.•	Prepare and disseminate ML/TF risk advise, bulletins and reports on a regular basis.•	Engage member States and their institutions, Self-regulatory bodies and organisations and other stakeholders to dialogue on Risks, trends, and methods of ML/TF.•	Organize capacity building activities to support member States in the conduct of national risk assessment.•	Establish and maintain a Policy dialogue forum with the private sector.•	Participate and provide policy advice and risk analysis support in the conduct of mutual evaluations.•	Coordinate the preparation and submission of Annual Activity reports by member States.•	On an annual basis, provide a summary of AML/CFT activity report for each year to the GIABA Plenary in collaboration with member States.•	Conduct strategic reviews on Mutual Evaluations from time to time to highlight policy implications.•	Actively participate in the development of GIABA’s strategy document.•	Contribute to the development of the Directorate’s annual work plan.•	Perform any other task assigned by the supervisor.Qualifications•	Master’s degree (or equivalent) in Economics, Public Policy, Political Science, Public Administration, or a similar field from a recognized University.•	10 years of progressively responsible experience in AML/CFT including 5 years of relevant international work experience and/or 5 years at a supervisory level.•	Knowledge of policies and mechanisms in the areas on AML/CFT within the ECOWAS system.•	Demonstrated knowledge and understanding of the relevant aspects of anti-money laundering (ML) and countering the financing of terrorism (CFT) and in the establishment of a risk monitoring system.•	Demonstrated knowledge and understanding of the coordination and conduct of national money laundering (ML) and terrorism financing (TF) risk assessment and development of an action plan to mitigate identified risks.•	Knowledge of terminological and reference research techniques with the ability to use all sources of reference and information and to conduct complex research in the area of ML/TF.Additional InformationGrade: P5Annual Salary : UA 57,772.51/ USD 91,153.46",N/A,"https://senjob.com/sn/jobseekers/principal-officer,-policy-–-giaba_e_161341.html"
"HR Business Partner, People Experience, Human Resources",N/A,Dakar,"Ressources Humaines, Formation | Organisation non gouvernementale, Association",2026-04-13,2026-04-28,"PATH is a global nonprofit dedicated to achieving health equity. With more than 40 years of experience forging multisector partnerships and with expertise in science, economics, technology, advocacy, and dozens of other specialties, PATH develops and scales up innovative solutions to the world’s most pressing heath challenges.The HR Business Partner (HRBP) is a relationship centered, growth oriented advisor who supports managers, employees, and teams across PATH’s Global Health Programs (GHP) division. The HRBP plays a crucial role in navigating a complex, global, multi country, donor funded environment, supporting leaders across Africa, Asia, and the Americas.This role combines strategic partnership with hands on HR advisory, helping managers strengthen their leadership, shape effective organizational structures, and build inclusive, cohesive, and resilient teams. The HRBP works closely with Senior HRBPs, regional HRBPs, People Operations, and Shared Services to ensure employees and managers receive cohesive, timely, and culturally relevant HR support.The HRBP exercises strong judgment, cultural agility, and discretion, particularly when supporting sensitive employee matters or guiding leaders through organizational change.Key ResponsibilitiesAlign HR with Business Strategy•	Partner with divisional and program leadership to translate business priorities into people strategies and talent plans that support programmatic growth, transitions, and evolving country presence.•	Ensure HR guidance reflects the realities of donor funded program cycles, fluctuating workforce needs, and multi country operating environments.•	Use relationship centered partnership and cultural awareness to support shape people strategies that meet the needs of diverse teams working across regions and aligns with HR priorities.Advise on Talent and Structure•	Support workforce planning for program start-ups, scale-ups, transitions, and close outs.•	Advise managers on team structure, role clarity, capability needs, and succession readiness across matrixed, cross regional reporting environments.•	Identify and surface people risks early—including misalignment, morale challenges, and team dynamics—and escalate more complex issues to Senior HRBPs, the Deputy Director or PEx Direct, as appropriate.Coach and Develop Leaders•	Provide guided coaching to managers to strengthen communication, expectation setting, performance leadership, and relationship building skills.•	Prepare managers for complex or sensitive conversations and support them in navigating cross cultural interpersonal challenges.Support Change and Culture Work•	Support divisional transitions, restructuring, and role changes, ensuring clear, consistent communication and thoughtful stakeholder engagement.•	Reinforce desired leadership behaviors and ways of working, act as a PATH culture ambassador across global and diverse teams.•	Contribute to culture and engagement initiatives that strengthen equal partnership, resilience, and cohesion across multi country GHP teams.Use Data to Guide Decisions•	Analyze workforce trends, employee touchpoint themes, and team dynamics to identify risks and opportunities and provide actionable insights to managers.•	Use HR data to inform decisions around staffing, performance, team well being, and organizational strategy.•	Provide leaders with evidence driven recommendations that support operational effectiveness and organizational health.Collaborate Across HR•	Act as a connector between employees, managers, regional HRBPs, People Operations, Shared Services, and other HR teams to ensure aligned support.•	Simplify and clarify HR information, helping employees and managers navigate HR processes and reduce confusion.•	Partner with Senior HRBPs on complex or divisional HR matters and contribute to cross functional HR initiatives that improve the People Experience.Job Requirements•	Bachelor’s degree in Human Resources, Business, or a related field; or equivalent experience.•	5+ years’ experience in HR advisory, business partnering, or employee experience work.•	Experience supporting globally distributed teams across multiple time zones, regulatory contexts, and cultural environments.•	Strong relationship building, communication, influencing, and expectation management skills.•	Strong knowledge of organizational design, workforce planning, performance management, talent development, and employee relations•	Demonstrated ability to handle sensitive matters with discretion, empathy, and cultural agility.•	Experience in global health, international development, or donor funded environments is an advantage.•	Strong organizational, prioritization, and analytical problem solving skills.",N/A,"https://senjob.com/sn/jobseekers/hr-business-partner,-people-experience,-human-resources_e_161340.html"
Commercial(e) Terrain,N/A,Dakar,"Commercial, Vente, Business developpement | Distribution, Commerce, Import-Export",2026-04-13,2026-04-28,"•	Type de contrat : CDD•	Lieu : Dakar•	Rémunération : fixeNous cherchons une personne ayant pour mission de développer le portefeuille entreprises de 7LOC SN.Vous serez responsable de :•	Prospecter activement (terrain, appels, réseau)•	Obtenir des rendez-vous avec RH, DG, DAF•	Présenter et défendre l’offre 7LOC•	Gérer les objections•	Négocier et conclure•	Faire signer les conventions•	Atteindre vos objectifs mensuelsObligation de résultats•	Chaque semaine vous devrez rendre un reporting clair, Un compte rendu quotidien est également exigé pour :•	Nombre d’entreprises contactées, de rendez-vous obtenus, et de signatures•	Nombre Pipeline en cours•	Difficultés rencontréesProfil recherché•	Expérience en vente terrain•	Autonome et discipliné(e)•	Excellent(e) négociateur(trice)•	Capable de travailler sous pression•	Maîtrise Clickup, google drive et google calendar•	Bonne tenue vestimentaire exigéeConditions•	Salaire : à discuter lors de l’entretien•	Horaires flexibles selon objectifs•	Forte autonomie",N/A,https://senjob.com/sn/jobseekers/commercial-e--terrain_e_161339.html
Commercial terrain,N/A,Dakar,"Commercial, Vente, Business developpement | Distribution, Commerce, Import-Export",2026-04-13,2026-04-28,Nous recherchons des commerciaux pour la vente sur terrain.,N/A,https://senjob.com/sn/jobseekers/commercial-terrain_e_161338.html
Stagiaire – Assistant Media (Digital Finance Africa),N/A,Dakar,"Comptabilité, Finances, Gestion | Banque, Assurance, Finances",2026-04-13,2026-04-28,"Stagiaire – Assistant Media (Digital Finance Africa) (Télétravail)•	Localisation : Télétravail•	Type : Stage (non rémunéré)•	Entreprise : Nixacom AIÀ propos de Nixacom AINixacom AI est une entreprise technologique qui développe des solutions financières innovantes, notamment des systèmes de KYC basés sur l’intelligence artificielle ainsi que des solutions de prêt digital. L’entreprise évolue à l’intersection de la finance et de la technologie afin de soutenir les institutions financières et les plateformes digitales.Description du posteNous recherchons des stagiaires motivés pour accompagner le lancement et le développement de la plateforme Digital Finance Africa (DFA), une initiative média dédiée aux discussions sur la finance, la fintech et l’innovation digitale en Afrique.Ce stage est entièrement en télétravail et non rémunéré et permettra aux candidats d’acquérir une expérience concrète dans la création de contenu, la recherche et la gestion d’un projet média fintech.Responsabilités principales:•	Préparer des recherches sur les tendances fintech et les thématiques du secteur•	Identifier des invités potentiels pour les épisodes•	Participer à la préparation des interviews (briefs, questions, sujets)•	Contribuer à la promotion des épisodes sur les réseaux sociaux•	Aider à la coordination des enregistrements•	Produire des résumés et extraits de contenuProfil recherché•	Bonne maîtrise de l’anglais écrit et oral•	Intérêt pour la fintech, la finance ou la technologie•	Bonnes capacités de recherche et de communication•	À l’aise avec les plateformes digitales et les réseaux sociaux•	Capacité à travailler de manière autonome à distance•	Curiosité et intérêt pour l’innovation en Afrique",N/A,https://senjob.com/sn/jobseekers/stagiaire-–-assistant-media--digital-finance-africa-_e_161337.html
Commercial(e) Boutiques,N/A,Dakar,"Commercial, Vente, Business developpement | Distribution, Commerce, Import-Export",2026-04-13,2026-04-28,SAPROLAIT poursuit son développement au Sénégal et renforce son équipe commerciale.Nous recherchons un(e) Commercial(e) Boutiques motivé(e) pour rejoindre notre boutique à Dakar et participer activement à l’expérience client ainsi qu’au développement de notre chiffre d’affaires.Missions•	Conduire le véhicule de l’entreprise dans le respect du code de la route•	Développer et fidéliser un portefeuille clients•	Assurer la promotion et la vente de nos produits sur le marché en respectant la politique commerciale de l’entreprise•	Assurer le suivi des stocks et des encaissements•	Garantir l’excellence opérationnelle en boutique,N/A,https://senjob.com/sn/jobseekers/commercial-e--boutiques_e_161336.html
Responsable Financier,N/A,Dakar,"Comptabilité, Finances, Gestion | Banque, Assurance, Finances",2026-04-13,2026-04-28,"ResponsibilitiesThe Job holder is expected to (but not limited to):Prepare, develop and analyse monthly income statement with applicable accounting policies as per the group with Budget/reforecast variances along with necessary explanations on key items.Preparing, review and analyse monthly balance sheet schedules with major items of reconciliation like fixed assets, major accruals, receivable & other supporting details.Perform and review monthly reconciliations of inter-company balances and other balance sheet itemsRegular monitoring and in-depth review of all financial numbers and balancesProviding monthly schedule for consolidating into the monthly group reporting pack.Preparation of yearly budget & quarterly forecasting with the details, analytics and supporting info as required (Vessel Wise, etc) for Senegal BUCo-ordinating with BU Head and other Functional Heads for gathering necessary information for finalization of budget/forecast.",N/A,https://senjob.com/sn/jobseekers/responsable-financier_e_161335.html
Commercial(e) – Parcelles (Dior),N/A,Dakar,"Commercial, Vente, Business developpement | Distribution, Commerce, Import-Export",2026-04-13,2026-04-28,"Localisation: Parcelles, Dakar.Le/La Commercial(e) est responsable de développer et assurer les ventes d’une Agence Lapaire, en allant directement au contact des prospects sur le terrain, et en accueillant les clients en agence afin de leur proposer les services et produits Lapaire. Le/La Commercial(e) est le premier contact entre Lapaire et le client, son rôle est donc essentiel pour établir un premier contact de confiance. Il/elle travaille au quotidien avec l’équipe de l’Agence composée d’un Opticien et est sous la supervision du Responsable d’Agence.Sa mission se décompose en 3 volets:Développer les ventes de l’agence d’optique•	Aller directement au contact des prospects sur le terrain aux abords de l’agence, ou dans le périmètre de celle-ci•	Réaliser des actions de prospection clients ciblées selon le plan d’actions établi par le Responsable d’AgenceAssurer une bonne expérience client dès le seuil de l’Agence•	Assurer un accueil de qualité des visiteurs de l’agence en se rendant disponible et courtois•	Ecouter, comprendre et reformuler le besoin du prospect en posant les bonnes questions•	Présenter clairement le concept Lapaire et décrire les différentes offres aux prospects, répondre aux éventuelles questions du clientAccompagner le client dans son parcours d’achat•	Utiliser ses connaissances pour expliquer les bienfaits des lunettes de vue•	Conseiller les clients dans leur choix de montures•	Conseiller les clients dans leur choix en leur expliquant les différences entre les différents types de verres•	Maintenir la relation avec le client jusqu’à la livraison des lunettes•	Effectuer correctement l’enregistrement des prospects et des ventes dans le logiciel CRM, et participer à l’encaissement des clients ;Garantir un confort optimal pour nos clients en Agence•	Assurer le bon agencement et à la propreté des étagères de montures afin de mettre en valeurs nos produits•	Veiller à la propreté globale et au confort de l’agenceProfil recherché•	BAC + 2 minimum en Gestion commerciale ou formation similaire•	Une expérience en vente ou service client est fortement appréciée, cependant les débutants motivés et ayant l’envie d’apprendre et d’évoluer rapidement sont les bienvenus.•	Le/La candidat(e) doit être très à l’aise avec les nouvelles technologies, applications mobiles et logiciels sur tablette !Qualités personnelles pour réussir dans ce poste•	Altruisme: L’argent est important mais aider les autres vous donne plus de satisfaction•	Vous aimez parler mais aussi écouter ce que vos clients ont à vous dire et ce qu’ils veulent•	Dynamique: Vous ne manquez jamais d’énergie pour accueillir un nouveau client•	Positif: Vous ne montrez pas vos émotions et restez positif et engagé avec vos clients•	Très motivé et passionné: Vous cherchez toujours à dépasser vos objectifs•	Commercial dans l’âme: Vous êtes motivé par la performance et l’envie de convaincre•	Esprit d’équipe: Vous partagez votre expérience et vos connaissances avec votre équipe•	Toujours à l’heure !",N/A,https://senjob.com/sn/jobseekers/commercial-e--–-parcelles--dior-_e_161334.html
Gestionnaire d’indemnisation IARDT,N/A,Dakar,"Comptabilité, Finances, Gestion | Banque, Assurance, Finances",2026-04-13,2026-04-28,"Le rôle :Willis Towers Watson Sénégal une société de courtage d’assurance recherche un gestionnaire sinistre IARDT. Il ou elle sera sous la responsabilité du Responsable en Charge des sinistres IARDT.•	Assurer la gestion des sinistres IARDT notamment en automobile, transport, MRH, Responsabilité Civile, global de banque, Dégâts des eaux, Incendie, VOL, Bris de glaces, bris de machine, Tous risques informatiques, dommages électriques etc…•	Procéder à l’ouverture des dossiers sinistres dans les délais et réclamer aux assurés les pièces nécessaires à la gestion de leur sinistre•	Demander et négocier avec les assureurs les indemnisations des assurés•	Veiller à la désignation des experts par les assureurs dans les délais•	Collecter auprès de l’assuré les pièces réclamées par l’assureur et l’expert pour la bonne tenue de l’expertise et la mise à disposition rapide du rapport•	Etudier les rapports d’expertise au regard des dispositions contractuelles et légales pour une évaluation correcte du préjudice de l’assuré•	Assurer une bonne communication avec l’assuré sur l’évolution de son dossier•	Gestion quotidienne des courriers, emails et appels téléphoniques des Assureurs et des Clients•	Etablir et transmettre aux clients des états périodiques sinistres•	Faire les reporting sinistres demandés par le groupe, les clients ou les chargés de clientèle•	S’assurer que toutes les tâches sont accomplies conformément aux règles du métier et aux lignes directrices de conformité locales et celles du groupe.•	Travailler en collaboration avec le service financier pour la disponibilité rapide des chèques d’indemnité•	Veiller au respect strict des conventions liant l’entreprise et les assureurs•	Assurer le bon classement des dossiers en cours et terminés selon les règles prédéfinies•	Assurer la saisie et la mise à jour des dossiers dans les outils de travail (logiciel, états Excel etc…)•	Communiquer les problèmes potentiels avec le Responsable Hiérarchique.•	Faire les relances périodiques aux clients et aux assureurs pour une bonne évolution des dossiers•	Informer les chargés de clientèle de toute absence de garantie constatée•	Favoriser la bonne réputation de l’entreprise auprès de tous les agents et clients, tant internes qu’externes•	Effectuer toute tâche confiée par ses supérieurs hiérarchiques dans le cadre de la gestion.Profils recherchés :•	Diplôme en assurance minimum un DTA (diplôme de Technicien en Assurance) ou Bac + 3 en Assurance et tout autre diplôme équivalent•	Minimum 02 ans d’expérience dans une compagnie d’assurances ou courtage d’assurances•	Avoir une connaissance avérée en technique d’assurance et en droit•	Avoir de solides compétences en communication orale et rédactionnelle•	La maîtrise de l’anglais est un atout•	Connaissance des applications Microsoft Office (Word, Excel, Powerpoint) et capacité d’apprendre de nouveaux logicielsQualités requises :•	Avoir le sens de l’organisation, être méthodique, avoir une bonne capacité d’analyse et de synthèse•	Savoir travailler sous pression et gérer un flux important de dossiers•	Avoir le sens de l’écoute et la capacité de gestion des priorités•	Savoir s’adapter et pouvoir travailler en équipe•	Être responsable, réactif et dynamique",N/A,https://senjob.com/sn/jobseekers/gestionnaire-d’indemnisation-iardt_e_161333.html
Responsable d’Agence – Parcelles (Dior),N/A,Dakar,"Direction générale, Management | Banque, Assurance, Finances | Distribution, Commerce, Import-Export",2026-04-13,2026-04-28,"Localisation: Parcelles (Dior), DakarLe/La responsable d’Agence est responsable de la gestion d’une agence proposant des tests de vision gratuits et des lunettes de vue à prix abordable. Cette personne travaillera au quotidien sous la supervision d’un/e Responsable de Zone. Il/Elle devra superviser et manager une équipe composée de commerciaux et opticiens. Il/elle encadre, anime le personnel et accompagne son évolution professionnelle. Il/Elle organise, gère et développe son activité commerciale dans le respect de la politique commerciale de son entreprise. Il/elle veille à l’augmentation du chiffre d’affaires et de la marge commerciale.Missions:Connaître parfaitement son secteur et ses clients•	Connaître les produits et services Lapaire, ainsi que les besoins et envies des clients•	Accroître la notoriété de la marque et sensibiliser les clients potentiels au fait de bien voir et aux problèmes de vue.Développement des activités commerciales•	Mettre en œuvre les principaux objectifs qualitatifs et quantitatifs définis par la politique commerciale : satisfaction et fidélisation des clients, vie améliorées, chiffre d’affaires•	Planifier le chiffre d’affaires prévisionnel du magasin•	Identifier les besoins existants et les nouvelles attentes des clients et les partager avec les départements Marketing et Commercial,•	Mettre en place une stratégie locale, des plans d’actions commerciales spécifiques, organiser des animations commerciales ponctuelles et saisonnières.Manager et inspirer une équipe•	Réunir et former une équipe solide, en partageant ses connaissances et son expérience dans le domaine commercial•	Manager, motiver et aider au quotidien son équipe dans les contacts clients et les ventes•	Amener son équipe à atteindre et dépasser ses objectifs de ventes•	Partager et expliquer les objectifs de son équipe, soutenir les actions tendant vers leur réalisation.•	Gérer les plannings, répartir les tâches, animer les briefs et les réunions de bilan commercial avec l’équipe.Gérer les stocks et la comptabilité de la  boutique•	Assurer la comptabilité de la boutique, ainsi que l’enregistrement des dépôts et achats•	Gérer rigoureusement les stocks de la boutique, réaliser des inventaires régulièrement et partager les informations liées au stock avec la Direction•	Préparer des rapports financiers réguliers pour le management•	Veiller à la bonne tenue du magasin : propreté, rangement, aération etc.•	Assurer la comptabilité de la boutique, ainsi que l’enregistrement des dépôts et achats divers•	Traiter les réclamations des clients, fournisseurs, livreurs.Profil Recherché•	BTS ou Licence en Gestion Commerciale, Finance, Management avec au moins 3 années d’expérience en Management d’équipe, une expérience préalable en gestion de magasin est un atout  important.•	Compétences en vente et connaissance en analyse de données attendues•	Maîtrise des outils informatiques (excel, google suite).Qualités personnelles pour réussir dans ce poste•	Altruisme: L’argent est important mais aider les autres est bien plus satisfaisant•	Digne de confiance: Vous êtes quelqu’un de profondément intègre et responsable•	Organisé: Vous gérez votre petite entreprise comme un pro, sans zones d’incertitudes•	Motivé et passionné: Votre désir de réussite et votre passion pour votre métier vous porte•	Ambitieux: Vous cherchez toujours à dépasser vos objectifs et à continuer de grandir•	Leader: Vous savez inspirer et stimuler votre entourage en partageant vos connaissances•	Négociateur hors pair: Vous savez convaincre et influencer, en toute intégrité•	Empathie: Vous êtes à l’aise avec tout type de profil et savez rendre la conversation fluide",N/A,https://senjob.com/sn/jobseekers/responsable-d’agence-–-parcelles--dior-_e_161332.html
Chargé de communication,gmail,SALY (MBOU...,"Marketing, Communication | Organisation non gouvernementale, Association | Communication, Marketing, Médias",N/A,N/A,"À propos de nousL’association ALEFS intervient à SALY / MBOURl dans les domaines de l’éducation et de l’accompagnement des enfants et des femmes vulnérables.Forte de plusieurs années d’engagement et d’actions concrètes sur le terrain, ALEFS souhaite aujourd’hui renforcer sa communication pour :-mieux valoriser ses actions,-développer sa visibilité,-structurer ses outils,-et préparer des partenariats avec des acteurs institutionnels.Le posteNous recrutons un(e) Chargé(e) de communication opérationnel(le) capable de produire, organiser et diffuser les contenus de communication de l’association.-Il s’agit d’un poste très concret, orienté action, avec un impact direct sur la visibilité de l’association.-Vos missions-Communication quotidienne (priorité)Mettre à jour le site internet (WordPress)Rédiger des articles à partir des activités terrainAnimer les réseaux sociaux (Facebook, Instagram, TikTok)Élaborer et suivre un calendrier éditorialCréer des visuels simples (Canva)Réaliser de courtes vidéos (30 à 90 secondes)Participer à la diffusion d’une newsletter trimestrielleOrganiser les contenus (photos, vidéos, documents)-Objectif: remettre en place une communication régulière, structurée et fiable-Structuration des supports-Harmoniser les documents institutionnels (plaquette, supports, etc.)-Organiser une banque d’images et de vidéos-Mettre en forme les rapports d’activité-Appuyer la rédaction de projets et dossiers-Adaptation des contenusVous adaptez la communication selon les publics :Parrains et bénévolesDonateursGrand publicFuturs bénévoles / stagiairesPartenaires institutionnels-Profil recherchéIndispensable :Expérience antérieure de 5 ans en entreprise ou associationExcellente rédaction en françaisBonne maîtrise des réseaux sociauxConnaissance de WordPressMaîtrise de Canva (ou équivalent)Capacité à faire des montages vidéo simplesOrganisation, autonomie et rigueurBonne maîtrise des outils bureautiquesAtouts supplémentaires :Expérience dans une ONG ou associationConnaissance du contexte sénégalaisSensibilité aux enjeux sociauxMaîtrise de DropboxNotions d’anglais-Conditions-CDD de 6 mois renouvelable-Temps plein privilégié (¾ temps partiel possible)-Télétravail partiel avec présence à Saly (minimum 2 jours/semaine)-Rémunération selon profil et expérience-Évaluation à 6 mois-Pourquoi rejoindre ALEFS ?Un poste utile et concret, avec un impact directUne association reconnue localementUne grande autonomie dans le travailUne mission porteuse de sens",alefsenegal@gmail.com,https://senjob.com/sn/jobseekers/chargé-de-communication_e_161258.html
Agents distributeur,N/A,zone rural...,"Marketing, Communication | Services et Prestations aux Entreprises | Distribution, Commerce, Import-Export",N/A,N/A,"A propos de nous :SamaMbey SUARL est une entreprise sociale évoluant dans le domaine agricole.Nous intervenons dans de nombreuses régions du Sénégal. Sama Mbey vise à améliorer les conditions de vie des petits producteurs en milieu rural et veut les aider à sortir de la pauvreté.Chez SamaMbey les petits agriculteurs peuvent se financer s'ils ont le bon outil pour payer petit à petit en avance pour les intrants. Notre vision et objectif à travers notre Étoile polaire sont de travailler avec 1 million de petits producteurs à l’horizon 2026. En plus, SamaMbey Suarl s’engage dans le domaine du développement communautaire en menant  des actions de sensibilisation en nutrition, santé et hygiène.Intitulé du poste :Agent distributeurLocalisation :La prestation se déroulera en milieu rural, dans les zones d'intervention de Sama Mbey, réparties sur trois régions administratives du Sénégal : Matam  Bakel, Hamady Ounare, Matam, Thilogne Kolda    Dabo, Bourocco,Kounkane, Médina Yoro Foula, Tanaff, Vélingara Sédhiou / Ziguinchor Bignona, Bounkiling, Diattacounda, Marsassoum, Médina WandifaNombre de postes:36Type de contrat:Prestation de serviceRôles et responsabilitésLes agents distributeurs auront pour missions :1. VENTE & MOBILISATION- Développement commercial- Assister l'équipe de vente dans l'atteinte des objectifs de paquets finis- Réviser l'outil « Constitution de paquet 2026 » pour le maîtriser- Organiser les intrants selon l'outil de déchargement/chargement- Préparer des lots de paquets en avance- Assister à la formation distributeur organisée par le FC de la zone- Expliquer le contenu de chaque paquet au client- S'assurer que chaque client confirme avoir reçu 100 % des éléments inclus dans son paquet livré- Organiser les intrants restants pour assurer le chargement rapide du camion- Appuyer le chargement des intrants restants- Prospecter activement de nouveaux clients et fidéliser les producteurs existants2. LIVRAISON & SUIVI LOGISTIQUE- Gestion opérationnelle des livraisons- Être présent sur le site de livraison du début à la clôture.- Remplir les bordereaux de livraison.- Effectuer le décompte des paquets en début et fin de journée, et reporter les chiffres sur le bordereau.Cette liste n’est pas exhaustive, ces activités peuvent être adaptées aux besoins spécifiques de Sama Mbey, ainsi qu’aux objectifs et ressources disponibles.Compétences requises1. SAVOIR-FAIRE (Compétences techniques)- Expérience en vente et mobilisation communautaire en milieu rural.- Capacité à gérer des opérations logistiques (décomptes, bordereaux).- Connaissance du secteur agricole  (un atout).2. SAVOIR-ÊTRE (Qualités personnelles)- Force de persuasion : Capacité à convaincre les producteurs et motiver les VEs.- Rigueur et organisation : Respect strict des procédures de livraison et de reporting.- Autonomie et réactivité : Capacité à travailler en zone rurale avec des contraintes logistiques.- Esprit d’équipe : Collaboration étroite avec les VEs et le staff Sama Mbey.Autres compétences souhaitées:- Flexible : Sama Mbey est une organisation en pleine croissance qui se caractérise par des changements réguliers;- Humble : la personne est capable de partager ses connaissances tout en étant à l'écoute des défis des producteurs;- Efficace et proactif: la personne sait faire preuve d’autonomie et de créativité afin d’organiser ses activités;- Orienté vers l’action : la personne sait analyser les données et interpréter les chiffres afin de proposer et de développer des actions;- Ouvert aux retours constructifs.Le candidat idéal doit:- Avoir une expérience professionnelle antérieure dans le domaine du coaching/développement des compétences;- Être originaire de la zone pour laquelle il postule (myAgro recrute à travers plusieurs zones);Profil recherché- Minimum niveau Bac avec une expérience probante en agronomie, en développement communautaire ou dans un autre domaine connexe;- 1 an d’expérience prouvée et vérifiée en tant que agent de terrain;- Capacité à se focaliser sur l’atteinte des résultats;- Excellentes compétences en communication et en travail d’équipe,- Maîtrise orale et écrite, en français et wolof, mandingue, poular (selon la zone);- La connaissance d’autres langues locales est considérée un atout;- Maîtrise de l’outil informatique.Sama Mbey est un employeur garantissant l'égalité des chances. Nous célébrons la diversité et nous nous engageons à créer un espace inclusif permettant à tous les employés de se sentir valorisés pour leurs compétences, leurs expériences et leur point de vue unique. Sama Mbey offre des opportunités d'emploi égales à tous les employés et candidats sans distinction de race, de couleur, de religion, d'orientation sexuelle, de statut matrimonial/parental, d'origine nationale, d'âge, de handicap, d'opinion politique, de statut social, de statut d'ancien combattant, de génétique ou de toute autre base protégée par la loi applicable.",N/A,https://senjob.com/sn/jobseekers/agents-distributeur_e_161306.html
04 Assistant(e)s Techniques SAME (MATAM),N/A,matam,"Administration, Services généraux | Qualité, Sécurité, Environnement | Ingénierie, Etudes, Projets, Recherche | Organisation non gouvernementale, Association | Energie, Eau, Environnement",N/A,N/A,"NOM Assistant (e) technique ClimateRiceRÔLE Assistant.e TechniquesNIVEAU DE CONTRIBUTION V7MISSION SénégalBASE MatamDOMAINE Production /Mise en œuvre de projetsDEPARTMENT Mise en œuvre Projets MissionsCATÉGORIE PROFESSIONELLE Assistants(es) / Adjoints terrainACCOMPAGNÉ(E) NonGESTION D'ÉQUIPE NonBUDGET SNDKF0X0 - Dakar. Finanzas MisionesSUPERVISEUR  Chef de projetEXPLICATION DE CONTEXTEAction Contre la Faim met en œuvre au Sénégal des programmes visant à renforcer la résilience des communautés face à l’insécurité alimentaire, en intégrant de plus en plus les enjeux liés au changement climatique et à la durabilité des systèmes de production. Dans ce cadre, le projet ClimateRice vise à promouvoir des pratiques de riziculture durable dans la vallée du fleuve Sénégal, notamment à travers le développement du Système de Riziculture Intensive (SRI), permettant d’améliorer la productivité tout en optimisant l’utilisation de l’eau et en réduisant les émissions de gaz à effet de serre.Le projet s’inscrit également dans une approche innovante visant à explorer et développer des mécanismes de financement climatique, en particulier les crédits carbones, en partenariat avec des acteurs techniques et institutionnels tels que la SAED et CarbonFarm. Cette phase pilote constitue une étape clé pour tester la faisabilité technique et opérationnelle de ces approches, avec une perspective de mise à l’échelle à plus grande échelle en cas de résultats probants.ACCIÓN CONTRA EL HAMBRERÉSUMÉ DE JOB PROPOS GÉNÉRALL’Assistant(e) Technique appuie la mise en œuvre du projet Climate Rice en accompagnant les producteurs et productrices dans l’adoption des pratiques du Système de Riziculture Intensive (SRI), notamment les techniques de gestion optimisée de l’eau (AWD).Il/elle contribue au changement de pratiques agricoles à travers un appui technique de proximité et favorise l’engagement des acteurs communautaires. En collaboration avec le/la Chef(fe) de Projet, il/elle assure la collecte et la transmission des données du projet, notamment dans le cadre du système de suivi, rapportage et vérification (MRV).Il/elle travaille en lien étroit avec les partenaires (SAED, ANCAR, collectivités, organisations de producteurs) afin de garantir une mise en œuvre efficace et coordonnée du projet.FONCTIONS ET RESPONSABILITÉS PRINCIPALESObjectif 1: Assurer la représentation d’ACF auprès des partenaires locauxParticiper aux réunions de coordination avec les partenairesAssurer une collaboration étroite avec les acteurs communautaires et institutionnelsSensibiliser les producteurs et productrices aux objectifs du projet et favoriser leur adhésionPromouvoir la participation active des femmes et des jeunesObjectif 2: Assurer l’accompagnement technique des producteurs et productrices de riz• Participer à l´identification des producteurs et productrices et appuyer la formalisation des accords de participation au projet• Former et accompagner les producteurs sur les pratiques du SRI (repiquage, gestion de l’eau/AWD, fertilisation, etc.)• Assurer le suivi régulier des parcelles et appuyer la mise en œuvre des activités• Contribuer à la planification et à l’exécution des activités communautaires• Superviser les producteurs et productrices dans l’adoption de bonnes pratiques culturales du SRI (Planage, Semis, repiquage, désherbage, épandage d’amendement organique, gestion de la lame d’eau…)• Participer aux actions de sensibilisation sur la pratique SRI (radios, sessions communautaires)• Anticiper tout problème lié à la mise en œuvre des activités sur le terrain et participer à l´identification de solutions dans les meilleurs délaisObjectif 3 :Appuyer le Suivi, l’évaluation et capitalisation du projet Asurer le suivi opérationnel des activités et la mise à jour des plannings d’activités ;• Contribuer à la qualité, la collecte, la transmission des données (MRV) et l’archivage Participer au reporting (hebdomadaire, mensuel)• Appuyer le système de suivi-évaluation en lien avec le MEAL Officer Participer aux réunions de projet et aux cadres de concertation  *• Contribuer à la mise en place du mécanisme de redevabilité communautaire Réaliser toute autre tâche demandée par le management du projet.PROCESS MP2.1-P3 - ExecutionBESOINS DU POSTE COMPÉTENCESTravail en équipe Motivation Organisation et planification Communication efficace et synthèse Capacité d'analyse Négociation Orientation aux résultats Analyse et résolution des problèmes/conflitsCOMPÉTENCES, CONNAISSANCES ET AUTRES REQUIS-Bac +3/4 en Agronomie, Génie Rural, développement communautaire, Climatologie, Changement Climatique et Développement Durable, Economie Rurale, Environnement ou toute autre discipline équivalente.-Au moins 2 à 3 ans d’expérience dans la mise en œuvre ou l’animation de projets de développement, notamment dans les domaines de la sécurité alimentaire, du développement rural, du changement climatique ou des activités génératrices de revenus-Titulaire d’un permis pour la conduite de moto (obligatoire)-Bonne compréhension du cycle de gestion de projet.-Des enjeux liés au genre et au changement de pratiques (approches comportementales)  y-Bonne capacité de communication, d’animation et de facilitation communautaire-Bonnes capacités d’analyse et de rédaction ;-Maîtrise des outils informatiques et bureautique.-La maitrise des outils numériques de collecte de données est un atout-Connaissance des organisations paysannes et des dynamiques communautaires-Connaissance des principes d’agroécologie et des systèmes agricoles irrigués (idéalement riziculture)-Expérience dans un projet agricole, idéalement en lien avec la riziculture-Expérience en formation, accompagnement et encadrement de producteurs ou d’équipes multidisciplinaires et dans l’accompagnement des organisations paysannes ou faitières-Expérience dans des projets impliquant un changement de pratiques (agricoles ou communautaires)-Expérience de travail dans la région de Matam ou dans un contexte similaire-Bonne capacité d’organisation, de planification et sens de la rigueur-Capacité d’adaptation et flexibilité dans un environnement de travail dynamique.-Aptitude à travailler en équipe et à contribuer à un bon climat de travail-Capacité à travailler de manière autonome, avec esprit d’initiative-Bonne résistance au stress et capacité à gérer la pression ;-Capacités de communication, de médiation et de résolution de conflits-Capacité à évoluer dans un environnement multiculturel et multidisciplinaire-Intérêt pour l’apprentissage continu et le renforcement de ses compétencesENGAGEMENTS ENVERS L'ÉGALITÉ DES GENRES ET LA TOLÉRANCE ZÉRO AUX ABUSLe/la titulaire du poste est tenu(e) d’adopter un comportement conforme aux principes éthiques de l’organisation, de signaler toute situation de risque ou de violation et de contribuer à la création d’un environnement de travail sûr, respectueux et inclusif.",N/A,https://senjob.com/sn/jobseekers/04-assistant-e-s-techniques-same--matam-_e_161530.html
"Project Management Specialist (Local) Health or Education, RH",N/A,Dakar,"Direction générale, Management | Organisation non gouvernementale, Association",2026-04-13,2026-05-11,"Under the supervision of the designated OTLs, to conduct Bank’s technical-assistance operations due-diligence, monitor day-to-day technical-assistance operations management activities, and carry out day-to-day development-project operations management activities (under specific portfolio, particularly Health or Education sector) under the guidance of Project Team within approved costs, timeliness and quality, to ensure efficient execution of the bank’s mandate to support economic development in the associated member and non-member countries.Responsible for day-to-day communication, monitoring and implementation support to the project management units and executing agencies; supervision of project contract management and resources; preparation of implementation reports to the bank management, and proactive mitigation of project implementation issues. In addition, provide support in project preparation and appraisal, portfolio quality review, procurement review, and disbursement processes. Contribute to knowledge management agenda by identifying lessons learned from the projects.Key responsibilitiesProject Appraisal:•	Provide technical and professional support to the Operations Team Leader or lead when assigned, the pipeline development and preparation of project appraisals and comprehensive due diligence of the technical, financial, procurement, institutional, economic, social and environmental aspects of the project proposals ensuring the same are in line with the operations manual and applicable policies/procedures of the Bank.•	Liaise with the respective Sector Teams in CPO to further refine and enhance the project appraisal documents prior to submission for the Board approval.Project Implementation and Monitoring:•	Coordinate with the respective Operations Team Leader, in all aspects of the project implementation to ensure projects are completed as per the project charter/plan.•	Lead the preparation of periodic project implementation assessment and support reports for each project under the portfolio to ensure implementation issues and proposed actions are documented as a reference and for smooth execution.•	Maintain adequate, up-to-date, and accurate project information and key records in the bank’s operations management system.•	Assess implementation progress of Bank’s approved operations and provide feedback/recommendations on bank’s position to relevant authorities/stakeholders.•	Contribute to maintenance of project implementation plans to ensure ongoing monitoring of project progress, pro-active identification of issues, recommendation and implementation of action plans to resolve issues promptly.•	Review implementation quality and progress of Bank’s approved operations and provide recommendations for improvements to the relevant authorities/stakeholders.•	Provide inputs to the Procurement and Financial Management staff to ensure procurement of materials and disbursal of funds for the projects are in line with the policies of the Bank.•	Monitor contracts and financial management activities of the projects and provide recommendations on bank’s position to relevant authorities/stakeholders.Project Closure and Review:•	Provide inputs to the Task Team Leader or lead as assigned in the development of project completion reports, at the completion of each project•	Compile inputs for the Sectoral Teams in CPO ensuring lessons learnt during the project implementation are recorded as reference for the future projects.General Project Management:•	Provide inputs to Operations Team Leader during the operational cycle of the projects to ensure necessary operational policies and procedures are followed and improvements suggested are being implemented.•	Support Operations Team Leader in engaging external expertise according to the bank’s procurement policy, to complement internal resources, ensuring quality project due diligence, implementation and lessons mining.Job requirements•	Bachelor’s degree in Public Health, Education, Project Management, Engineering, Economics or related fields.•	Additional qualification or certification in Project Management/PMP would be desirable.•	Minimum 5 years of experience in project management, preferably in the development sector with an MDB or an International NGO.•	Languages: English: Mandatory l French: Mandatory",N/A,"https://senjob.com/sn/jobseekers/project-management-specialist--local--health-or-education,-rh_e_161331.html"
03 Business Analysts,N/A,Dakar,"Informatique, Télécoms, Réseaux | Industrie Informatique, Télécoms, Téléservices",2026-04-13,2026-04-28,"Nous recrutons 03 Business Analysts pour le compte d’un de nos clients spécialisé dans la création de solutions numériques innovantes.Missions et Responsabilités:Analyse des besoins métier•	Recueillir et formaliser les besoins fonctionnels auprès des parties prenantes internes du client•	Produire des documents de spécifications fonctionnelles clairs et structurés (BRD, user stories)•	Analyser les processus existants et identifier les axes d’amélioration et d’optimisationReporting et tableaux de bord•	Concevoir, développer et maintenir des tableaux de bord et rapports de performance•	Assurer la qualité, la fiabilité et la mise à jour des données analytiques•	Présenter les indicateurs clés (KPIs) aux équipes dirigeantes lors des revues périodiquesGestion de projet et coordination•	Collaborer avec les équipes techniques, métier et direction pour assurer l’alignement des livrables•	Suivre l’avancement des initiatives, identifier les risques et proposer des plans d’action•	Rédiger les comptes rendus de réunions, plans de test et documentation de recetteTransfert de données et transition•	Participer au transfert structuré de l’ensemble des fichiers, dashboards et rapports vers les plateformes du client•	Documenter les procédures et assurer la continuité opérationnelle lors des transitionsProfil:Formation•	Minimum Bac +3 en Gestion, Informatique de gestion, Data Analytics, Finance ou domaine équivalent•	Certification en Business Analysis (CBAP, PMI-PBA) ou Data Analytics appréciéeExpérience•	Au moins 1 an d’expérience en tant que Business Analyst ou dans un rôle similaire•	Expérience avec des clients internationaux ou en environnement anglophone fortement souhaitée•	Maîtrise des environnements SaaS, ERP ou plateformes de reporting (Power BI, Tableau, Google Looker Studio)Compétences techniques•	Maîtrise avancée de Microsoft Excel / Google Sheets (formules complexes, tableaux croisés dynamiques)•	Connaissance des outils de gestion de projet : Asana, Jira, Trello ou équivalent•	Capacité à rédiger des spécifications fonctionnelles et user stories•	Notions en SQL ou manipulation de données appréciées•	Compétences comportementales•	Excellentes capacités de communication écrite et orale en anglais•	Rigueur, sens de l’organisation et autonomie dans le travail à distance•	Orienté(e) résultats, proactif(ve) et force de proposition•	Capacité à travailler en équipe multiculturelle et en décalage horaire",N/A,https://senjob.com/sn/jobseekers/03-business-analysts_e_161330.html
Commercial Terrain,N/A,Dakar,"Commercial, Vente, Business developpement | Distribution, Commerce, Import-Export",2026-04-11,2026-04-25,"À la recherche d’un vendeur d’articles de souvenirs dans les lieux touristiques tels que l’île de  Gorée, marché artisanal de Sandaga etc..Qualités requises :•	Une personne chaleureuse, sérieuse avec une bonne communication•	Sociable et professionnel.Date de prise de poste : immédiatement",N/A,https://senjob.com/sn/jobseekers/commercial-terrain_e_161328.html
Responsable Recherche et Développement Produits agroalimentaire,N/A,Dakar,N/A,2026-04-11,2026-04-25,N/A,N/A,https://senjob.com/sn/jobseekers/responsable-recherche-et-développement-produits-agroalimentaire_e_161326.html
Agent de Sécurité,N/A,Dakar,"Qualité, Sécurité, Environnement | Sécurité, Surveillance, Défense, Armée",2026-04-11,2026-04-25,"Dossier de candidature•	2 photos d’identité•	Demande manuscrite•	Photocopie de la pièce d’identité•	Certificat médical•	Certificat de domicile ou de résidence•	Casier judiciaire de moins de 3 moisConditions requises•	Âge : 21 à 56 ans•	Diplôme : non requis•	Apte physiquement•	Savoir lire, écrire et parler français•	Nationalité sénégalaiseLieu du poste : Rufisque, Dakar",N/A,https://senjob.com/sn/jobseekers/agent-de-sécurité_e_161325.html
Assistant Comptable,N/A,Dakar,"Comptabilité, Finances, Gestion | Banque, Assurance, Finances",2026-04-11,2026-04-25,"Société spécialisée dans la gestion des opérations de Transport International, Logistique, Transit et Dédouanement recrute un-e Assistant-e Comptable.Missions principales•	Facturation des dossiers•	Traitement des factures clients et fournisseurs•	Enregistrement quotidien des opérations dans les livres comptables•	Suivi des opérations bancaires et comptables•	Relance et recouvrement des factures impayées•	Appui à l’établissement des états mensuels de la situation comptable•	Appui à la préparation des déclarations fiscales et socialesProfil•	Vous êtes le-la meilleur-e candidat-e pour ce poste si vous êtes issu-e d’une formation supérieure en Comptabilité et Gestion, et justifiez d’une expérience réussie dans le domaine.•	Rigoureux-se et méthodique, vous êtes doté-e d’une bonne compréhension des procédures comptables et fiscales.•	Capable de travailler seul-e et en équipe, vous avez de réelles capacités à prendre des initiatives et à proposer des solutions pour relever les défis du quotidien.•	Une expérience de travail dans une société de Transport, Logistique et/ou de Transit est un réel atout pour être rapidement opérationnel-le à ce poste.•	Une bonne maitrise de l’outil informatique et du Logiciel Sage Comptabilité est impérative.Pourquoi nous rejoindre ?Derrière le succès de notre entreprise, se cache une équipe motivée, qui aime relever de grands défis. Depuis 17 ans, nous nous sommes engagés en faveur de l’égalité et de la diversité, et avons réussi à construire une équipe forte qui se retrouve autour de 5 valeurs fondamentales : Priorité au client, Professionnalisme, Respect, Attitude positive et Équilibre.Notre équipe est animée par ces valeurs, et des principes qui placent le client au centre de nos préoccupations. Ces clients, qui nous font confiance, sont répartis dans le monde entier. Nous vous proposons de venir découvrir notre univers et d’intégrer une équipe de collaborateurs qualifiés et passionnés par notre métier. En nous rejoignant, vous pourrez accompagner la croissance de notre entreprise et développer vos talents.",N/A,https://senjob.com/sn/jobseekers/assistant-comptable_e_161324.html
Chauffeur,N/A,Dakar,"Achat, Supply Chain, Logistique, Transport | Transport, Logistique, Services postaux",2026-04-11,2026-04-25,"Le chauffeur est chargé d’assurer le transport et la livraison des produits de l’entreprise dans le respect des délais et des consignes. Il veille au bon état du véhicule, garantit la sécurité des marchandises et assure une conduite responsable.Il participe également au chargement et au déchargement des produits, tout en maintenant une bonne relation avec les clients lors des livraisons. Sérieux, ponctuel et organisé, il représente l’image de l’entreprise sur le terrain.",N/A,https://senjob.com/sn/jobseekers/chauffeur_e_161323.html
Clinical Trial Coordinator (Consultancy),N/A,Dakar,"Santé, Médical, Pharmacie, Sport | Santé, Social, Sport",2026-04-11,2026-04-25,"We’re Hiring: Clinical Trial Coordinator (Consultancy).The Medical Research Council Unit The Gambia at the London School of Hygiene & Tropical Medicine is seeking an experienced Clinical Trial Coordinator to support a Phase 1/2a Rift Valley Fever (RVF) vaccine trial in collaboration with the Coalition for Epidemic Preparedness Innovations and Institut Pasteur Dakar.Location : Dakar, Senegal (with travel to Northern Senegal and The Gambia)Duration : 18 months (with potential extension)About the RoleYou will coordinate clinical trial activities across multiple sites, ensuring high-quality study conduct and effective stakeholder engagement.Key Responsibilities•	Coordinate clinical trial operations across sites•	Ensure compliance with ICH-GCP standards•	Liaise with MRCG, IPD, and investigator teams•	Monitor timelines, risks, and study performance•	Lead reporting, documentation, and communicationsRequirements•	Medical degree with clinical trial experience•	Strong project and stakeholder management skills•	Fluency in French & English (mandatory)•	Experience in resource-constrained settings•	Knowledge of clinical trial operations and GCPTerms of Reference (ToR)Access the full ToR here",N/A,https://senjob.com/sn/jobseekers/clinical-trial-coordinator--consultancy-_e_161322.html
36 Agents Distributeurs,N/A,Dakar,"Maintenance, Entretien, Contrôle | Industrie Agro-alimentaire | Industrie Manufacturière, Production, Fabrication",2026-04-10,2026-04-25,"Réf : TDR 005.AD/SAMA MBEY/2026A propos de nous :Sama Mbey SUARL est une entreprise sociale évoluant dans le domaine agricole. Nous intervenons dans de nombreuses régions du Sénégal. Sama Mbey vise à améliorer les conditions de vie des petits producteurs en milieu rural et veut les aider à sortir de la pauvreté. Chez SamaMbey les petits agriculteurs peuvent se financer s’ils ont le bon outil pour payer petit à petit en avance pour les intrants.Notre vision et objectif à travers notre Étoile polaire sont de travailler avec 1 million de petits producteurs à l’horizon 2026.En plus, SamaMbey Suarl s’engage dans le domaine du développement communautaire en menant des actions de sensibilisation en nutrition, santé et hygiène.Localisation :La prestation se déroulera en milieu rural, dans les zones d’intervention de Sama Mbey, réparties sur trois régions administratives du Sénégal :•	Matam, Bakel, Hamady Ounare, Thilogne•	Kolda, Dabo, Bourocco,Kounkane, Médina Yoro Foula, Tanaff, Vélingara•	Sédhiou, Ziguinchor Bignona, Bounkiling, Diattacounda, Marsassoum, Médina WandifaNombre de postes : 36Conditions•	Rémunération prévue : 110 000 FCFA brut•	Transport : 50 000 FCFA•	Type de contrat : Prestation de serviceRôles  et responsabilitésLes agents Distributeur auront pour missions :1. Vente & mobilisation•	Développement commercial•	Assister l’équipe de vente dans l’atteinte des objectifs de paquets finis•	Réviser l’outil « Constitution de paquet 2026 » pour le maîtriser•	Organiser les intrants selon l’outil de déchargement/chargement•	Préparer des lots de paquets en avance•	Assister à la formation distributeur organisée par le FC de la zone•	Expliquer le contenu de chaque paquet au client•	S’assurer que chaque client confirme avoir reçu 100 % des éléments inclus dans son paquet livré•	Organiser les intrants restants pour assurer le chargement rapide du camion•	Appuyer le chargement des intrants restants•	Prospecter activement de nouveaux clients et fidéliser les producteurs existants2. Livraison & suivi logistique•	Gestion opérationnelle des livraisons•	Être présent sur le site de livraison du début à la clôture.•	Remplir les bordereaux de livraison.•	Effectuer le décompte des paquets en début et fin de journée, et reporter les chiffres sur le bordereau.Cette liste n’est pas exhaustive, ces activités peuvent être adaptées aux besoins spécifiques de Sama Mbey, ainsi qu’aux objectifs et ressources disponiblesCompétences requises1. Savoir-faire (Compétences techniques)•	Expérience en vente et mobilisation communautaire en milieu rural.•	Maîtrise des outils de reporting (Excel, logiciels de suivi comme Express).•	Capacité à gérer des opérations logistiques (décomptes, bordereaux).•	Connaissance du secteur av (un atout).2. Savoir-être (Qualités personnelles)•	Force de persuasion : Capacité à convaincre les producteurs et motiver les VEs.•	Rigueur et organisation : Respect strict des procédures de livraison et de reporting.•	Autonomie et réactivité : Capacité à travailler en zone rurale avec des contraintes logistiques.•	Esprit d’équipe : Collaboration étroite avec les VEs et le staff Sama Mbey.Autres compétences souhaitées:•	Flexible : Sama Mbey est une organisation en pleine croissance qui se caractérise par des changements réguliers;•	Humble : la personne est capable de partager ses connaissances tout en étant à l’écoute des défis des producteurs;•	Efficace et proactif: la personne sait faire preuve d’autonomie et de créativité afin d’organiser ses activités;•	Orienté vers l’action : la personne sait analyser les données et interpréter les chiffres afin de proposer et de développer des actions;•	Ouvert aux retours constructifs.Le candidat idéal doit:•	Avoir    une    expérience    professionnelle    antérieure    dans    le    domaine    du coaching/développement des compétences;•	Être originaire de la zone pour laquelle il postule (myAgro recrute à travers plusieurs zones);Profil recherché•	Minimum niveau Bac avec une expérience probante en agronomie, en développement communautaire ou dans un autre domaine connexe;•	1an d’expérience prouvée et vérifiée en tant que agent de terrain;•	Capacité à se focaliser sur l’atteinte des résultats;•	Excellentes compétences en communication et en travail d’équipe,•	Maîtrise orale et écrite, en français et wolof, mandingue, poular (selon la zone)•	La connaissance d’autres langues locales est considérée un atout•	Maîtrise de l’outil informatiqueSama Mbey est un employeur garantissant l’égalité des chances. Nous célébrons la diversité et nous nous engageons à créer un espace inclusif permettant à tous les employés de se sentir valorisés pour leurs compétences, leurs expériences et leur point de vue unique. Sama Mbey offre des opportunités d’emploi égales à tous les employés et candidats sans distinction de race, de couleur, de religion, d’orientation sexuelle, de statut matrimonial/parental, d’origine nationale, d’âge, de handicap, d’opinion politique, de statut social, de statut d’ancien combattant, de génétique ou de toute autre base protégée par la loi applicable.Si vous croyez être la personne que nous recherchons, merci de remplir le formulaire suivant : LienDernier délai : 30 avril 2026 à 17H 30mnN.B. :•	Seul(e)s les candidat/es présélectionné/es seront contacté(e)s pour les prochaines étapes.•	Les dossiers de candidatures jugés incomplets ou non conformes au profil recherché ne seront pas examinés.•	Sama Mbey se réserve le droit de traiter les candidatures progressivement et d’écourter la durée de l’offre dès qu’il aura trouvé le/la candidat(e) idéal (e).•	Sama Mbey se réserve le droit de demander les copies légalisées des diplômes et attestations ou certificats de travail, le casier judiciaire, la pièce d’identité et le certificat d’aptitude médicale du/de la candidat (e) retenu(e).« Les candidatures féminines sont fortement encouragées ».NB: Merci de postuler uniquement pour votre  zone de résidence car le logement est à la charge du distributeur.",N/A,https://senjob.com/sn/jobseekers/36-agents-distributeurs_e_161321.html
People Operations Specialist (Chargé RH),N/A,Dakar,"Ressources Humaines, Formation | Organisation non gouvernementale, Association",2026-04-10,2026-04-25,"1. Pourquoi Myriad ?Myriad développe des plateformes technologiques et des services financiers digitaux qui accompagnent banques, fintechs et institutions de microfinance en Afrique.Depuis plus de 20 ans, nous construisons des infrastructures robustes qui permettent d’élargir l’accès aux services financiers.Aujourd’hui, Myriad est en pleine transformation.Croissance, structuration, exigence de performance : notre organisation évolue rapidement.Dans ce contexte, la fonction RH joue un rôle clé.Nous recherchons un(e) People Operations Specialist capable de garantir une exécution RH irréprochable, fiable et structurée.2. Votre missionVotre mission est simple à formuler, mais exigeante à exécuter : Assurer un fonctionnement RH fluide, fiable et structuré au quotidien, tout en contribuant à construire une organisation scalable et performante.Vous êtes au cœur de l’exécution RH et vous êtes la personne qui fait que “ça tourne”.•	Garantir des opérations RH irréprochables•	Gérer l’ensemble du parcours collaborateur (onboarding, mobilité interne, offboarding, visites médicales…)•	Assurer la gestion et la fiabilité des dossiers du personnel (contrats de travail, avenants, documents administratifs).•	Garantir la conformité des pratiques RH avec la réglementation du travail applicable•	Suivre les absences, congés et obligations administratives•	Assurer une gestion de la paie fiable (internalisée) :•	Collecter, vérifier et consolider les variables de paie•	Garantir la cohérence et la fiabilité des données•	Identifier et corriger les anomalies•	Répondre aux questions des collaborateurs•	Soutenir le recrutement et la croissance des équipes•	Participer à la définition des besoins•	Rédiger et diffuser les offres•	Préqualifier les candidats•	Structurer les pipelines de recrutement•	Contribuer au développement des compétences :•	Aider à identifier les besoins de formations•	Suivre les actions de formation.•	Participer à l’organisation des formations en interne ou externe.•	Améliorer les processus et outils RH en continu•	Proactivité dans l’amélioration des processus RH : vous serez chargé(e) de proposer des solutions pour optimiser les processus internes, simplifier les procédures et contribuer à l’innovation des pratiques RH chez Myriad•	Maintenir à jour les politiques et procédures RH•	Participer à la structuration des outils RH•	Contribuer à une organisation plus efficace et scalable•	Etre un point de référence pour les équipes :•	Accompagner les managers et les collaborateurs sur leurs sujets RH.•	Participation à l’organisation d’événements RH internes (team building, séminaires, etc.) avec l’aide de l’Office Manager.•	Collaborer avec l’Office Manager (logistique, visas et organisation de voyages)3. Comment se mesurera votre succèsDans les 2 premiers mois :•	Vous aurez pris en main l’ensemble des processus RH•	Vous aurez fiabilisé les données collaborateurs et les bases administratives•	Vous aurez sécurisé la gestion de la paieDans les 4 mois :•	les processus RH seront plus structurés et fluides•	les managers auront des réponses claires et rapides•	les erreurs opérationnelles auront été significativement réduitesAu bout de 6 mois :•	La fonction People Operations sera fiable, structurée et scalable•	Vous serez identifié(e) comme un pilier de l’organisation RH4. Ce que vous apportezCompétences professionnelles :•	Minimum 5 ans d’expérience en People Operations / RH généraliste•	Une excellente maîtrise des opérations RH•	Une bonne connaissance du droit du travail•	Une forte rigueur et sens du détail•	Une capacité à gérer plusieurs sujets simultanément•	Une excellente maîtrise du français et de l’anglais•	Une expérience en environnement tech ou startup est un plusPour réussir dans ce role, vous êtes :•	fiable : on peut compter sur vous•	structuré(e) : vous aimez l’ordre et la clarté•	exigeant(e) : vous ne laissez pas passer les erreurs•	proactif(ve) : vous améliorez ce qui existe•	discret(e) : vous respectez la confidentialitéNous recherchons des collaborateurs(trices) extrêmement motivé(e)s qui donnent le meilleur d’eux même. En retour, vous travaillerez dans un environnement bienveillant, notre culture est axée sur la formation, l’innovation, l’engagement et la passion.5. Ce que Myriad peut vous offrir :•	Un rôle clé dans une organisation en transformation•	Un environnement international, exigeant et stimulant•	Une forte autonomie et responsabilisation•	Des opportunités de développement rapideAvantages :•	Assurance 100 % (NSIA)•	Déjeuners d’équipe deux fois par semaine•	Télétravail hybride•	Nous garantissons l’égalité des chances et valorisons la diversité.Nos valeurs nous guident : Nous nous soucions sincèrement les uns des autres et nous sommes passionnément curieux. Nous assumons la responsabilité du succès de Myriad et nous agissons avec fierté, transparence et intégrité",N/A,https://senjob.com/sn/jobseekers/people-operations-specialist--chargé-rh-_e_161320.html
Responsable People & Culture,N/A,Dakar,"Direction générale, Management | Organisation non gouvernementale, Association",2026-04-10,2026-04-25,"Depuis 2020, Tanél œuvre pour rendre la santé plus simple, plus digitale et plus accessible en Afrique de l’Ouest. Présente aujourd’hui au Sénégal et en Côte d’Ivoire, notre équipe grandit vite et nous cherchons une personne passionnée par la culture d’entreprise et le développement humain pour rejoindre l’aventure.Votre missionFaire de Tanel un lieu où chacun peut s’épanouir, grandir et contribuer à un projet porteur de sens.Vous serez le point de référence pour la culture, la performance et le bien-être des équipes à Dakar et à Abidjan.Vos responsabilitésCulture & engagement•	Promouvoir les valeurs de Tanel et faire vivre notre culture au quotidien•	Créer des initiatives qui renforcent la cohésion entre les bureaux (événements, communications internes, moments d’échange)•	Prendre le pouls de l’équipe et proposer des actions concrètes pour maintenir un environnement positif et inclusifPerformance & développement•	Accompagner les managers dans la définition d’objectifs clairs et la mise en place de feedbacks réguliers•	Concevoir et animer les processus d’évaluation de la performance•	Identifier les besoins en formation et piloter des programmes de développement des compétencesSupport aux équipes•	Être à l’écoute des collaborateurs et soutenir la résolution des difficultés relationnelles ou organisationnelles•	Faciliter la communication entre les équipes et la direction•	Travailler en étroite collaboration avec le RAF pour assurer la cohérence entre les aspects administratifs et humains de la fonction RHLeadership & accompagnement•	Conseiller la direction sur l’organisation, la gestion des talents et le climat social•	Être le garant du respect des valeurs de respect, de collaboration et de professionnalismeProfil recherché•	4 à 7 ans d’expérience en ressources humaines, people operations ou développement organisationnel•	Excellentes capacités relationnelles et sens de la confidentialité•	Esprit positif, sens de l’écoute et goût pour la proximité avec les équipes•	Capacité à travailler dans un environnement en croissance rapide•	Maîtrise du français, anglais appréciéPourquoi rejoindre Tanel•	Une équipe jeune, engagée et animée par une mission à fort impact social•	Un environnement de travail moderne et collaboratif entre Dakar et Abidjan•	L’opportunité de contribuer à construire une culture d’entreprise solide et inspirante",N/A,https://senjob.com/sn/jobseekers/responsable-people---culture_e_161319.html
Ingénieur Full Stack,N/A,Dakar,"Informatique, Télécoms, Réseaux | Industrie Informatique, Télécoms, Téléservices",2026-04-10,2026-04-25,"Tanél est une compagnie d’assurance santé numérique visant à démocratiser l’accès aux soins et à l’assurance santé grâce à des solutions innovantes et une forte passion. Nous avons pour mission de permettre un accès large et pratique aux soins de santé….A propos du posteNous recherchons un Développeur Full-Stack, qui sera chargé de créer des solutions logicielles modulables. Vous ferez partie d’une équipe polyvalente responsable de l’ensemble du cycle de développement de logiciels, de la conception au déploiement.En tant que Développeur Full-Stack, vous devrez être à l’aise avec les langages de codage front-end et back-end, avec les structures de développement et les bibliothèques tierces. Vous devrez également avoir l’esprit d’équipe et avoir un don pour la conception visuelle et la distribution.Si, en plus, vous connaissez bien les méthodologies Agile, nous aimerions vous rencontrer.Dans ce rôle vous serez appelé à•	Travailler avec les équipes de développement et les chefs de produit en vue de créer des solutions logicielles•	Concevoir une architecture côté client et côté serveur•	Développer des applications de front-end via une conception visuelle attrayante•	Développer et gérer des bases de données et des applications fonctionnelles•	Rédiger des API efficaces•	Tester des logiciels afin de garantir leur réactivité et leur efficacité•	Dépanner, déboguer et mettre à niveau les logiciels•	Créer des réglages de sécurité et de protection des données•	Développer des fonctionnalités et des applications avec une conception mobile réactive•	Rédiger la documentation technique•	Travailler avec des scientifiques de données et des analystes en vue d’améliorer le logicielNous privilégions des candidats ayant•	Expérience confirmée en tant que Développeur Full-Stack ou poste similaire•	Expérience de développement d’applications mobiles et de bureau•	Bonne connaissance des solutions communes•	Connaissance de plusieurs bibliothèques et langages de premier plan (ex. : HTML/ CSS, JavaScript, XML, jQuery)•	Connaissance de plusieurs langages de back-end (ex. : C#, Java, Python, PHP) et les structures JavaScript (ex. : Angular, React, Node.js)•	Bonne connaissance des bases de données (ex. : MySQL, MongoDB), serveurs Web (ex. : Apache) et conception UI/UX•	Excellentes compétences en matière de communication et de travail en équipe•	Sens prononcé du détail•	Bonnes compétences organisationnelles•	Esprit analytique•	Licence en informatique, en statistiques ou autre domaine pertinent•	At the least, you should be able to understand this sentenceLes avantages de Tanél•	Rémunération compétitive en fonction de votre expérience et de votre expertise•	Assurance maladie subventionnée pour vous et les personnes à votre charge et contributions à la retraite•	Travailler dans un secteur qui change des vies tous les jours•	Déjeuners quotidiens gratuits",N/A,https://senjob.com/sn/jobseekers/ingénieur-full-stack_e_161318.html
Superviseur Commercial,N/A,Kaolack,"Commercial, Vente, Business developpement | Distribution, Commerce, Import-Export",2026-04-10,2026-04-25,"Présente sur le marché depuis juillet 2016, la SODECA (Société d’Embouteillage Casamançaise) est une entreprise de production d’eau minérale et de jus naturels dont les marques sont la « Casamançaise » et la « Casamançaise le Jus ». Son siège est basé au Cap Skiring, en basse Casamance.Comme tous les produits de la Casamance, réputés être de qualité (mangue, miel, huile de palme, etc.), nos produits bénéficient également de ce label « qualité ».La SODECA SAU est à la recherche d’Agents de contrôle.•	Lieu de travail : Kaolack•	Type de contrat : CDD•	Rémunération : à négocier selon profil.MissionDans le cadre de notre développement, nous recrutons un superviseur Kaolack. Sous la responsabilité du Responsable de zone de Kaolack, vous aurez comme responsabilité de superviser toutes les activités commerciales de votre zone.Activités•	Exécuter et appliquer la politique commerciale et marketing•	 Assister le Responsable de Zone•	Aider au développement des clients pour l’entreprise•	Assurer la croissance des comptes existants et l’acquisition de nouveaux clients•	Référencement des produits dans sa zone respective dans le respect de la stratégie commerciale de l’entreprise,•	Répertorier, classifier suivant leurs potentiels les clients de sa zone•	Suivre les plans de visite clients définis par le RZ et les partager à chaque début de semaine•	Prospecter, vendre et fidéliser les clients, fiable et durable•	Faire un relevé de taux de présence de la marque•	Pratiquer la veille concurrentielle•	Générer des rapports qui analysent les actions de la concurrence et des clients•	Il réalise, voire dépasse les objectifs commerciaux (quantitatifs et qualitatifs) qui lui sont fixés•	Coaching et gestion des promoteurs•	Suivi du CRMCompétences•	Résider à Kaolack•	Avoir un niveau d’étude supérieur (Bac + 2)•	Avoir une expérience d’au moins 5 ans sur une fonction commercial•	Avoir une bonne connaissance du secteur•	Esprit professionnel, être bon vendeur•	Avoir un maximum d’autonomie et principalement orienté vers les objectifs et une bonne adaptabilité•	Maîtriser l’outil informatique pour faire ses reporting•	Savoir travailler en équipe•	Être travailleur, sérieux, intègre et organisé•	Avoir un permis de conduire et être géographiquement mobile",N/A,https://senjob.com/sn/jobseekers/superviseur-commercial_e_161316.html
Assistant de Programme,N/A,Dakar,"Assistanat, secrétariat, Accueil | Service public d'état, Institutions, Administratio",2026-04-10,2026-04-30,"Job summaryThe Programme Assistant is in charge of supporting the implementation of the SD3C Programme as well as the administrative assistance of the 1Sahel Initiative, including close collaboration with Country Directors of the relevant countries DCO general service staff that support the AICRM and IGREENFIN regional programmes. The Programme Assistant of SD3C and Sahel Initiative is accountable for a range of administrative and programme support functions pertaining to coordination and execution of the SD3C RLO and Sahel Initiative.The incumbent works collaboratively with the colleagues in the Regional Team, the Country Directors involved in the SD3C, AICRM and IGREENFIN regional programmes and with the Regional Liaison Associate in HQ, to ensure consistency, cohesion and synergy in administrative and programme related matters.Job requirementsOrganizational Competencies:Level 1:•	Building relationships and partnerships – Builds and maintains effective working relationships•	Communicating and negotiating – Communicates effectively; creates understanding between self and others•	Demonstrating leadership – Personal leadership and attitude to change•	Focusing on clients – Focuses on clients•	Learning, sharing knowledge and innovating – Continuously seeks to learn, shares knowledge & innovates•	Managing time, resources and information – Manages own time, information and resources effectively•	Problem-solving and decision-making – Demonstrates sound problem-solving and decision-making ability•	Strategic thinking and organizational development – Personal influence•	Team working – Contributes effectively to the teamEducation:•	Level : High School certificate (e.g. A level and Baccalaureate)•	Areas of focus – accounting, business administration or related areasCertifications:•	Project Management (desirable)Experience:•	At least four (4) years of progressively responsible administrative and programme support experience in UN agencies, development institutions, government service and/or other relevant organizations.•	Position-specific experience: Qualifying work experience in regional / country programme support, support to Operations, loan/grant administration, and resources and planning. Experience with International financial institutions, development cooperation agencies, etc., and knowledge of monitoring and planning tools /systems would be an asset. Must be a national of, or hold a valid working permit for, the country of assignment.Languages:•	Required French and English (4 – Excellent)",N/A,https://senjob.com/sn/jobseekers/assistant-de-programme_e_161315.html
Spécialiste Aménagements Hydroagricoles,N/A,Dakar,"Métiers Agriculture, Elevage, Rural | Industrie Agro-alimentaire",2026-04-10,2026-04-25,MissionCoordonner la mise en place des Fermes Agricoles Communautaire (FAC) dans tous les départements du SénégalProfil•	Ingénieur Agronome spécialisation en Génie Rural•	Expérience d’au moins 5 ans dans la conduite de projet ou programme de mise en place de Fermes agricolesConnaissances requises•	Dimensionnement des réseaux d’irrigation spécifiquement du Goutte à Goutte•	Entretien des réseaux d’irrigation•	Aménagement des périmètres irrigués•	Techniques de gestion de la fertilité des sols en système irrigué•	Exploitation et Gestion des Fermes Agricoles•	Bonne maîtrise des TIC,N/A,https://senjob.com/sn/jobseekers/spécialiste-aménagements-hydroagricoles_e_161308.html
Téléconseillers,N/A,Dakar,"Téléservices, Télévente, Service client | Communication, Marketing, Médias",2026-04-10,2026-04-25,"Recrutement de Téléconseillers – Rejoignez Millenium Phoning Group (MPG) !Francophones au sourire dans la voix H/FCentre d’appel situé à Yoff Virage, à côté de la banque NSIA, sur la route de l’ancien aéroport Léopold Sédar Senghor, lance une campagne de recrutement de téléconseillers.Vous aimez aider, écouter et échanger avec le sourire ? Vous avez une excellente maitrise du français oral et écrit ? Alors cette opportunité est faite pour vous !Profil recherché :Une parfaite maitrise de la langue française (à l’oral comme et à l’écrit),Le sens de l’écoute et du service,Une bonne connaissance de l’outil informatique,Assidu, impliqué, ponctuelDisponibilité : TotaleAvantages :Formation assuréeAmbiance professionnelle et motivanteOpportunités d’évolutionEnvironnement de travail dynamiqueDéveloppement professionnel continu",N/A,https://senjob.com/sn/jobseekers/téléconseillers_e_161307.html
Coordinateurs de Projet,N/A,Dakar,"Direction générale, Management | Organisation non gouvernementale, Association",2026-04-09,2026-04-26,"ALIMA est une alliance entre médecins, ONG locales et chercheurs, fondée sur la co-construction. Notre ambition : transformer la médecine humanitaire grâce à la recherche et l’innovation, pour renforcer l’efficacité de nos actions et mieux protéger les populations face aux crises sanitaires d’aujourd’hui et de demain.En 2026, nous poursuivons notre développement en Afrique de l’Ouest et centrale, en Afrique de l’Est et en Haïti. Le rôle de Coordinateur·rice de Projet est au cœur de cette mission : il assure la liaison entre les équipes, les partenaires, les bailleurs de fonds et les communautés que nous soutenons.Votre missionEn tant que Coordinateur·rice de Projet ALIMA, vous êtes chargé·e d’élaborer et de mettre en œuvre la stratégie opérationnelle médicale sur votre zone géographique, sous la responsabilité du Chef de Mission.Vos responsabilités principales :•	Garantir la qualité des interventions opérationnelles d’ALIMA dans le cadre du projet.•	Définir les priorités et objectifs du projet, et élaborer un plan d’action : analyse des données de santé et des besoins humanitaires, évaluation du contexte, des risques et des ressources humaines et financières nécessaires.•	Coordonner l’exécution du projet en étroite collaboration avec le coordinateur médical et le chef de mission, afin d’atteindre les objectifs fixés et d’améliorer l’état de santé de la population ciblée.•	Veiller au respect des procédures d’engagement des dépenses d’ALIMA et des bailleurs.•	Assurer le rôle d’interface entre la coordination et l’équipe terrain, et représenter ALIMA auprès des interlocuteurs locaux.•	Porter, défendre et diffuser les principes opérationnels d’ALIMA sur le terrain.•	Superviser et animer l’équipe terrain, en favorisant sa participation active à la dynamique du projet.Votre profil•	Bac +3 minimum ou équivalent.•	Au moins 2 ans d’expérience dans l’action humanitaire à des postes à responsabilités, avec des expériences significatives dans les domaines d’intervention d’ALIMA.•	Adhésion aux principes de la charte d’ALIMA et à sa politique de prévention des abus.•	Vous êtes engagé·e, diplomate, déterminé·e, patient·e, innovant·e et capable de conduire des équipes dans un contexte complexe et changeant.Compétences recherchées :•	Cadre humanitaire, impact sociétal et redevabilité•	Coordination et gestion de projet•	Management, leadership et gestion d’équipe•	Planification, organisation et vision stratégique•	Gestion des ressources financières et matérielles•	Négociation, diplomatie et création de partenariats•	Communication interpersonnelle et rédaction de rapports•	Gestion du stress, agilité et adaptabilité•	Sécurité et outils collaboratifs•	Langues : français (obligatoire), anglais, arabe (atouts)•	Compétences techniques liées au domaine d’intervention (nutrition, recherche, etc.",N/A,https://senjob.com/sn/jobseekers/coordinateurs-de-projet_e_161295.html
Créateur de contenu / Vlog / Journalisme,N/A,Dakar,"Journalisme, Médias, Contenus, Edition | Communication, Marketing, Médias",2026-04-08,2026-04-25,"Dans le cadre de son développement, une entreprise locale recherche des profils motivés, dynamiques et prêts à apprendre, pour collaborer à la création de contenu (photos & vidéos).Collaboration pouvant aboutir à une rémunération selon les projets.Profils recherchés :•	Hommes et femmes, âgés de 19 à 28 ans•	À l’aise face à la caméra (vidéo et photo)•	Intéressés par la création de contenu (réseaux sociaux, courts-métrages, shootings…)•	Présentables, expressifs, avec une réelle volonté de s’investir•	Parlant français ou wolof•	Anglais (profils venant de la Gambie / profils gambiens bienvenus)•	Étudiants (notamment en journalisme) fortement encouragés à postulerConditions :•	Disposer d’au moins un compte actif sur TikTok ou Instagram•	Être motivé(e), sérieux(se) et prêt(e) à apprendre tout au long du processus•	Consulter, suivre et s’abonner à nos pages Instagram, TikTok et Facebook avant de candidater, en prenant connaissance de notre contenuCandidature :Envoyez :•	Votre nom complet•	Une courte vidéo face caméra (téléphone suffisant) de 30 à 45 secondes•	Une photo portrait (visage visible de près)•	Une photo en pied (corps complet)",N/A,https://senjob.com/sn/jobseekers/créateur-de-contenu---vlog---journalisme_e_161279.html
Agents distributeur,N/A,zone rural...,"Marketing, Communication | Services et Prestations aux Entreprises | Distribution, Commerce, Import-Export",N/A,N/A,"A propos de nous :SamaMbey SUARL est une entreprise sociale évoluant dans le domaine agricole.Nous intervenons dans de nombreuses régions du Sénégal. Sama Mbey vise à améliorer les conditions de vie des petits producteurs en milieu rural et veut les aider à sortir de la pauvreté.Chez SamaMbey les petits agriculteurs peuvent se financer s'ils ont le bon outil pour payer petit à petit en avance pour les intrants. Notre vision et objectif à travers notre Étoile polaire sont de travailler avec 1 million de petits producteurs à l’horizon 2026. En plus, SamaMbey Suarl s’engage dans le domaine du développement communautaire en menant  des actions de sensibilisation en nutrition, santé et hygiène.Intitulé du poste :Agent distributeurLocalisation :La prestation se déroulera en milieu rural, dans les zones d'intervention de Sama Mbey, réparties sur trois régions administratives du Sénégal : Matam  Bakel, Hamady Ounare, Matam, Thilogne Kolda    Dabo, Bourocco,Kounkane, Médina Yoro Foula, Tanaff, Vélingara Sédhiou / Ziguinchor Bignona, Bounkiling, Diattacounda, Marsassoum, Médina WandifaNombre de postes:36Type de contrat:Prestation de serviceRôles et responsabilitésLes agents distributeurs auront pour missions :1. VENTE & MOBILISATION- Développement commercial- Assister l'équipe de vente dans l'atteinte des objectifs de paquets finis- Réviser l'outil « Constitution de paquet 2026 » pour le maîtriser- Organiser les intrants selon l'outil de déchargement/chargement- Préparer des lots de paquets en avance- Assister à la formation distributeur organisée par le FC de la zone- Expliquer le contenu de chaque paquet au client- S'assurer que chaque client confirme avoir reçu 100 % des éléments inclus dans son paquet livré- Organiser les intrants restants pour assurer le chargement rapide du camion- Appuyer le chargement des intrants restants- Prospecter activement de nouveaux clients et fidéliser les producteurs existants2. LIVRAISON & SUIVI LOGISTIQUE- Gestion opérationnelle des livraisons- Être présent sur le site de livraison du début à la clôture.- Remplir les bordereaux de livraison.- Effectuer le décompte des paquets en début et fin de journée, et reporter les chiffres sur le bordereau.Cette liste n’est pas exhaustive, ces activités peuvent être adaptées aux besoins spécifiques de Sama Mbey, ainsi qu’aux objectifs et ressources disponibles.Compétences requises1. SAVOIR-FAIRE (Compétences techniques)- Expérience en vente et mobilisation communautaire en milieu rural.- Capacité à gérer des opérations logistiques (décomptes, bordereaux).- Connaissance du secteur agricole  (un atout).2. SAVOIR-ÊTRE (Qualités personnelles)- Force de persuasion : Capacité à convaincre les producteurs et motiver les VEs.- Rigueur et organisation : Respect strict des procédures de livraison et de reporting.- Autonomie et réactivité : Capacité à travailler en zone rurale avec des contraintes logistiques.- Esprit d’équipe : Collaboration étroite avec les VEs et le staff Sama Mbey.Autres compétences souhaitées:- Flexible : Sama Mbey est une organisation en pleine croissance qui se caractérise par des changements réguliers;- Humble : la personne est capable de partager ses connaissances tout en étant à l'écoute des défis des producteurs;- Efficace et proactif: la personne sait faire preuve d’autonomie et de créativité afin d’organiser ses activités;- Orienté vers l’action : la personne sait analyser les données et interpréter les chiffres afin de proposer et de développer des actions;- Ouvert aux retours constructifs.Le candidat idéal doit:- Avoir une expérience professionnelle antérieure dans le domaine du coaching/développement des compétences;- Être originaire de la zone pour laquelle il postule (myAgro recrute à travers plusieurs zones);Profil recherché- Minimum niveau Bac avec une expérience probante en agronomie, en développement communautaire ou dans un autre domaine connexe;- 1 an d’expérience prouvée et vérifiée en tant que agent de terrain;- Capacité à se focaliser sur l’atteinte des résultats;- Excellentes compétences en communication et en travail d’équipe,- Maîtrise orale et écrite, en français et wolof, mandingue, poular (selon la zone);- La connaissance d’autres langues locales est considérée un atout;- Maîtrise de l’outil informatique.Sama Mbey est un employeur garantissant l'égalité des chances. Nous célébrons la diversité et nous nous engageons à créer un espace inclusif permettant à tous les employés de se sentir valorisés pour leurs compétences, leurs expériences et leur point de vue unique. Sama Mbey offre des opportunités d'emploi égales à tous les employés et candidats sans distinction de race, de couleur, de religion, d'orientation sexuelle, de statut matrimonial/parental, d'origine nationale, d'âge, de handicap, d'opinion politique, de statut social, de statut d'ancien combattant, de génétique ou de toute autre base protégée par la loi applicable.",N/A,https://senjob.com/sn/jobseekers/agents-distributeur_e_161306.html
04 Assistant(e)s Techniques SAME (MATAM),N/A,matam,"Administration, Services généraux | Qualité, Sécurité, Environnement | Ingénierie, Etudes, Projets, Recherche | Organisation non gouvernementale, Association | Energie, Eau, Environnement",N/A,N/A,"NOM Assistant (e) technique ClimateRiceRÔLE Assistant.e TechniquesNIVEAU DE CONTRIBUTION V7MISSION SénégalBASE MatamDOMAINE Production /Mise en œuvre de projetsDEPARTMENT Mise en œuvre Projets MissionsCATÉGORIE PROFESSIONELLE Assistants(es) / Adjoints terrainACCOMPAGNÉ(E) NonGESTION D'ÉQUIPE NonBUDGET SNDKF0X0 - Dakar. Finanzas MisionesSUPERVISEUR  Chef de projetEXPLICATION DE CONTEXTEAction Contre la Faim met en œuvre au Sénégal des programmes visant à renforcer la résilience des communautés face à l’insécurité alimentaire, en intégrant de plus en plus les enjeux liés au changement climatique et à la durabilité des systèmes de production. Dans ce cadre, le projet ClimateRice vise à promouvoir des pratiques de riziculture durable dans la vallée du fleuve Sénégal, notamment à travers le développement du Système de Riziculture Intensive (SRI), permettant d’améliorer la productivité tout en optimisant l’utilisation de l’eau et en réduisant les émissions de gaz à effet de serre.Le projet s’inscrit également dans une approche innovante visant à explorer et développer des mécanismes de financement climatique, en particulier les crédits carbones, en partenariat avec des acteurs techniques et institutionnels tels que la SAED et CarbonFarm. Cette phase pilote constitue une étape clé pour tester la faisabilité technique et opérationnelle de ces approches, avec une perspective de mise à l’échelle à plus grande échelle en cas de résultats probants.ACCIÓN CONTRA EL HAMBRERÉSUMÉ DE JOB PROPOS GÉNÉRALL’Assistant(e) Technique appuie la mise en œuvre du projet Climate Rice en accompagnant les producteurs et productrices dans l’adoption des pratiques du Système de Riziculture Intensive (SRI), notamment les techniques de gestion optimisée de l’eau (AWD).Il/elle contribue au changement de pratiques agricoles à travers un appui technique de proximité et favorise l’engagement des acteurs communautaires. En collaboration avec le/la Chef(fe) de Projet, il/elle assure la collecte et la transmission des données du projet, notamment dans le cadre du système de suivi, rapportage et vérification (MRV).Il/elle travaille en lien étroit avec les partenaires (SAED, ANCAR, collectivités, organisations de producteurs) afin de garantir une mise en œuvre efficace et coordonnée du projet.FONCTIONS ET RESPONSABILITÉS PRINCIPALESObjectif 1: Assurer la représentation d’ACF auprès des partenaires locauxParticiper aux réunions de coordination avec les partenairesAssurer une collaboration étroite avec les acteurs communautaires et institutionnelsSensibiliser les producteurs et productrices aux objectifs du projet et favoriser leur adhésionPromouvoir la participation active des femmes et des jeunesObjectif 2: Assurer l’accompagnement technique des producteurs et productrices de riz• Participer à l´identification des producteurs et productrices et appuyer la formalisation des accords de participation au projet• Former et accompagner les producteurs sur les pratiques du SRI (repiquage, gestion de l’eau/AWD, fertilisation, etc.)• Assurer le suivi régulier des parcelles et appuyer la mise en œuvre des activités• Contribuer à la planification et à l’exécution des activités communautaires• Superviser les producteurs et productrices dans l’adoption de bonnes pratiques culturales du SRI (Planage, Semis, repiquage, désherbage, épandage d’amendement organique, gestion de la lame d’eau…)• Participer aux actions de sensibilisation sur la pratique SRI (radios, sessions communautaires)• Anticiper tout problème lié à la mise en œuvre des activités sur le terrain et participer à l´identification de solutions dans les meilleurs délaisObjectif 3 :Appuyer le Suivi, l’évaluation et capitalisation du projet Asurer le suivi opérationnel des activités et la mise à jour des plannings d’activités ;• Contribuer à la qualité, la collecte, la transmission des données (MRV) et l’archivage Participer au reporting (hebdomadaire, mensuel)• Appuyer le système de suivi-évaluation en lien avec le MEAL Officer Participer aux réunions de projet et aux cadres de concertation  *• Contribuer à la mise en place du mécanisme de redevabilité communautaire Réaliser toute autre tâche demandée par le management du projet.PROCESS MP2.1-P3 - ExecutionBESOINS DU POSTE COMPÉTENCESTravail en équipe Motivation Organisation et planification Communication efficace et synthèse Capacité d'analyse Négociation Orientation aux résultats Analyse et résolution des problèmes/conflitsCOMPÉTENCES, CONNAISSANCES ET AUTRES REQUIS-Bac +3/4 en Agronomie, Génie Rural, développement communautaire, Climatologie, Changement Climatique et Développement Durable, Economie Rurale, Environnement ou toute autre discipline équivalente.-Au moins 2 à 3 ans d’expérience dans la mise en œuvre ou l’animation de projets de développement, notamment dans les domaines de la sécurité alimentaire, du développement rural, du changement climatique ou des activités génératrices de revenus-Titulaire d’un permis pour la conduite de moto (obligatoire)-Bonne compréhension du cycle de gestion de projet.-Des enjeux liés au genre et au changement de pratiques (approches comportementales)  y-Bonne capacité de communication, d’animation et de facilitation communautaire-Bonnes capacités d’analyse et de rédaction ;-Maîtrise des outils informatiques et bureautique.-La maitrise des outils numériques de collecte de données est un atout-Connaissance des organisations paysannes et des dynamiques communautaires-Connaissance des principes d’agroécologie et des systèmes agricoles irrigués (idéalement riziculture)-Expérience dans un projet agricole, idéalement en lien avec la riziculture-Expérience en formation, accompagnement et encadrement de producteurs ou d’équipes multidisciplinaires et dans l’accompagnement des organisations paysannes ou faitières-Expérience dans des projets impliquant un changement de pratiques (agricoles ou communautaires)-Expérience de travail dans la région de Matam ou dans un contexte similaire-Bonne capacité d’organisation, de planification et sens de la rigueur-Capacité d’adaptation et flexibilité dans un environnement de travail dynamique.-Aptitude à travailler en équipe et à contribuer à un bon climat de travail-Capacité à travailler de manière autonome, avec esprit d’initiative-Bonne résistance au stress et capacité à gérer la pression ;-Capacités de communication, de médiation et de résolution de conflits-Capacité à évoluer dans un environnement multiculturel et multidisciplinaire-Intérêt pour l’apprentissage continu et le renforcement de ses compétencesENGAGEMENTS ENVERS L'ÉGALITÉ DES GENRES ET LA TOLÉRANCE ZÉRO AUX ABUSLe/la titulaire du poste est tenu(e) d’adopter un comportement conforme aux principes éthiques de l’organisation, de signaler toute situation de risque ou de violation et de contribuer à la création d’un environnement de travail sûr, respectueux et inclusif.",N/A,https://senjob.com/sn/jobseekers/04-assistant-e-s-techniques-same--matam-_e_161530.html
Chargé de communication,gmail,SALY (MBOU...,"Marketing, Communication | Organisation non gouvernementale, Association | Communication, Marketing, Médias",N/A,N/A,"À propos de nousL’association ALEFS intervient à SALY / MBOURl dans les domaines de l’éducation et de l’accompagnement des enfants et des femmes vulnérables.Forte de plusieurs années d’engagement et d’actions concrètes sur le terrain, ALEFS souhaite aujourd’hui renforcer sa communication pour :-mieux valoriser ses actions,-développer sa visibilité,-structurer ses outils,-et préparer des partenariats avec des acteurs institutionnels.Le posteNous recrutons un(e) Chargé(e) de communication opérationnel(le) capable de produire, organiser et diffuser les contenus de communication de l’association.-Il s’agit d’un poste très concret, orienté action, avec un impact direct sur la visibilité de l’association.-Vos missions-Communication quotidienne (priorité)Mettre à jour le site internet (WordPress)Rédiger des articles à partir des activités terrainAnimer les réseaux sociaux (Facebook, Instagram, TikTok)Élaborer et suivre un calendrier éditorialCréer des visuels simples (Canva)Réaliser de courtes vidéos (30 à 90 secondes)Participer à la diffusion d’une newsletter trimestrielleOrganiser les contenus (photos, vidéos, documents)-Objectif: remettre en place une communication régulière, structurée et fiable-Structuration des supports-Harmoniser les documents institutionnels (plaquette, supports, etc.)-Organiser une banque d’images et de vidéos-Mettre en forme les rapports d’activité-Appuyer la rédaction de projets et dossiers-Adaptation des contenusVous adaptez la communication selon les publics :Parrains et bénévolesDonateursGrand publicFuturs bénévoles / stagiairesPartenaires institutionnels-Profil recherchéIndispensable :Expérience antérieure de 5 ans en entreprise ou associationExcellente rédaction en françaisBonne maîtrise des réseaux sociauxConnaissance de WordPressMaîtrise de Canva (ou équivalent)Capacité à faire des montages vidéo simplesOrganisation, autonomie et rigueurBonne maîtrise des outils bureautiquesAtouts supplémentaires :Expérience dans une ONG ou associationConnaissance du contexte sénégalaisSensibilité aux enjeux sociauxMaîtrise de DropboxNotions d’anglais-Conditions-CDD de 6 mois renouvelable-Temps plein privilégié (¾ temps partiel possible)-Télétravail partiel avec présence à Saly (minimum 2 jours/semaine)-Rémunération selon profil et expérience-Évaluation à 6 mois-Pourquoi rejoindre ALEFS ?Un poste utile et concret, avec un impact directUne association reconnue localementUne grande autonomie dans le travailUne mission porteuse de sens",alefsenegal@gmail.com,https://senjob.com/sn/jobseekers/chargé-de-communication_e_161258.html
Chargé d’Approvisionnement,N/A,Dakar,"Achat, Supply Chain, Logistique, Transport | Transport, Logistique, Services postaux",2026-04-08,2026-04-28,"The role’s main activity or deliverables are:•	Responsible for Procurement activities for assigned vessels and division within the group organizations.•	Handle fleet requisitions, RFQ, process PO’s, monitor delivery, and update relevant stakeholders.•	Identifies, evaluates & approves suppliers. Monitors performance of suppliers to ensure continued cost-effective quality service / material provision.•	Ensure requisitions from supervisors and managers for goods or services are received, processed, and controlled in a timely manner.•	Analyse quotations to ensure compliance with requirements, prepare quote comparisons, and recommend approvals.•	Ensure timely follow-up, shipment, and delivery of items.•	Manage overseas purchasing with attention to incoterms, shipping documentation, and cost-effective freight arrangements.•	Negotiate and monitor freight rates, logistics contracts, and shipment consolidation to optimize transportation costs.•	Coordinate with local agents, freight forwarders, and port authorities in Syria to ensure smooth customs clearance, last-mile delivery, and compliance with sanctions and trade regulations.•	Anticipate and mitigate risks related to delays, congestion, or route restrictions by planning alternative supply channels and closely monitoring costs such as demurrage and detention.•	Track and monitor shipments, ensuring stakeholders are updated.•	Assist line manager in identifying regularly procured goods/services for frame agreements, introducing suppliers, and implementing agreements.•	Develop new and strategic suppliers to save cost, improve quality, and strengthen sourcing partnerships.•	Maintain supplier prequalification lists, prepare new supplier accounts, and analyze vendor performance to support sourcing strategies.•	Build and maintain strong relationships with key suppliers and logistics partners to ensure reliable and quality service.•	Assist finance in resolving discrepancies related to supplier invoice processing.•	Review and act on Open Requisitions and PO reports to comply with departmental KPIs.•	Support line manager in any other procurement-related tasks as required for the business.",N/A,https://senjob.com/sn/jobseekers/chargé-d’approvisionnement_e_161275.html
Chargé de communication,gmail,SALY (MBOUR),"Marketing, Communication | Organisation non gouvernementale, Association | Communication, Marketing, Médias",2026-04-08,2026-04-30,"À propos de nousL’association ALEFS intervient à SALY / MBOURl dans les domaines de l’éducation et de l’accompagnement des enfants et des femmes vulnérables.Forte de plusieurs années d’engagement et d’actions concrètes sur le terrain, ALEFS souhaite aujourd’hui renforcer sa communication pour :-mieux valoriser ses actions,-développer sa visibilité,-structurer ses outils,-et préparer des partenariats avec des acteurs institutionnels.Le posteNous recrutons un(e) Chargé(e) de communication opérationnel(le) capable de produire, organiser et diffuser les contenus de communication de l’association.-Il s’agit d’un poste très concret, orienté action, avec un impact direct sur la visibilité de l’association.-Vos missions-Communication quotidienne (priorité)Mettre à jour le site internet (WordPress)Rédiger des articles à partir des activités terrainAnimer les réseaux sociaux (Facebook, Instagram, TikTok)Élaborer et suivre un calendrier éditorialCréer des visuels simples (Canva)Réaliser de courtes vidéos (30 à 90 secondes)Participer à la diffusion d’une newsletter trimestrielleOrganiser les contenus (photos, vidéos, documents)-Objectif: remettre en place une communication régulière, structurée et fiable-Structuration des supports-Harmoniser les documents institutionnels (plaquette, supports, etc.)-Organiser une banque d’images et de vidéos-Mettre en forme les rapports d’activité-Appuyer la rédaction de projets et dossiers-Adaptation des contenusVous adaptez la communication selon les publics :Parrains et bénévolesDonateursGrand publicFuturs bénévoles / stagiairesPartenaires institutionnels-Profil recherchéIndispensable :Expérience antérieure de 5 ans en entreprise ou associationExcellente rédaction en françaisBonne maîtrise des réseaux sociauxConnaissance de WordPressMaîtrise de Canva (ou équivalent)Capacité à faire des montages vidéo simplesOrganisation, autonomie et rigueurBonne maîtrise des outils bureautiquesAtouts supplémentaires :Expérience dans une ONG ou associationConnaissance du contexte sénégalaisSensibilité aux enjeux sociauxMaîtrise de DropboxNotions d’anglais-Conditions-CDD de 6 mois renouvelable-Temps plein privilégié (¾ temps partiel possible)-Télétravail partiel avec présence à Saly (minimum 2 jours/semaine)-Rémunération selon profil et expérience-Évaluation à 6 mois-Pourquoi rejoindre ALEFS ?Un poste utile et concret, avec un impact directUne association reconnue localementUne grande autonomie dans le travailUne mission porteuse de sens",alefsenegal@gmail.com,https://senjob.com/sn/jobseekers/chargé-de-communication_e_161258.html
Agents distributeur,N/A,zone rural...,"Marketing, Communication | Services et Prestations aux Entreprises | Distribution, Commerce, Import-Export",N/A,N/A,"A propos de nous :SamaMbey SUARL est une entreprise sociale évoluant dans le domaine agricole.Nous intervenons dans de nombreuses régions du Sénégal. Sama Mbey vise à améliorer les conditions de vie des petits producteurs en milieu rural et veut les aider à sortir de la pauvreté.Chez SamaMbey les petits agriculteurs peuvent se financer s'ils ont le bon outil pour payer petit à petit en avance pour les intrants. Notre vision et objectif à travers notre Étoile polaire sont de travailler avec 1 million de petits producteurs à l’horizon 2026. En plus, SamaMbey Suarl s’engage dans le domaine du développement communautaire en menant  des actions de sensibilisation en nutrition, santé et hygiène.Intitulé du poste :Agent distributeurLocalisation :La prestation se déroulera en milieu rural, dans les zones d'intervention de Sama Mbey, réparties sur trois régions administratives du Sénégal : Matam  Bakel, Hamady Ounare, Matam, Thilogne Kolda    Dabo, Bourocco,Kounkane, Médina Yoro Foula, Tanaff, Vélingara Sédhiou / Ziguinchor Bignona, Bounkiling, Diattacounda, Marsassoum, Médina WandifaNombre de postes:36Type de contrat:Prestation de serviceRôles et responsabilitésLes agents distributeurs auront pour missions :1. VENTE & MOBILISATION- Développement commercial- Assister l'équipe de vente dans l'atteinte des objectifs de paquets finis- Réviser l'outil « Constitution de paquet 2026 » pour le maîtriser- Organiser les intrants selon l'outil de déchargement/chargement- Préparer des lots de paquets en avance- Assister à la formation distributeur organisée par le FC de la zone- Expliquer le contenu de chaque paquet au client- S'assurer que chaque client confirme avoir reçu 100 % des éléments inclus dans son paquet livré- Organiser les intrants restants pour assurer le chargement rapide du camion- Appuyer le chargement des intrants restants- Prospecter activement de nouveaux clients et fidéliser les producteurs existants2. LIVRAISON & SUIVI LOGISTIQUE- Gestion opérationnelle des livraisons- Être présent sur le site de livraison du début à la clôture.- Remplir les bordereaux de livraison.- Effectuer le décompte des paquets en début et fin de journée, et reporter les chiffres sur le bordereau.Cette liste n’est pas exhaustive, ces activités peuvent être adaptées aux besoins spécifiques de Sama Mbey, ainsi qu’aux objectifs et ressources disponibles.Compétences requises1. SAVOIR-FAIRE (Compétences techniques)- Expérience en vente et mobilisation communautaire en milieu rural.- Capacité à gérer des opérations logistiques (décomptes, bordereaux).- Connaissance du secteur agricole  (un atout).2. SAVOIR-ÊTRE (Qualités personnelles)- Force de persuasion : Capacité à convaincre les producteurs et motiver les VEs.- Rigueur et organisation : Respect strict des procédures de livraison et de reporting.- Autonomie et réactivité : Capacité à travailler en zone rurale avec des contraintes logistiques.- Esprit d’équipe : Collaboration étroite avec les VEs et le staff Sama Mbey.Autres compétences souhaitées:- Flexible : Sama Mbey est une organisation en pleine croissance qui se caractérise par des changements réguliers;- Humble : la personne est capable de partager ses connaissances tout en étant à l'écoute des défis des producteurs;- Efficace et proactif: la personne sait faire preuve d’autonomie et de créativité afin d’organiser ses activités;- Orienté vers l’action : la personne sait analyser les données et interpréter les chiffres afin de proposer et de développer des actions;- Ouvert aux retours constructifs.Le candidat idéal doit:- Avoir une expérience professionnelle antérieure dans le domaine du coaching/développement des compétences;- Être originaire de la zone pour laquelle il postule (myAgro recrute à travers plusieurs zones);Profil recherché- Minimum niveau Bac avec une expérience probante en agronomie, en développement communautaire ou dans un autre domaine connexe;- 1 an d’expérience prouvée et vérifiée en tant que agent de terrain;- Capacité à se focaliser sur l’atteinte des résultats;- Excellentes compétences en communication et en travail d’équipe,- Maîtrise orale et écrite, en français et wolof, mandingue, poular (selon la zone);- La connaissance d’autres langues locales est considérée un atout;- Maîtrise de l’outil informatique.Sama Mbey est un employeur garantissant l'égalité des chances. Nous célébrons la diversité et nous nous engageons à créer un espace inclusif permettant à tous les employés de se sentir valorisés pour leurs compétences, leurs expériences et leur point de vue unique. Sama Mbey offre des opportunités d'emploi égales à tous les employés et candidats sans distinction de race, de couleur, de religion, d'orientation sexuelle, de statut matrimonial/parental, d'origine nationale, d'âge, de handicap, d'opinion politique, de statut social, de statut d'ancien combattant, de génétique ou de toute autre base protégée par la loi applicable.",N/A,https://senjob.com/sn/jobseekers/agents-distributeur_e_161306.html
Chargé de communication,gmail,SALY (MBOU...,"Marketing, Communication | Organisation non gouvernementale, Association | Communication, Marketing, Médias",N/A,N/A,"À propos de nousL’association ALEFS intervient à SALY / MBOURl dans les domaines de l’éducation et de l’accompagnement des enfants et des femmes vulnérables.Forte de plusieurs années d’engagement et d’actions concrètes sur le terrain, ALEFS souhaite aujourd’hui renforcer sa communication pour :-mieux valoriser ses actions,-développer sa visibilité,-structurer ses outils,-et préparer des partenariats avec des acteurs institutionnels.Le posteNous recrutons un(e) Chargé(e) de communication opérationnel(le) capable de produire, organiser et diffuser les contenus de communication de l’association.-Il s’agit d’un poste très concret, orienté action, avec un impact direct sur la visibilité de l’association.-Vos missions-Communication quotidienne (priorité)Mettre à jour le site internet (WordPress)Rédiger des articles à partir des activités terrainAnimer les réseaux sociaux (Facebook, Instagram, TikTok)Élaborer et suivre un calendrier éditorialCréer des visuels simples (Canva)Réaliser de courtes vidéos (30 à 90 secondes)Participer à la diffusion d’une newsletter trimestrielleOrganiser les contenus (photos, vidéos, documents)-Objectif: remettre en place une communication régulière, structurée et fiable-Structuration des supports-Harmoniser les documents institutionnels (plaquette, supports, etc.)-Organiser une banque d’images et de vidéos-Mettre en forme les rapports d’activité-Appuyer la rédaction de projets et dossiers-Adaptation des contenusVous adaptez la communication selon les publics :Parrains et bénévolesDonateursGrand publicFuturs bénévoles / stagiairesPartenaires institutionnels-Profil recherchéIndispensable :Expérience antérieure de 5 ans en entreprise ou associationExcellente rédaction en françaisBonne maîtrise des réseaux sociauxConnaissance de WordPressMaîtrise de Canva (ou équivalent)Capacité à faire des montages vidéo simplesOrganisation, autonomie et rigueurBonne maîtrise des outils bureautiquesAtouts supplémentaires :Expérience dans une ONG ou associationConnaissance du contexte sénégalaisSensibilité aux enjeux sociauxMaîtrise de DropboxNotions d’anglais-Conditions-CDD de 6 mois renouvelable-Temps plein privilégié (¾ temps partiel possible)-Télétravail partiel avec présence à Saly (minimum 2 jours/semaine)-Rémunération selon profil et expérience-Évaluation à 6 mois-Pourquoi rejoindre ALEFS ?Un poste utile et concret, avec un impact directUne association reconnue localementUne grande autonomie dans le travailUne mission porteuse de sens",alefsenegal@gmail.com,https://senjob.com/sn/jobseekers/chargé-de-communication_e_161258.html
04 Assistant(e)s Techniques SAME (MATAM),N/A,matam,"Administration, Services généraux | Qualité, Sécurité, Environnement | Ingénierie, Etudes, Projets, Recherche | Organisation non gouvernementale, Association | Energie, Eau, Environnement",N/A,N/A,"NOM Assistant (e) technique ClimateRiceRÔLE Assistant.e TechniquesNIVEAU DE CONTRIBUTION V7MISSION SénégalBASE MatamDOMAINE Production /Mise en œuvre de projetsDEPARTMENT Mise en œuvre Projets MissionsCATÉGORIE PROFESSIONELLE Assistants(es) / Adjoints terrainACCOMPAGNÉ(E) NonGESTION D'ÉQUIPE NonBUDGET SNDKF0X0 - Dakar. Finanzas MisionesSUPERVISEUR  Chef de projetEXPLICATION DE CONTEXTEAction Contre la Faim met en œuvre au Sénégal des programmes visant à renforcer la résilience des communautés face à l’insécurité alimentaire, en intégrant de plus en plus les enjeux liés au changement climatique et à la durabilité des systèmes de production. Dans ce cadre, le projet ClimateRice vise à promouvoir des pratiques de riziculture durable dans la vallée du fleuve Sénégal, notamment à travers le développement du Système de Riziculture Intensive (SRI), permettant d’améliorer la productivité tout en optimisant l’utilisation de l’eau et en réduisant les émissions de gaz à effet de serre.Le projet s’inscrit également dans une approche innovante visant à explorer et développer des mécanismes de financement climatique, en particulier les crédits carbones, en partenariat avec des acteurs techniques et institutionnels tels que la SAED et CarbonFarm. Cette phase pilote constitue une étape clé pour tester la faisabilité technique et opérationnelle de ces approches, avec une perspective de mise à l’échelle à plus grande échelle en cas de résultats probants.ACCIÓN CONTRA EL HAMBRERÉSUMÉ DE JOB PROPOS GÉNÉRALL’Assistant(e) Technique appuie la mise en œuvre du projet Climate Rice en accompagnant les producteurs et productrices dans l’adoption des pratiques du Système de Riziculture Intensive (SRI), notamment les techniques de gestion optimisée de l’eau (AWD).Il/elle contribue au changement de pratiques agricoles à travers un appui technique de proximité et favorise l’engagement des acteurs communautaires. En collaboration avec le/la Chef(fe) de Projet, il/elle assure la collecte et la transmission des données du projet, notamment dans le cadre du système de suivi, rapportage et vérification (MRV).Il/elle travaille en lien étroit avec les partenaires (SAED, ANCAR, collectivités, organisations de producteurs) afin de garantir une mise en œuvre efficace et coordonnée du projet.FONCTIONS ET RESPONSABILITÉS PRINCIPALESObjectif 1: Assurer la représentation d’ACF auprès des partenaires locauxParticiper aux réunions de coordination avec les partenairesAssurer une collaboration étroite avec les acteurs communautaires et institutionnelsSensibiliser les producteurs et productrices aux objectifs du projet et favoriser leur adhésionPromouvoir la participation active des femmes et des jeunesObjectif 2: Assurer l’accompagnement technique des producteurs et productrices de riz• Participer à l´identification des producteurs et productrices et appuyer la formalisation des accords de participation au projet• Former et accompagner les producteurs sur les pratiques du SRI (repiquage, gestion de l’eau/AWD, fertilisation, etc.)• Assurer le suivi régulier des parcelles et appuyer la mise en œuvre des activités• Contribuer à la planification et à l’exécution des activités communautaires• Superviser les producteurs et productrices dans l’adoption de bonnes pratiques culturales du SRI (Planage, Semis, repiquage, désherbage, épandage d’amendement organique, gestion de la lame d’eau…)• Participer aux actions de sensibilisation sur la pratique SRI (radios, sessions communautaires)• Anticiper tout problème lié à la mise en œuvre des activités sur le terrain et participer à l´identification de solutions dans les meilleurs délaisObjectif 3 :Appuyer le Suivi, l’évaluation et capitalisation du projet Asurer le suivi opérationnel des activités et la mise à jour des plannings d’activités ;• Contribuer à la qualité, la collecte, la transmission des données (MRV) et l’archivage Participer au reporting (hebdomadaire, mensuel)• Appuyer le système de suivi-évaluation en lien avec le MEAL Officer Participer aux réunions de projet et aux cadres de concertation  *• Contribuer à la mise en place du mécanisme de redevabilité communautaire Réaliser toute autre tâche demandée par le management du projet.PROCESS MP2.1-P3 - ExecutionBESOINS DU POSTE COMPÉTENCESTravail en équipe Motivation Organisation et planification Communication efficace et synthèse Capacité d'analyse Négociation Orientation aux résultats Analyse et résolution des problèmes/conflitsCOMPÉTENCES, CONNAISSANCES ET AUTRES REQUIS-Bac +3/4 en Agronomie, Génie Rural, développement communautaire, Climatologie, Changement Climatique et Développement Durable, Economie Rurale, Environnement ou toute autre discipline équivalente.-Au moins 2 à 3 ans d’expérience dans la mise en œuvre ou l’animation de projets de développement, notamment dans les domaines de la sécurité alimentaire, du développement rural, du changement climatique ou des activités génératrices de revenus-Titulaire d’un permis pour la conduite de moto (obligatoire)-Bonne compréhension du cycle de gestion de projet.-Des enjeux liés au genre et au changement de pratiques (approches comportementales)  y-Bonne capacité de communication, d’animation et de facilitation communautaire-Bonnes capacités d’analyse et de rédaction ;-Maîtrise des outils informatiques et bureautique.-La maitrise des outils numériques de collecte de données est un atout-Connaissance des organisations paysannes et des dynamiques communautaires-Connaissance des principes d’agroécologie et des systèmes agricoles irrigués (idéalement riziculture)-Expérience dans un projet agricole, idéalement en lien avec la riziculture-Expérience en formation, accompagnement et encadrement de producteurs ou d’équipes multidisciplinaires et dans l’accompagnement des organisations paysannes ou faitières-Expérience dans des projets impliquant un changement de pratiques (agricoles ou communautaires)-Expérience de travail dans la région de Matam ou dans un contexte similaire-Bonne capacité d’organisation, de planification et sens de la rigueur-Capacité d’adaptation et flexibilité dans un environnement de travail dynamique.-Aptitude à travailler en équipe et à contribuer à un bon climat de travail-Capacité à travailler de manière autonome, avec esprit d’initiative-Bonne résistance au stress et capacité à gérer la pression ;-Capacités de communication, de médiation et de résolution de conflits-Capacité à évoluer dans un environnement multiculturel et multidisciplinaire-Intérêt pour l’apprentissage continu et le renforcement de ses compétencesENGAGEMENTS ENVERS L'ÉGALITÉ DES GENRES ET LA TOLÉRANCE ZÉRO AUX ABUSLe/la titulaire du poste est tenu(e) d’adopter un comportement conforme aux principes éthiques de l’organisation, de signaler toute situation de risque ou de violation et de contribuer à la création d’un environnement de travail sûr, respectueux et inclusif.",N/A,https://senjob.com/sn/jobseekers/04-assistant-e-s-techniques-same--matam-_e_161530.html
Chargé de communication,gmail,SALY (MBOU...,"Marketing, Communication | Organisation non gouvernementale, Association | Communication, Marketing, Médias",N/A,N/A,"À propos de nousL’association ALEFS intervient à SALY / MBOURl dans les domaines de l’éducation et de l’accompagnement des enfants et des femmes vulnérables.Forte de plusieurs années d’engagement et d’actions concrètes sur le terrain, ALEFS souhaite aujourd’hui renforcer sa communication pour :-mieux valoriser ses actions,-développer sa visibilité,-structurer ses outils,-et préparer des partenariats avec des acteurs institutionnels.Le posteNous recrutons un(e) Chargé(e) de communication opérationnel(le) capable de produire, organiser et diffuser les contenus de communication de l’association.-Il s’agit d’un poste très concret, orienté action, avec un impact direct sur la visibilité de l’association.-Vos missions-Communication quotidienne (priorité)Mettre à jour le site internet (WordPress)Rédiger des articles à partir des activités terrainAnimer les réseaux sociaux (Facebook, Instagram, TikTok)Élaborer et suivre un calendrier éditorialCréer des visuels simples (Canva)Réaliser de courtes vidéos (30 à 90 secondes)Participer à la diffusion d’une newsletter trimestrielleOrganiser les contenus (photos, vidéos, documents)-Objectif: remettre en place une communication régulière, structurée et fiable-Structuration des supports-Harmoniser les documents institutionnels (plaquette, supports, etc.)-Organiser une banque d’images et de vidéos-Mettre en forme les rapports d’activité-Appuyer la rédaction de projets et dossiers-Adaptation des contenusVous adaptez la communication selon les publics :Parrains et bénévolesDonateursGrand publicFuturs bénévoles / stagiairesPartenaires institutionnels-Profil recherchéIndispensable :Expérience antérieure de 5 ans en entreprise ou associationExcellente rédaction en françaisBonne maîtrise des réseaux sociauxConnaissance de WordPressMaîtrise de Canva (ou équivalent)Capacité à faire des montages vidéo simplesOrganisation, autonomie et rigueurBonne maîtrise des outils bureautiquesAtouts supplémentaires :Expérience dans une ONG ou associationConnaissance du contexte sénégalaisSensibilité aux enjeux sociauxMaîtrise de DropboxNotions d’anglais-Conditions-CDD de 6 mois renouvelable-Temps plein privilégié (¾ temps partiel possible)-Télétravail partiel avec présence à Saly (minimum 2 jours/semaine)-Rémunération selon profil et expérience-Évaluation à 6 mois-Pourquoi rejoindre ALEFS ?Un poste utile et concret, avec un impact directUne association reconnue localementUne grande autonomie dans le travailUne mission porteuse de sens",alefsenegal@gmail.com,https://senjob.com/sn/jobseekers/chargé-de-communication_e_161258.html
04 Assistant(e)s Techniques SAME (MATAM),N/A,matam,"Administration, Services généraux | Qualité, Sécurité, Environnement | Ingénierie, Etudes, Projets, Recherche | Organisation non gouvernementale, Association | Energie, Eau, Environnement",N/A,N/A,"NOM Assistant (e) technique ClimateRiceRÔLE Assistant.e TechniquesNIVEAU DE CONTRIBUTION V7MISSION SénégalBASE MatamDOMAINE Production /Mise en œuvre de projetsDEPARTMENT Mise en œuvre Projets MissionsCATÉGORIE PROFESSIONELLE Assistants(es) / Adjoints terrainACCOMPAGNÉ(E) NonGESTION D'ÉQUIPE NonBUDGET SNDKF0X0 - Dakar. Finanzas MisionesSUPERVISEUR  Chef de projetEXPLICATION DE CONTEXTEAction Contre la Faim met en œuvre au Sénégal des programmes visant à renforcer la résilience des communautés face à l’insécurité alimentaire, en intégrant de plus en plus les enjeux liés au changement climatique et à la durabilité des systèmes de production. Dans ce cadre, le projet ClimateRice vise à promouvoir des pratiques de riziculture durable dans la vallée du fleuve Sénégal, notamment à travers le développement du Système de Riziculture Intensive (SRI), permettant d’améliorer la productivité tout en optimisant l’utilisation de l’eau et en réduisant les émissions de gaz à effet de serre.Le projet s’inscrit également dans une approche innovante visant à explorer et développer des mécanismes de financement climatique, en particulier les crédits carbones, en partenariat avec des acteurs techniques et institutionnels tels que la SAED et CarbonFarm. Cette phase pilote constitue une étape clé pour tester la faisabilité technique et opérationnelle de ces approches, avec une perspective de mise à l’échelle à plus grande échelle en cas de résultats probants.ACCIÓN CONTRA EL HAMBRERÉSUMÉ DE JOB PROPOS GÉNÉRALL’Assistant(e) Technique appuie la mise en œuvre du projet Climate Rice en accompagnant les producteurs et productrices dans l’adoption des pratiques du Système de Riziculture Intensive (SRI), notamment les techniques de gestion optimisée de l’eau (AWD).Il/elle contribue au changement de pratiques agricoles à travers un appui technique de proximité et favorise l’engagement des acteurs communautaires. En collaboration avec le/la Chef(fe) de Projet, il/elle assure la collecte et la transmission des données du projet, notamment dans le cadre du système de suivi, rapportage et vérification (MRV).Il/elle travaille en lien étroit avec les partenaires (SAED, ANCAR, collectivités, organisations de producteurs) afin de garantir une mise en œuvre efficace et coordonnée du projet.FONCTIONS ET RESPONSABILITÉS PRINCIPALESObjectif 1: Assurer la représentation d’ACF auprès des partenaires locauxParticiper aux réunions de coordination avec les partenairesAssurer une collaboration étroite avec les acteurs communautaires et institutionnelsSensibiliser les producteurs et productrices aux objectifs du projet et favoriser leur adhésionPromouvoir la participation active des femmes et des jeunesObjectif 2: Assurer l’accompagnement technique des producteurs et productrices de riz• Participer à l´identification des producteurs et productrices et appuyer la formalisation des accords de participation au projet• Former et accompagner les producteurs sur les pratiques du SRI (repiquage, gestion de l’eau/AWD, fertilisation, etc.)• Assurer le suivi régulier des parcelles et appuyer la mise en œuvre des activités• Contribuer à la planification et à l’exécution des activités communautaires• Superviser les producteurs et productrices dans l’adoption de bonnes pratiques culturales du SRI (Planage, Semis, repiquage, désherbage, épandage d’amendement organique, gestion de la lame d’eau…)• Participer aux actions de sensibilisation sur la pratique SRI (radios, sessions communautaires)• Anticiper tout problème lié à la mise en œuvre des activités sur le terrain et participer à l´identification de solutions dans les meilleurs délaisObjectif 3 :Appuyer le Suivi, l’évaluation et capitalisation du projet Asurer le suivi opérationnel des activités et la mise à jour des plannings d’activités ;• Contribuer à la qualité, la collecte, la transmission des données (MRV) et l’archivage Participer au reporting (hebdomadaire, mensuel)• Appuyer le système de suivi-évaluation en lien avec le MEAL Officer Participer aux réunions de projet et aux cadres de concertation  *• Contribuer à la mise en place du mécanisme de redevabilité communautaire Réaliser toute autre tâche demandée par le management du projet.PROCESS MP2.1-P3 - ExecutionBESOINS DU POSTE COMPÉTENCESTravail en équipe Motivation Organisation et planification Communication efficace et synthèse Capacité d'analyse Négociation Orientation aux résultats Analyse et résolution des problèmes/conflitsCOMPÉTENCES, CONNAISSANCES ET AUTRES REQUIS-Bac +3/4 en Agronomie, Génie Rural, développement communautaire, Climatologie, Changement Climatique et Développement Durable, Economie Rurale, Environnement ou toute autre discipline équivalente.-Au moins 2 à 3 ans d’expérience dans la mise en œuvre ou l’animation de projets de développement, notamment dans les domaines de la sécurité alimentaire, du développement rural, du changement climatique ou des activités génératrices de revenus-Titulaire d’un permis pour la conduite de moto (obligatoire)-Bonne compréhension du cycle de gestion de projet.-Des enjeux liés au genre et au changement de pratiques (approches comportementales)  y-Bonne capacité de communication, d’animation et de facilitation communautaire-Bonnes capacités d’analyse et de rédaction ;-Maîtrise des outils informatiques et bureautique.-La maitrise des outils numériques de collecte de données est un atout-Connaissance des organisations paysannes et des dynamiques communautaires-Connaissance des principes d’agroécologie et des systèmes agricoles irrigués (idéalement riziculture)-Expérience dans un projet agricole, idéalement en lien avec la riziculture-Expérience en formation, accompagnement et encadrement de producteurs ou d’équipes multidisciplinaires et dans l’accompagnement des organisations paysannes ou faitières-Expérience dans des projets impliquant un changement de pratiques (agricoles ou communautaires)-Expérience de travail dans la région de Matam ou dans un contexte similaire-Bonne capacité d’organisation, de planification et sens de la rigueur-Capacité d’adaptation et flexibilité dans un environnement de travail dynamique.-Aptitude à travailler en équipe et à contribuer à un bon climat de travail-Capacité à travailler de manière autonome, avec esprit d’initiative-Bonne résistance au stress et capacité à gérer la pression ;-Capacités de communication, de médiation et de résolution de conflits-Capacité à évoluer dans un environnement multiculturel et multidisciplinaire-Intérêt pour l’apprentissage continu et le renforcement de ses compétencesENGAGEMENTS ENVERS L'ÉGALITÉ DES GENRES ET LA TOLÉRANCE ZÉRO AUX ABUSLe/la titulaire du poste est tenu(e) d’adopter un comportement conforme aux principes éthiques de l’organisation, de signaler toute situation de risque ou de violation et de contribuer à la création d’un environnement de travail sûr, respectueux et inclusif.",N/A,https://senjob.com/sn/jobseekers/04-assistant-e-s-techniques-same--matam-_e_161530.html
Agents distributeur,N/A,zone rural...,"Marketing, Communication | Services et Prestations aux Entreprises | Distribution, Commerce, Import-Export",N/A,N/A,"A propos de nous :SamaMbey SUARL est une entreprise sociale évoluant dans le domaine agricole.Nous intervenons dans de nombreuses régions du Sénégal. Sama Mbey vise à améliorer les conditions de vie des petits producteurs en milieu rural et veut les aider à sortir de la pauvreté.Chez SamaMbey les petits agriculteurs peuvent se financer s'ils ont le bon outil pour payer petit à petit en avance pour les intrants. Notre vision et objectif à travers notre Étoile polaire sont de travailler avec 1 million de petits producteurs à l’horizon 2026. En plus, SamaMbey Suarl s’engage dans le domaine du développement communautaire en menant  des actions de sensibilisation en nutrition, santé et hygiène.Intitulé du poste :Agent distributeurLocalisation :La prestation se déroulera en milieu rural, dans les zones d'intervention de Sama Mbey, réparties sur trois régions administratives du Sénégal : Matam  Bakel, Hamady Ounare, Matam, Thilogne Kolda    Dabo, Bourocco,Kounkane, Médina Yoro Foula, Tanaff, Vélingara Sédhiou / Ziguinchor Bignona, Bounkiling, Diattacounda, Marsassoum, Médina WandifaNombre de postes:36Type de contrat:Prestation de serviceRôles et responsabilitésLes agents distributeurs auront pour missions :1. VENTE & MOBILISATION- Développement commercial- Assister l'équipe de vente dans l'atteinte des objectifs de paquets finis- Réviser l'outil « Constitution de paquet 2026 » pour le maîtriser- Organiser les intrants selon l'outil de déchargement/chargement- Préparer des lots de paquets en avance- Assister à la formation distributeur organisée par le FC de la zone- Expliquer le contenu de chaque paquet au client- S'assurer que chaque client confirme avoir reçu 100 % des éléments inclus dans son paquet livré- Organiser les intrants restants pour assurer le chargement rapide du camion- Appuyer le chargement des intrants restants- Prospecter activement de nouveaux clients et fidéliser les producteurs existants2. LIVRAISON & SUIVI LOGISTIQUE- Gestion opérationnelle des livraisons- Être présent sur le site de livraison du début à la clôture.- Remplir les bordereaux de livraison.- Effectuer le décompte des paquets en début et fin de journée, et reporter les chiffres sur le bordereau.Cette liste n’est pas exhaustive, ces activités peuvent être adaptées aux besoins spécifiques de Sama Mbey, ainsi qu’aux objectifs et ressources disponibles.Compétences requises1. SAVOIR-FAIRE (Compétences techniques)- Expérience en vente et mobilisation communautaire en milieu rural.- Capacité à gérer des opérations logistiques (décomptes, bordereaux).- Connaissance du secteur agricole  (un atout).2. SAVOIR-ÊTRE (Qualités personnelles)- Force de persuasion : Capacité à convaincre les producteurs et motiver les VEs.- Rigueur et organisation : Respect strict des procédures de livraison et de reporting.- Autonomie et réactivité : Capacité à travailler en zone rurale avec des contraintes logistiques.- Esprit d’équipe : Collaboration étroite avec les VEs et le staff Sama Mbey.Autres compétences souhaitées:- Flexible : Sama Mbey est une organisation en pleine croissance qui se caractérise par des changements réguliers;- Humble : la personne est capable de partager ses connaissances tout en étant à l'écoute des défis des producteurs;- Efficace et proactif: la personne sait faire preuve d’autonomie et de créativité afin d’organiser ses activités;- Orienté vers l’action : la personne sait analyser les données et interpréter les chiffres afin de proposer et de développer des actions;- Ouvert aux retours constructifs.Le candidat idéal doit:- Avoir une expérience professionnelle antérieure dans le domaine du coaching/développement des compétences;- Être originaire de la zone pour laquelle il postule (myAgro recrute à travers plusieurs zones);Profil recherché- Minimum niveau Bac avec une expérience probante en agronomie, en développement communautaire ou dans un autre domaine connexe;- 1 an d’expérience prouvée et vérifiée en tant que agent de terrain;- Capacité à se focaliser sur l’atteinte des résultats;- Excellentes compétences en communication et en travail d’équipe,- Maîtrise orale et écrite, en français et wolof, mandingue, poular (selon la zone);- La connaissance d’autres langues locales est considérée un atout;- Maîtrise de l’outil informatique.Sama Mbey est un employeur garantissant l'égalité des chances. Nous célébrons la diversité et nous nous engageons à créer un espace inclusif permettant à tous les employés de se sentir valorisés pour leurs compétences, leurs expériences et leur point de vue unique. Sama Mbey offre des opportunités d'emploi égales à tous les employés et candidats sans distinction de race, de couleur, de religion, d'orientation sexuelle, de statut matrimonial/parental, d'origine nationale, d'âge, de handicap, d'opinion politique, de statut social, de statut d'ancien combattant, de génétique ou de toute autre base protégée par la loi applicable.",N/A,https://senjob.com/sn/jobseekers/agents-distributeur_e_161306.html
Chargé de communication,gmail,SALY (MBOU...,"Marketing, Communication | Organisation non gouvernementale, Association | Communication, Marketing, Médias",N/A,N/A,"À propos de nousL’association ALEFS intervient à SALY / MBOURl dans les domaines de l’éducation et de l’accompagnement des enfants et des femmes vulnérables.Forte de plusieurs années d’engagement et d’actions concrètes sur le terrain, ALEFS souhaite aujourd’hui renforcer sa communication pour :-mieux valoriser ses actions,-développer sa visibilité,-structurer ses outils,-et préparer des partenariats avec des acteurs institutionnels.Le posteNous recrutons un(e) Chargé(e) de communication opérationnel(le) capable de produire, organiser et diffuser les contenus de communication de l’association.-Il s’agit d’un poste très concret, orienté action, avec un impact direct sur la visibilité de l’association.-Vos missions-Communication quotidienne (priorité)Mettre à jour le site internet (WordPress)Rédiger des articles à partir des activités terrainAnimer les réseaux sociaux (Facebook, Instagram, TikTok)Élaborer et suivre un calendrier éditorialCréer des visuels simples (Canva)Réaliser de courtes vidéos (30 à 90 secondes)Participer à la diffusion d’une newsletter trimestrielleOrganiser les contenus (photos, vidéos, documents)-Objectif: remettre en place une communication régulière, structurée et fiable-Structuration des supports-Harmoniser les documents institutionnels (plaquette, supports, etc.)-Organiser une banque d’images et de vidéos-Mettre en forme les rapports d’activité-Appuyer la rédaction de projets et dossiers-Adaptation des contenusVous adaptez la communication selon les publics :Parrains et bénévolesDonateursGrand publicFuturs bénévoles / stagiairesPartenaires institutionnels-Profil recherchéIndispensable :Expérience antérieure de 5 ans en entreprise ou associationExcellente rédaction en françaisBonne maîtrise des réseaux sociauxConnaissance de WordPressMaîtrise de Canva (ou équivalent)Capacité à faire des montages vidéo simplesOrganisation, autonomie et rigueurBonne maîtrise des outils bureautiquesAtouts supplémentaires :Expérience dans une ONG ou associationConnaissance du contexte sénégalaisSensibilité aux enjeux sociauxMaîtrise de DropboxNotions d’anglais-Conditions-CDD de 6 mois renouvelable-Temps plein privilégié (¾ temps partiel possible)-Télétravail partiel avec présence à Saly (minimum 2 jours/semaine)-Rémunération selon profil et expérience-Évaluation à 6 mois-Pourquoi rejoindre ALEFS ?Un poste utile et concret, avec un impact directUne association reconnue localementUne grande autonomie dans le travailUne mission porteuse de sens",alefsenegal@gmail.com,https://senjob.com/sn/jobseekers/chargé-de-communication_e_161258.html
Agents distributeur,N/A,zone rural...,"Marketing, Communication | Services et Prestations aux Entreprises | Distribution, Commerce, Import-Export",N/A,N/A,"A propos de nous :SamaMbey SUARL est une entreprise sociale évoluant dans le domaine agricole.Nous intervenons dans de nombreuses régions du Sénégal. Sama Mbey vise à améliorer les conditions de vie des petits producteurs en milieu rural et veut les aider à sortir de la pauvreté.Chez SamaMbey les petits agriculteurs peuvent se financer s'ils ont le bon outil pour payer petit à petit en avance pour les intrants. Notre vision et objectif à travers notre Étoile polaire sont de travailler avec 1 million de petits producteurs à l’horizon 2026. En plus, SamaMbey Suarl s’engage dans le domaine du développement communautaire en menant  des actions de sensibilisation en nutrition, santé et hygiène.Intitulé du poste :Agent distributeurLocalisation :La prestation se déroulera en milieu rural, dans les zones d'intervention de Sama Mbey, réparties sur trois régions administratives du Sénégal : Matam  Bakel, Hamady Ounare, Matam, Thilogne Kolda    Dabo, Bourocco,Kounkane, Médina Yoro Foula, Tanaff, Vélingara Sédhiou / Ziguinchor Bignona, Bounkiling, Diattacounda, Marsassoum, Médina WandifaNombre de postes:36Type de contrat:Prestation de serviceRôles et responsabilitésLes agents distributeurs auront pour missions :1. VENTE & MOBILISATION- Développement commercial- Assister l'équipe de vente dans l'atteinte des objectifs de paquets finis- Réviser l'outil « Constitution de paquet 2026 » pour le maîtriser- Organiser les intrants selon l'outil de déchargement/chargement- Préparer des lots de paquets en avance- Assister à la formation distributeur organisée par le FC de la zone- Expliquer le contenu de chaque paquet au client- S'assurer que chaque client confirme avoir reçu 100 % des éléments inclus dans son paquet livré- Organiser les intrants restants pour assurer le chargement rapide du camion- Appuyer le chargement des intrants restants- Prospecter activement de nouveaux clients et fidéliser les producteurs existants2. LIVRAISON & SUIVI LOGISTIQUE- Gestion opérationnelle des livraisons- Être présent sur le site de livraison du début à la clôture.- Remplir les bordereaux de livraison.- Effectuer le décompte des paquets en début et fin de journée, et reporter les chiffres sur le bordereau.Cette liste n’est pas exhaustive, ces activités peuvent être adaptées aux besoins spécifiques de Sama Mbey, ainsi qu’aux objectifs et ressources disponibles.Compétences requises1. SAVOIR-FAIRE (Compétences techniques)- Expérience en vente et mobilisation communautaire en milieu rural.- Capacité à gérer des opérations logistiques (décomptes, bordereaux).- Connaissance du secteur agricole  (un atout).2. SAVOIR-ÊTRE (Qualités personnelles)- Force de persuasion : Capacité à convaincre les producteurs et motiver les VEs.- Rigueur et organisation : Respect strict des procédures de livraison et de reporting.- Autonomie et réactivité : Capacité à travailler en zone rurale avec des contraintes logistiques.- Esprit d’équipe : Collaboration étroite avec les VEs et le staff Sama Mbey.Autres compétences souhaitées:- Flexible : Sama Mbey est une organisation en pleine croissance qui se caractérise par des changements réguliers;- Humble : la personne est capable de partager ses connaissances tout en étant à l'écoute des défis des producteurs;- Efficace et proactif: la personne sait faire preuve d’autonomie et de créativité afin d’organiser ses activités;- Orienté vers l’action : la personne sait analyser les données et interpréter les chiffres afin de proposer et de développer des actions;- Ouvert aux retours constructifs.Le candidat idéal doit:- Avoir une expérience professionnelle antérieure dans le domaine du coaching/développement des compétences;- Être originaire de la zone pour laquelle il postule (myAgro recrute à travers plusieurs zones);Profil recherché- Minimum niveau Bac avec une expérience probante en agronomie, en développement communautaire ou dans un autre domaine connexe;- 1 an d’expérience prouvée et vérifiée en tant que agent de terrain;- Capacité à se focaliser sur l’atteinte des résultats;- Excellentes compétences en communication et en travail d’équipe,- Maîtrise orale et écrite, en français et wolof, mandingue, poular (selon la zone);- La connaissance d’autres langues locales est considérée un atout;- Maîtrise de l’outil informatique.Sama Mbey est un employeur garantissant l'égalité des chances. Nous célébrons la diversité et nous nous engageons à créer un espace inclusif permettant à tous les employés de se sentir valorisés pour leurs compétences, leurs expériences et leur point de vue unique. Sama Mbey offre des opportunités d'emploi égales à tous les employés et candidats sans distinction de race, de couleur, de religion, d'orientation sexuelle, de statut matrimonial/parental, d'origine nationale, d'âge, de handicap, d'opinion politique, de statut social, de statut d'ancien combattant, de génétique ou de toute autre base protégée par la loi applicable.",N/A,https://senjob.com/sn/jobseekers/agents-distributeur_e_161306.html
04 Assistant(e)s Techniques SAME (MATAM),N/A,matam,"Administration, Services généraux | Qualité, Sécurité, Environnement | Ingénierie, Etudes, Projets, Recherche | Organisation non gouvernementale, Association | Energie, Eau, Environnement",N/A,N/A,"NOM Assistant (e) technique ClimateRiceRÔLE Assistant.e TechniquesNIVEAU DE CONTRIBUTION V7MISSION SénégalBASE MatamDOMAINE Production /Mise en œuvre de projetsDEPARTMENT Mise en œuvre Projets MissionsCATÉGORIE PROFESSIONELLE Assistants(es) / Adjoints terrainACCOMPAGNÉ(E) NonGESTION D'ÉQUIPE NonBUDGET SNDKF0X0 - Dakar. Finanzas MisionesSUPERVISEUR  Chef de projetEXPLICATION DE CONTEXTEAction Contre la Faim met en œuvre au Sénégal des programmes visant à renforcer la résilience des communautés face à l’insécurité alimentaire, en intégrant de plus en plus les enjeux liés au changement climatique et à la durabilité des systèmes de production. Dans ce cadre, le projet ClimateRice vise à promouvoir des pratiques de riziculture durable dans la vallée du fleuve Sénégal, notamment à travers le développement du Système de Riziculture Intensive (SRI), permettant d’améliorer la productivité tout en optimisant l’utilisation de l’eau et en réduisant les émissions de gaz à effet de serre.Le projet s’inscrit également dans une approche innovante visant à explorer et développer des mécanismes de financement climatique, en particulier les crédits carbones, en partenariat avec des acteurs techniques et institutionnels tels que la SAED et CarbonFarm. Cette phase pilote constitue une étape clé pour tester la faisabilité technique et opérationnelle de ces approches, avec une perspective de mise à l’échelle à plus grande échelle en cas de résultats probants.ACCIÓN CONTRA EL HAMBRERÉSUMÉ DE JOB PROPOS GÉNÉRALL’Assistant(e) Technique appuie la mise en œuvre du projet Climate Rice en accompagnant les producteurs et productrices dans l’adoption des pratiques du Système de Riziculture Intensive (SRI), notamment les techniques de gestion optimisée de l’eau (AWD).Il/elle contribue au changement de pratiques agricoles à travers un appui technique de proximité et favorise l’engagement des acteurs communautaires. En collaboration avec le/la Chef(fe) de Projet, il/elle assure la collecte et la transmission des données du projet, notamment dans le cadre du système de suivi, rapportage et vérification (MRV).Il/elle travaille en lien étroit avec les partenaires (SAED, ANCAR, collectivités, organisations de producteurs) afin de garantir une mise en œuvre efficace et coordonnée du projet.FONCTIONS ET RESPONSABILITÉS PRINCIPALESObjectif 1: Assurer la représentation d’ACF auprès des partenaires locauxParticiper aux réunions de coordination avec les partenairesAssurer une collaboration étroite avec les acteurs communautaires et institutionnelsSensibiliser les producteurs et productrices aux objectifs du projet et favoriser leur adhésionPromouvoir la participation active des femmes et des jeunesObjectif 2: Assurer l’accompagnement technique des producteurs et productrices de riz• Participer à l´identification des producteurs et productrices et appuyer la formalisation des accords de participation au projet• Former et accompagner les producteurs sur les pratiques du SRI (repiquage, gestion de l’eau/AWD, fertilisation, etc.)• Assurer le suivi régulier des parcelles et appuyer la mise en œuvre des activités• Contribuer à la planification et à l’exécution des activités communautaires• Superviser les producteurs et productrices dans l’adoption de bonnes pratiques culturales du SRI (Planage, Semis, repiquage, désherbage, épandage d’amendement organique, gestion de la lame d’eau…)• Participer aux actions de sensibilisation sur la pratique SRI (radios, sessions communautaires)• Anticiper tout problème lié à la mise en œuvre des activités sur le terrain et participer à l´identification de solutions dans les meilleurs délaisObjectif 3 :Appuyer le Suivi, l’évaluation et capitalisation du projet Asurer le suivi opérationnel des activités et la mise à jour des plannings d’activités ;• Contribuer à la qualité, la collecte, la transmission des données (MRV) et l’archivage Participer au reporting (hebdomadaire, mensuel)• Appuyer le système de suivi-évaluation en lien avec le MEAL Officer Participer aux réunions de projet et aux cadres de concertation  *• Contribuer à la mise en place du mécanisme de redevabilité communautaire Réaliser toute autre tâche demandée par le management du projet.PROCESS MP2.1-P3 - ExecutionBESOINS DU POSTE COMPÉTENCESTravail en équipe Motivation Organisation et planification Communication efficace et synthèse Capacité d'analyse Négociation Orientation aux résultats Analyse et résolution des problèmes/conflitsCOMPÉTENCES, CONNAISSANCES ET AUTRES REQUIS-Bac +3/4 en Agronomie, Génie Rural, développement communautaire, Climatologie, Changement Climatique et Développement Durable, Economie Rurale, Environnement ou toute autre discipline équivalente.-Au moins 2 à 3 ans d’expérience dans la mise en œuvre ou l’animation de projets de développement, notamment dans les domaines de la sécurité alimentaire, du développement rural, du changement climatique ou des activités génératrices de revenus-Titulaire d’un permis pour la conduite de moto (obligatoire)-Bonne compréhension du cycle de gestion de projet.-Des enjeux liés au genre et au changement de pratiques (approches comportementales)  y-Bonne capacité de communication, d’animation et de facilitation communautaire-Bonnes capacités d’analyse et de rédaction ;-Maîtrise des outils informatiques et bureautique.-La maitrise des outils numériques de collecte de données est un atout-Connaissance des organisations paysannes et des dynamiques communautaires-Connaissance des principes d’agroécologie et des systèmes agricoles irrigués (idéalement riziculture)-Expérience dans un projet agricole, idéalement en lien avec la riziculture-Expérience en formation, accompagnement et encadrement de producteurs ou d’équipes multidisciplinaires et dans l’accompagnement des organisations paysannes ou faitières-Expérience dans des projets impliquant un changement de pratiques (agricoles ou communautaires)-Expérience de travail dans la région de Matam ou dans un contexte similaire-Bonne capacité d’organisation, de planification et sens de la rigueur-Capacité d’adaptation et flexibilité dans un environnement de travail dynamique.-Aptitude à travailler en équipe et à contribuer à un bon climat de travail-Capacité à travailler de manière autonome, avec esprit d’initiative-Bonne résistance au stress et capacité à gérer la pression ;-Capacités de communication, de médiation et de résolution de conflits-Capacité à évoluer dans un environnement multiculturel et multidisciplinaire-Intérêt pour l’apprentissage continu et le renforcement de ses compétencesENGAGEMENTS ENVERS L'ÉGALITÉ DES GENRES ET LA TOLÉRANCE ZÉRO AUX ABUSLe/la titulaire du poste est tenu(e) d’adopter un comportement conforme aux principes éthiques de l’organisation, de signaler toute situation de risque ou de violation et de contribuer à la création d’un environnement de travail sûr, respectueux et inclusif.",N/A,https://senjob.com/sn/jobseekers/04-assistant-e-s-techniques-same--matam-_e_161530.html
